# NASA Exoplanet Archive cumulative KOI table, downloaded 2026-08-22 15:44 UTC+1.
# Columns used by fpp/own_fpp.py, in the archive's row order: kepoi_name [-],
# koi_disposition [-], koi_period [d], koi_prad [R_earth].
kepoi_name,koi_disposition,koi_period,koi_prad
K00752.01,CONFIRMED,9.48803557,2.26
K00752.02,CONFIRMED,54.4183827,2.83
K00753.01,CANDIDATE,19.89913995,14.6
K00754.01,FALSE POSITIVE,1.736952453,33.46
K00755.01,CONFIRMED,2.525591777,2.75
K00756.01,CONFIRMED,11.09432054,3.9
K00756.02,CONFIRMED,4.13443512,2.77
K00756.03,CONFIRMED,2.56658897,1.59
K00114.01,FALSE POSITIVE,7.36178958,39.21
K00757.01,CONFIRMED,16.06864674,5.76
K00001.01,CONFIRMED,2.470613377,13.04
K00002.01,CONFIRMED,2.204735417,16.1
K00010.01,CONFIRMED,3.522498429,14.59
K00112.02,CONFIRMED,3.709214104,1.16
K00742.01,FALSE POSITIVE,11.521446064,150.51
K00743.01,FALSE POSITIVE,19.40393776,7.18
K00744.01,FALSE POSITIVE,19.221388942,49.29
K00745.01,FALSE POSITIVE,16.46983774,7.94
K00746.01,CONFIRMED,9.27358173,2.47
K00747.01,CONFIRMED,6.02930329,2.85
K00748.01,FALSE POSITIVE,2.696370652,1.58
K00749.01,CONFIRMED,5.349553819,2.55
K00749.02,CONFIRMED,3.94105221,1.7
K00749.03,CONFIRMED,8.10904807,1.3
K00113.01,FALSE POSITIVE,386.6030528,41.5
K00750.01,CONFIRMED,21.67699193,2.95
K00751.01,CONFIRMED,4.99677968,2.78
K00769.01,CONFIRMED,4.280963604,2.3
K00770.01,FALSE POSITIVE,1.50635409,4.53
K00771.01,FALSE POSITIVE,670.645531,14.14
K00772.01,FALSE POSITIVE,61.2563628,39.87
K00773.01,CONFIRMED,38.3775486,2.82
K00757.02,CONFIRMED,41.19725502,3.86
K00757.03,CONFIRMED,6.252962249,2.65
K00758.01,CONFIRMED,16.01308419,3.1
K00759.01,CONFIRMED,32.62876672,3.36
K00759.02,CONFIRMED,91.7732862,2.12
K00760.01,CONFIRMED,4.959319244,12.21
K00761.01,FALSE POSITIVE,2.701287801,6.54
K00762.01,CONFIRMED,4.49876511,2.1
K00763.01,FALSE POSITIVE,19.651209505,12.42
K00115.01,CONFIRMED,5.412203927,2.94
K00764.01,CONFIRMED,41.43958662,5.5
K00765.01,CONFIRMED,8.35389523,2.52
K00766.01,CONFIRMED,4.125543472,4.43
K00767.01,CONFIRMED,2.816504904,12.21
K00768.01,FALSE POSITIVE,33.93373447,7.34
K00786.01,CONFIRMED,3.689920099,1.89
K00787.01,CONFIRMED,4.431238488,3.25
K00787.02,CONFIRMED,11.37936986,3.95
K00788.01,CONFIRMED,26.39432897,3.07
K00116.01,CONFIRMED,13.57078281,2.64
K00115.02,CONFIRMED,7.12594387,1.79
K00774.01,FALSE POSITIVE,7.442652004,15.03
K00775.01,CONFIRMED,16.38489988,2.0
K00775.02,CONFIRMED,7.8774163,2.16
K00775.03,CONFIRMED,36.4454001,1.99
K00776.01,CONFIRMED,3.728732147,6.02
K00777.01,CANDIDATE,40.4195037,7.51
K00778.01,CONFIRMED,2.243380573,1.99
K00779.01,FALSE POSITIVE,10.405998015,11.23
K00780.01,CONFIRMED,2.337437946,2.34
K00780.02,CANDIDATE,7.2406612,19.45
K00115.03,CANDIDATE,3.43591631,0.55
K00781.01,CONFIRMED,11.59822233,2.65
K00782.01,CONFIRMED,6.575315881,5.31
K00783.01,CONFIRMED,7.275040844,4.86
K00784.01,CONFIRMED,19.27153892,1.93
K00784.02,CONFIRMED,10.06524317,1.91
K00785.01,CONFIRMED,12.3935651,2.66
K00116.02,CONFIRMED,43.84439721,2.87
K00798.01,FALSE POSITIVE,3.341913228,21.55
K00799.01,FALSE POSITIVE,1.626630225,32.43
K00800.01,CONFIRMED,2.711504086,3.12
K00800.02,CONFIRMED,7.21203748,3.32
K00789.01,FALSE POSITIVE,14.1798187,1.88
K00790.01,CONFIRMED,8.47237911,2.59
K00790.02,CONFIRMED,60.4189369,2.36
K00791.01,CONFIRMED,12.611904345,7.4
K00792.01,FALSE POSITIVE,1.433769925,46.58
K00793.01,FALSE POSITIVE,10.31872301,28.59
K00794.01,CONFIRMED,2.539183147,2.06
K00795.01,CONFIRMED,6.770300385,2.77
K00796.01,FALSE POSITIVE,0.444291966,27.51
K00797.01,CANDIDATE,10.181584004,7.73
K00812.02,CONFIRMED,20.06036336,1.96
K00812.03,CONFIRMED,46.1842039,1.83
K00116.04,CONFIRMED,23.9800854,1.31
K00812.04,CONFIRMED,7.82502168,1.2
K00813.01,CONFIRMED,3.895936525,7.34
K00814.01,CONFIRMED,22.36646466,2.32
K00801.01,CONFIRMED,1.625522174,9.73
K00802.01,CANDIDATE,19.620346923,13.6
K00803.01,FALSE POSITIVE,7.544039,17.47
K00804.01,CONFIRMED,9.02930689,2.57
K00805.01,FALSE POSITIVE,10.328035714,13.28
K00806.01,CONFIRMED,143.2063047,8.9
K00116.03,CONFIRMED,6.164876,0.79
K00806.02,CONFIRMED,60.32494216,12.19
K00806.03,CONFIRMED,29.1598615,1.91
K00807.01,FALSE POSITIVE,1.540397253,25.69
K00808.01,FALSE POSITIVE,2.99025443,1.7
K00809.01,CONFIRMED,1.594745374,11.3
K00810.01,CONFIRMED,4.783002698,2.5
K00811.01,CONFIRMED,20.50588921,3.41
K00812.01,CONFIRMED,3.340218842,2.03
K00828.01,FALSE POSITIVE,2.507089906,30.26
K00829.01,CONFIRMED,18.64932728,3.12
K00117.02,CONFIRMED,4.90144976,1.7
K00829.02,CONFIRMED,9.75192101,2.76
K00829.03,CONFIRMED,38.5576546,4.02
K00830.01,CONFIRMED,3.525632539,11.58
K00815.01,CANDIDATE,34.84398644,7.61
K00816.01,CONFIRMED,7.748094239,5.52
K00817.01,CONFIRMED,23.96793669,1.8
K00817.02,CONFIRMED,8.29561738,1.82
K00818.01,CONFIRMED,8.11437482,2.1
K00819.01,FALSE POSITIVE,38.036729482,27.5
K00820.01,CANDIDATE,4.64090031,30.09
K00011.01,FALSE POSITIVE,3.747838198,13.65
K00117.01,CONFIRMED,14.74914825,2.89
K00821.01,CONFIRMED,21.81295996,3.38
K00822.01,FALSE POSITIVE,7.91936937,10.34
K00823.01,CANDIDATE,1.028436523,72.77
K00824.01,CONFIRMED,15.37562369,11.01
K00825.01,CONFIRMED,8.10363271,2.11
K00825.02,CONFIRMED,4.71510843,1.46
K00826.01,CONFIRMED,6.365839713,2.44
K00827.01,FALSE POSITIVE,5.97581754,3.86
K00839.01,FALSE POSITIVE,2.446737317,26.25
K00840.01,CONFIRMED,3.04033046,8.99
K00841.01,CONFIRMED,15.33528675,5.0
K00117.04,CONFIRMED,7.95825328,1.06
K00841.02,CONFIRMED,31.33046135,6.5
K00831.01,FALSE POSITIVE,3.9043425,12.28
K00832.01,FALSE POSITIVE,9.286358079,17.61
K00833.01,FALSE POSITIVE,3.951405455,31.44
K00834.01,CONFIRMED,23.65369415,7.89
K00834.02,CONFIRMED,13.23352214,3.06
K00834.03,CONFIRMED,6.15560285,2.32
K00834.04,CONFIRMED,2.090811305,1.62
K00117.03,CONFIRMED,3.180027898,1.53
K00834.05,CONFIRMED,50.4467417,2.67
K00835.01,CONFIRMED,11.76307164,2.35
K00835.02,CONFIRMED,56.2279271,2.37
K00836.01,FALSE POSITIVE,2.384052875,17.06
K00837.01,CONFIRMED,7.953547,2.25
K00837.02,CONFIRMED,4.14451656,1.48
K00838.01,FALSE POSITIVE,4.859386384,38.33
K00850.01,CONFIRMED,10.526294577,8.24
K00851.01,CONFIRMED,4.583520948,5.39
K00852.01,CONFIRMED,3.76181843,2.66
K00853.01,CONFIRMED,8.20396958,3.01
K00853.02,CONFIRMED,14.49645186,3.01
K00841.03,CONFIRMED,6.54626149,2.19
K00842.01,CONFIRMED,12.71809866,2.31
K00842.02,CONFIRMED,36.06588163,2.64
K00843.01,CONFIRMED,4.190425659,6.21
K00844.01,CONFIRMED,3.709870784,4.35
K00845.01,CONFIRMED,16.3297527,3.75
K00846.01,CONFIRMED,27.807566216,13.84
K00847.01,CONFIRMED,80.8723469,7.59
K00848.01,FALSE POSITIVE,3.166465862,26.82
K00118.01,CONFIRMED,24.99324319,2.29
K00849.01,CONFIRMED,10.35533116,2.47
K00867.01,CONFIRMED,16.08518937,3.68
K00868.01,CANDIDATE,235.9986399,10.59
K00869.01,CONFIRMED,7.49018305,2.56
K00869.02,CONFIRMED,36.2761238,3.03
K00869.03,CONFIRMED,17.46087931,2.32
K00854.01,CONFIRMED,56.0560754,1.94
K00855.01,CONFIRMED,41.408316686,11.38
K00856.01,CANDIDATE,39.74893077,14.21
K00857.01,CONFIRMED,5.715425977,2.47
K00119.01,CONFIRMED,49.18394185,8.2
K00857.02,CONFIRMED,20.0261412,2.28
K00858.01,CANDIDATE,13.61014819,19.02
K00859.01,FALSE POSITIVE,10.44331991,2.66
K00861.01,CONFIRMED,2.237489571,1.41
K00862.01,FALSE POSITIVE,5.851520671,14.62
K00863.01,CONFIRMED,3.167893418,2.62
K00864.01,CONFIRMED,4.311780262,3.11
K00864.02,CONFIRMED,20.0504494,2.69
K00864.03,CONFIRMED,9.76734503,2.67
K00865.01,CANDIDATE,119.0207044,8.98
K00119.02,CONFIRMED,190.3200468,7.78
K00866.01,FALSE POSITIVE,2.861159894,4.37
K00880.01,CONFIRMED,26.44439337,3.91
K00880.02,CONFIRMED,51.53997972,5.51
K00880.03,CONFIRMED,5.902245782,2.43
K00880.04,CONFIRMED,2.382951591,1.86
K00881.01,CONFIRMED,21.02250608,3.07
K00869.04,CONFIRMED,3.219814777,1.69
K00870.01,CONFIRMED,5.912273234,1.73
K00870.02,CONFIRMED,8.98581901,1.65
K00871.01,CANDIDATE,12.940668656,22.94
K00120.01,FALSE POSITIVE,20.5452375,2.41
K00872.01,CONFIRMED,33.60123371,8.46
K00872.02,CONFIRMED,6.76652928,1.97
K00873.01,CONFIRMED,4.347288783,2.36
K00874.01,CONFIRMED,4.601811819,2.35
K00874.02,CONFIRMED,11.18719905,1.55
K00875.01,CONFIRMED,4.220965778,2.62
K00876.01,FALSE POSITIVE,6.998099523,588.66
K00877.01,CONFIRMED,5.95489993,2.33
K00877.02,CONFIRMED,12.03987488,2.18
K00877.03,CONFIRMED,20.83762895,1.42
K00121.01,FALSE POSITIVE,8.8111022,63.66
K00878.01,CONFIRMED,23.58917143,3.16
K00123.01,CONFIRMED,6.481633073,2.54
K00892.01,CONFIRMED,10.37168928,3.2
K00892.02,CONFIRMED,3.96996298,1.78
K00893.01,CONFIRMED,4.40841331,2.66
K00894.01,FALSE POSITIVE,7.9426176,4.68
K00881.02,CONFIRMED,226.8904775,4.53
K00882.01,FALSE POSITIVE,1.956811408,21.58
K00883.01,CANDIDATE,2.688899233,12.04
K00884.01,CONFIRMED,9.439459486,4.16
K00122.01,CONFIRMED,11.523067458,3.13
K00884.02,CONFIRMED,20.47748843,2.92
K00884.03,CONFIRMED,3.336123113,1.74
K00886.01,CONFIRMED,8.01078456,1.72
K00886.02,CONFIRMED,12.07134205,1.29
K00886.03,CONFIRMED,20.99587872,1.3
K00887.01,CONFIRMED,7.41113177,2.45
K00888.01,FALSE POSITIVE,1.000747038,4.14
K00889.01,CONFIRMED,8.884922995,10.51
K00890.01,CONFIRMED,8.09888906,8.95
K00891.01,CONFIRMED,10.00653012,3.52
K00012.01,CONFIRMED,17.855221681,13.16
K00901.01,CANDIDATE,12.732624065,4.87
K00902.01,CANDIDATE,83.92494032,4.78
K00903.01,CONFIRMED,5.007316661,6.96
K00904.01,CONFIRMED,2.211116989,1.85
K00904.02,CONFIRMED,27.9541337,1.9
K00124.01,CONFIRMED,12.69104387,2.57
K00895.01,FALSE POSITIVE,4.409409243,10.95
K00896.01,CONFIRMED,16.23947096,4.14
K00896.02,CONFIRMED,6.308201629,2.96
K00897.01,CONFIRMED,2.052349884,13.12
K00898.01,CONFIRMED,9.7704486,2.23
K00898.02,CONFIRMED,5.169804269,1.66
K00123.02,CONFIRMED,21.22261195,2.48
K00898.03,CONFIRMED,20.09017037,2.25
K00899.01,CONFIRMED,7.11373257,1.16
K00899.02,CONFIRMED,3.306551643,0.91
K00899.03,CONFIRMED,15.36845737,1.11
K00900.01,CONFIRMED,13.81020318,4.56
K00911.01,CONFIRMED,4.093578461,2.85
K00911.02,CONFIRMED,105.145959,3.43
K00912.01,CONFIRMED,10.8484518,2.34
K00912.02,CONFIRMED,6.66833241,1.18
K00913.01,CONFIRMED,4.082274889,10.55
K00914.01,CANDIDATE,3.886655224,1.87
K00904.03,CONFIRMED,42.1406089,1.85
K00904.04,CONFIRMED,4.617490562,1.62
K00904.05,CONFIRMED,10.19849255,1.75
K00905.01,FALSE POSITIVE,5.795063956,4.33
K00906.01,CONFIRMED,7.15681552,2.47
K00906.02,CONFIRMED,17.64830851,2.43
K00906.03,CONFIRMED,4.14810719,1.08
K00907.01,CONFIRMED,16.51410989,2.72
K00907.02,CONFIRMED,30.1329298,3.14
K00907.03,CONFIRMED,4.79090809,1.36
K00124.02,CONFIRMED,31.71981013,3.09
K00907.04,CONFIRMED,99.6415962,2.64
K00908.01,CONFIRMED,4.708326451,10.6
K00909.01,FALSE POSITIVE,16.37198661,540.37
K00910.01,CONFIRMED,5.392026903,2.68
K00928.01,CANDIDATE,2.494170338,2.42
K00929.01,CONFIRMED,6.491682808,9.66
K00930.01,FALSE POSITIVE,3.044770796,24.54
K00931.01,CONFIRMED,3.855603916,13.61
K00932.01,FALSE POSITIVE,3.855599139,3.57
K00125.01,CONFIRMED,38.47876629,13.26
K00915.01,FALSE POSITIVE,37.601661282,27.22
K00916.01,CONFIRMED,3.314947362,3.94
K00917.01,FALSE POSITIVE,6.71969089,4.37
K00918.01,CONFIRMED,39.6431552,10.98
K00919.01,FALSE POSITIVE,51.42598578,29.66
K00920.01,CONFIRMED,21.80451611,2.6
K00921.01,CONFIRMED,10.28194593,2.53
K00921.02,CONFIRMED,18.11993039,2.95
K00921.03,CONFIRMED,3.78402867,1.7
K00922.01,CONFIRMED,5.15448142,2.94
K00126.01,FALSE POSITIVE,33.80364366,20.7
K00923.01,CONFIRMED,5.743469797,3.13
K00924.01,CANDIDATE,39.4759093,4.06
K00925.01,FALSE POSITIVE,19.974485239,26.56
K00926.01,CONFIRMED,3.166353562,3.82
K00927.01,FALSE POSITIVE,23.899634407,44.04
K00939.01,CONFIRMED,3.388012244,2.11
K00939.02,CONFIRMED,5.83909761,2.06
K00939.03,CONFIRMED,1.620467654,1.57
K00939.04,CONFIRMED,10.6816951,2.3
K00940.01,CONFIRMED,6.104849417,3.18
K00127.01,CONFIRMED,3.578780566,10.43
K00933.01,FALSE POSITIVE,3.187067566,23.88
K00934.01,CONFIRMED,5.826657508,4.09
K00934.02,CONFIRMED,12.41216347,2.58
K00934.03,CONFIRMED,18.74649011,3.05
K00935.01,CONFIRMED,20.86021229,5.5
K00935.02,CONFIRMED,42.63427848,5.22
K00935.03,CONFIRMED,87.6476068,4.0
K00935.04,CANDIDATE,9.61731426,1.94
K00936.01,CONFIRMED,9.467821474,2.13
K00936.02,CONFIRMED,0.893040969,1.24
K00128.01,CONFIRMED,4.942783419,10.62
K00937.01,CONFIRMED,20.83426731,2.74
K00938.01,CONFIRMED,9.94602357,3.12
K00938.02,CONFIRMED,1.04562195,1.45
K00938.03,CONFIRMED,5.71462396,1.78
K00145.01,FALSE POSITIVE,102.9641952,39.0
K01102.02,CONFIRMED,8.14515981,3.43
K01102.03,CONFIRMED,18.9985279,43.17
K01102.04,CONFIRMED,4.24439049,2.07
K01103.01,CANDIDATE,90.1240507,7.12
K00150.02,CONFIRMED,28.5742692,2.32
K01168.01,CANDIDATE,856.672115,3.87
K01169.01,CANDIDATE,0.689210173,1.32
K01170.01,CONFIRMED,7.34373964,1.84
K01171.01,FALSE POSITIVE,0.445277068,35.74
K00966.01,FALSE POSITIVE,0.379463865,59.56
K00967.01,FALSE POSITIVE,9.88047978,23.6
K00968.01,FALSE POSITIVE,4.6484156,5.06
K00969.01,FALSE POSITIVE,17.512014768,13.66
K00970.01,CANDIDATE,3.9886021,34.39
K00971.01,CANDIDATE,0.533059312,133.56
K01044.01,FALSE POSITIVE,0.525154153,23.61
K01045.01,FALSE POSITIVE,1.303861044,27.85
K01046.01,FALSE POSITIVE,0.73452496,
K01047.01,FALSE POSITIVE,2.55549176,23.35
K00014.01,FALSE POSITIVE,2.947376671,403.59
K00139.01,CONFIRMED,224.7789355,7.67
K01104.01,FALSE POSITIVE,0.890110752,1.25
K01105.01,FALSE POSITIVE,5.76573396,7.47
K01106.01,CONFIRMED,7.42608123,2.47
K01106.02,CONFIRMED,15.9868932,1.62
K01107.01,FALSE POSITIVE,0.73094589,17.12
K01108.01,CONFIRMED,18.92537246,13.92
K01172.01,FALSE POSITIVE,0.933749106,3.22
K01173.01,FALSE POSITIVE,2.037440623,1.19
K01174.01,CANDIDATE,129995.7784,2.99
K01175.01,CONFIRMED,31.5925809,1.78
K01175.02,CONFIRMED,17.157236,1.55
K01176.01,CONFIRMED,1.97376085,8.78
K00972.01,CONFIRMED,13.118962443,8.25
K00133.01,FALSE POSITIVE,4.618767792,7.48
K00972.02,CANDIDATE,7.82187328,2.78
K00974.01,CANDIDATE,53.5057611,2.52
K00975.01,CONFIRMED,2.785821236,1.69
K00976.01,FALSE POSITIVE,52.56901867,78.54
K01048.01,FALSE POSITIVE,3.411758679,14.71
K01049.01,FALSE POSITIVE,0.525426427,1.45
K01050.01,CONFIRMED,1.269091415,1.41
K01050.02,CONFIRMED,2.853133997,1.36
K01051.01,CONFIRMED,6.79685353,2.01
K00146.01,FALSE POSITIVE,8.667822346,67.37
K01108.02,CONFIRMED,1.475323222,5.88
K01108.03,CONFIRMED,4.15246118,7.62
K01109.01,FALSE POSITIVE,6.7210783,
K01110.01,CONFIRMED,8.7348852,1.59
K01111.01,FALSE POSITIVE,10.26547688,1.81
K00151.01,CANDIDATE,13.4471791,5.24
K01177.01,FALSE POSITIVE,3.305577989,25.89
K01178.01,FALSE POSITIVE,4.800653901,16.91
K01179.01,FALSE POSITIVE,15.06649901,56.44
K01180.01,FALSE POSITIVE,34.82008158,11.36
K01181.01,FALSE POSITIVE,0.651784374,33.65
K00977.01,FALSE POSITIVE,1.353771892,430.99
K00978.01,FALSE POSITIVE,18.95491633,71.39
K00979.01,FALSE POSITIVE,4.348866254,2436.69
K00980.01,FALSE POSITIVE,47.93094546,68.02
K00981.01,FALSE POSITIVE,3.99751422,2.98
K00982.01,FALSE POSITIVE,1.592633181,1.56
K00134.01,CONFIRMED,67.5923754,12.1
K01052.01,CONFIRMED,17.02902786,2.54
K01052.02,CONFIRMED,6.84619236,1.67
K01052.03,CONFIRMED,67.8321638,2.39
K01052.04,CONFIRMED,43.1312147,2.39
K01053.01,CONFIRMED,1.224866441,1.54
K01112.01,CONFIRMED,37.8102649,2.33
K01113.01,CONFIRMED,25.93406406,2.48
K01113.02,CONFIRMED,83.4463485,2.73
K01114.01,FALSE POSITIVE,7.04710032,25.2
K01115.01,CONFIRMED,12.99204853,2.03
K01182.01,FALSE POSITIVE,11.11620211,8.96
K01183.01,FALSE POSITIVE,1.922861499,5.09
K01184.01,FALSE POSITIVE,0.635445336,19.0
K01185.01,FALSE POSITIVE,1.665784138,97.27
K01186.01,FALSE POSITIVE,55.6639167,34.14
K00152.01,CONFIRMED,52.09081627,7.14
K00983.01,FALSE POSITIVE,7.1548608,7.41
K00984.01,CONFIRMED,4.28746668,2.29
K00985.01,FALSE POSITIVE,2.002779769,1.42
K00986.01,CONFIRMED,8.18739443,1.92
K00986.02,CONFIRMED,76.0498163,1.75
K00139.02,CONFIRMED,3.341799486,1.67
K01054.01,FALSE POSITIVE,3.3226948,15.33
K01055.01,FALSE POSITIVE,36.97708808,38.6
K01056.01,FALSE POSITIVE,1.851409163,20.42
K01057.01,FALSE POSITIVE,1.303859704,0.98
K00147.01,FALSE POSITIVE,145.5624926,40.15
K01116.01,CONFIRMED,3.749105745,1.68
K01117.01,CONFIRMED,11.08956602,3.51
K01118.01,CANDIDATE,7.37290344,2.67
K01119.01,FALSE POSITIVE,7.24476126,0.65
K01193.01,CANDIDATE,119.0624882,10.4
K01194.01,CONFIRMED,8.70798309,2.01
K01194.02,CANDIDATE,14.8623076,1.57
K01194.03,CONFIRMED,4.17634276,1.23
K00152.02,CONFIRMED,27.40229859,3.63
K00987.01,CONFIRMED,3.179267286,1.21
K00988.01,CONFIRMED,10.38122447,2.18
K00988.02,CONFIRMED,24.5709023,2.82
K00989.01,FALSE POSITIVE,81.221876,16.59
K00989.02,FALSE POSITIVE,0.817026268,2.92
K00135.01,CONFIRMED,3.024092505,12.14
K01058.01,FALSE POSITIVE,5.670155713,5.85
K01059.01,CONFIRMED,1.022678654,1.14
K01060.01,CONFIRMED,12.10968709,2.98
K01060.02,CONFIRMED,4.75796103,1.7
K01060.03,CONFIRMED,20.4972755,2.96
K01119.02,FALSE POSITIVE,13.55480534,0.62
K01120.01,FALSE POSITIVE,29.74454668,20.06
K01121.01,FALSE POSITIVE,14.15402428,53.25
K01122.01,FALSE POSITIVE,0.844786082,35.27
K01123.01,FALSE POSITIVE,0.848483947,32.11
K01124.01,FALSE POSITIVE,11.99097576,37.47
K01199.01,CONFIRMED,53.5292702,2.28
K01200.01,FALSE POSITIVE,0.393726813,24.17
K01201.01,CONFIRMED,2.757584622,1.01
K01202.01,CONFIRMED,0.928310036,1.16
K00152.03,CONFIRMED,13.48457668,3.39
K01203.01,CONFIRMED,31.8841473,3.7
K00989.03,CANDIDATE,16.15811112,86.13
K00990.01,FALSE POSITIVE,67.69213907,175.98
K00991.01,CONFIRMED,12.06222962,1.62
K00992.01,CONFIRMED,9.93146307,2.41
K00993.01,CONFIRMED,21.85362905,1.75
K01060.04,CONFIRMED,8.19345065,1.74
K00140.01,FALSE POSITIVE,19.97867,6.85
K01061.01,CONFIRMED,41.8059544,2.02
K01062.01,FALSE POSITIVE,15.45158184,2.02
K01063.01,FALSE POSITIVE,89.698168533,102.08
K01064.01,FALSE POSITIVE,1.187352427,67.35
K00015.01,FALSE POSITIVE,3.012476582,65.25
K00148.01,CONFIRMED,4.77800306,1.85
K01125.01,FALSE POSITIVE,7.814839231,5.33
K01126.01,FALSE POSITIVE,29.7452499,3.6
K01127.01,CONFIRMED,5.32667299,2.26
K01187.01,FALSE POSITIVE,0.741057213,26.67
K01188.01,FALSE POSITIVE,2.988085455,21.81
K01189.01,FALSE POSITIVE,2.783883492,67.17
K01190.01,FALSE POSITIVE,0.393727296,23.05
K01191.01,CONFIRMED,8.17242644,3.29
K01192.01,CANDIDATE,1295.362215,57.82
K00993.02,CONFIRMED,13.0607936,1.45
K00994.01,CANDIDATE,4.2989201,2.12
K00995.01,FALSE POSITIVE,25.9518461,22.32
K00996.01,FALSE POSITIVE,25.9518536,24.6
K00997.01,FALSE POSITIVE,5.68628739,4.5
K00136.01,FALSE POSITIVE,15.663886949,27.36
K01065.01,FALSE POSITIVE,4.020628573,16.94
K01066.01,CANDIDATE,5.714817603,9.29
K01067.01,FALSE POSITIVE,185.02288222,49.82
K01068.01,FALSE POSITIVE,2.897432135,14.35
K01069.01,CONFIRMED,8.70420525,2.86
K01127.02,CONFIRMED,8.1280933,1.39
K01127.03,CANDIDATE,2.83668931,1.19
K01128.01,CONFIRMED,0.974868896,1.16
K01129.01,CONFIRMED,4.89721006,1.48
K01130.01,FALSE POSITIVE,2.757794163,20.05
K01132.01,FALSE POSITIVE,1.914158508,13.63
K01196.01,FALSE POSITIVE,3.98216698,3.32
K01197.01,FALSE POSITIVE,0.643794198,19.51
K01198.01,CONFIRMED,16.08832318,3.42
K01198.02,CONFIRMED,10.30067919,2.2
K01198.03,CONFIRMED,35.6757453,3.02
K01198.04,CANDIDATE,1.00861677,
K00998.01,FALSE POSITIVE,161.78832712,36.14
K00999.01,CONFIRMED,16.56806842,2.54
K00999.02,CONFIRMED,47.3329299,2.18
K01000.01,FALSE POSITIVE,0.856895349,0.82
K01001.01,CONFIRMED,40.8065333,3.71
K01069.02,CONFIRMED,2.46697039,1.56
K00141.01,CANDIDATE,2.624234833,5.11
K01070.01,CONFIRMED,6.61836309,2.98
K01070.02,CONFIRMED,107.7214092,4.75
K01070.03,CANDIDATE,92.77779,1.92
K01133.01,FALSE POSITIVE,5.251916208,37.15
K00148.02,CONFIRMED,9.673958488,2.63
K01134.01,FALSE POSITIVE,100.3039228,29.55
K01134.02,FALSE POSITIVE,200.61103346,
K01135.01,FALSE POSITIVE,0.986620248,43.98
K01136.01,FALSE POSITIVE,1.63484631,
K01203.02,CONFIRMED,14.12847677,2.73
K01203.03,CONFIRMED,48.6478543,4.14
K01204.01,CONFIRMED,8.39842977,2.0
K01205.01,CONFIRMED,8.63847391,5.99
K01206.01,CANDIDATE,422.917678,5.89
K01001.02,CONFIRMED,140.10765,3.42
K01002.01,CONFIRMED,3.4815917,1.17
K01003.01,FALSE POSITIVE,8.360616221,40.35
K01004.01,FALSE POSITIVE,1.838514968,4.86
K01005.01,CONFIRMED,35.61760233,5.17
K01071.01,FALSE POSITIVE,1.09206833,1.29
K01072.01,CONFIRMED,10.12805158,1.95
K01073.01,FALSE POSITIVE,1.613001111,1.25
K01074.01,CONFIRMED,3.770551475,12.05
K01075.01,FALSE POSITIVE,1.343767797,18.66
K01076.01,FALSE POSITIVE,29.12436474,15.25
K01138.01,FALSE POSITIVE,31.82814583,35.8
K01139.01,FALSE POSITIVE,3.629442796,3.28
K01140.01,FALSE POSITIVE,0.553261874,97.36
K01141.01,CONFIRMED,5.72812616,1.38
K01142.01,CONFIRMED,3.75574267,1.58
K01143.01,FALSE POSITIVE,7.44042933,2.74
K00941.01,CONFIRMED,6.581477136,4.56
K00129.01,CONFIRMED,24.669192732,77.76
K00941.02,CONFIRMED,2.382652873,2.74
K00941.03,CONFIRMED,24.66461416,5.34
K00942.01,CONFIRMED,11.51517167,2.9
K00137.01,CONFIRMED,7.641567589,4.91
K01006.01,FALSE POSITIVE,30.6113932,19.68
K01007.01,CONFIRMED,7.40742502,2.01
K01008.01,FALSE POSITIVE,569.934135,38.98
K01009.01,FALSE POSITIVE,5.09246539,1.17
K01010.01,FALSE POSITIVE,110.61576622,
K01077.01,FALSE POSITIVE,1.103971357,1.37
K00142.01,CONFIRMED,10.916108342,3.93
K01078.01,CONFIRMED,3.353732008,1.65
K01078.02,CONFIRMED,6.877446033,2.05
K01078.03,CONFIRMED,28.46464804,1.87
K01079.01,FALSE POSITIVE,0.293630085,26.35
K00148.03,CONFIRMED,42.89645024,2.0
K01144.01,FALSE POSITIVE,2.44199803,1.44
K01145.01,CANDIDATE,30.5872153,2.32
K01146.01,CONFIRMED,7.09712124,0.74
K01147.01,FALSE POSITIVE,2.6827683,1.19
K00943.01,CONFIRMED,3.601465336,2.31
K00944.01,FALSE POSITIVE,3.108251172,4.43
K00945.01,CONFIRMED,25.8474958,2.4
K00945.02,CONFIRMED,40.715561,2.7
K00946.01,FALSE POSITIVE,20.42720701,4.42
K01011.01,FALSE POSITIVE,6.198273591,19.81
K01012.01,FALSE POSITIVE,1.023471798,3.78
K01013.01,FALSE POSITIVE,0.51872711,19.07
K01014.01,CONFIRMED,17.31711739,2.04
K01015.01,CONFIRMED,9.42889884,4.39
K01080.01,FALSE POSITIVE,1.096583368,1.35
K01081.01,CANDIDATE,9.95639775,28.15
K01082.01,CONFIRMED,6.50327035,1.67
K01082.02,CONFIRMED,4.09667624,1.42
K01082.03,CONFIRMED,1.196548464,1.25
K01148.01,CONFIRMED,11.47609015,2.07
K01148.02,CONFIRMED,25.2630467,1.71
K01149.01,FALSE POSITIVE,7.1688266,
K01150.01,CONFIRMED,0.677374687,0.9
K01151.01,CONFIRMED,10.43547031,1.22
K01151.02,CONFIRMED,7.41084314,0.94
K00947.01,CONFIRMED,28.59914031,1.83
K00948.01,CONFIRMED,24.58716355,2.37
K00130.01,FALSE POSITIVE,34.193600311,21.95
K00949.01,CONFIRMED,12.53248222,3.24
K00950.01,CANDIDATE,31.201692472,8.31
K00951.01,CONFIRMED,13.19720694,4.18
K00137.02,CONFIRMED,14.85890852,5.94
K01015.02,CONFIRMED,4.08897299,2.36
K01016.01,FALSE POSITIVE,2.866680334,2.93
K01017.01,CONFIRMED,17.44486016,3.24
K01018.01,FALSE POSITIVE,8.30697421,37.99
K01019.01,FALSE POSITIVE,2.49705175,
K01083.01,CONFIRMED,7.33685101,1.52
K00143.01,FALSE POSITIVE,22.65117451,7.62
K01084.01,FALSE POSITIVE,1.204274435,1.19
K01085.01,CONFIRMED,7.71790675,0.9
K01086.01,CONFIRMED,27.6652847,2.21
K01087.01,FALSE POSITIVE,0.948950734,36.87
K00149.01,CONFIRMED,14.55730897,4.32
K01152.01,FALSE POSITIVE,4.722254104,14.45
K01153.01,FALSE POSITIVE,0.635069939,57.77
K01154.01,CANDIDATE,6.810823723,26.06
K01155.01,FALSE POSITIVE,0.933746515,25.54
K01156.01,FALSE POSITIVE,1.872421727,5.65
K00951.02,CONFIRMED,33.6528474,3.05
K00952.01,CONFIRMED,5.90127815,1.94
K00952.02,CONFIRMED,8.75209691,1.83
K00952.03,CONFIRMED,22.78078241,2.17
K00952.04,CONFIRMED,2.896005211,1.23
K00952.05,CONFIRMED,0.742957911,1.47
K01020.01,FALSE POSITIVE,54.35635067,38.81
K01021.01,FALSE POSITIVE,0.54624855,18.93
K01022.01,CONFIRMED,18.82744023,2.7
K01023.01,FALSE POSITIVE,8.4120069,1.71
K01024.01,CONFIRMED,5.747711909,1.86
K00137.03,CONFIRMED,3.504691252,2.03
K01088.01,FALSE POSITIVE,0.995861402,26.93
K01089.01,CONFIRMED,86.67856052,9.83
K01089.02,CONFIRMED,12.21828097,5.1
K01090.01,FALSE POSITIVE,8.387210055,72.52
K01091.01,FALSE POSITIVE,15.2384539,9.84
K01092.01,FALSE POSITIVE,0.413334492,31.52
K01157.01,FALSE POSITIVE,0.93374614,149.71
K01158.01,FALSE POSITIVE,6.47179275,2.08
K01159.01,CONFIRMED,64.617518,5.4
K01160.01,CONFIRMED,13.21409607,2.77
K01161.01,CONFIRMED,6.05729966,1.94
K00953.01,CONFIRMED,3.584101048,4.66
K00013.01,CONFIRMED,1.763587535,21.42
K00131.01,CONFIRMED,5.014234733,10.63
K00954.01,CONFIRMED,8.11528727,3.1
K00954.02,CONFIRMED,36.9250409,3.01
K01025.01,FALSE POSITIVE,37.4783492,10.05
K01028.01,FALSE POSITIVE,8.09695764,34.0
K01029.01,CONFIRMED,32.3122867,4.84
K01030.01,CONFIRMED,9.22961384,2.79
K01031.01,CONFIRMED,14.5598556,1.64
K00144.01,CONFIRMED,4.176254191,3.07
K01093.01,FALSE POSITIVE,0.528755447,47.75
K01094.01,CONFIRMED,6.10027621,2.59
K01095.01,CANDIDATE,51.59809554,6.57
K01096.01,CANDIDATE,1500.0,9.8
K01097.01,FALSE POSITIVE,10.9110487,2.36
K00150.01,CONFIRMED,8.408878137,2.28
K01161.02,CONFIRMED,10.93725572,2.41
K01161.03,CONFIRMED,2.97136658,1.52
K01162.01,CONFIRMED,158.6850022,3.08
K01163.01,CONFIRMED,2.936527336,1.92
K00955.01,CONFIRMED,7.03902016,2.45
K00956.01,CONFIRMED,8.360870704,3.67
K00957.01,FALSE POSITIVE,3.14051153,31.01
K00958.01,CONFIRMED,21.76129812,2.53
K00959.01,FALSE POSITIVE,12.713794177,2.31
K00960.01,FALSE POSITIVE,15.801100028,15.61
K01032.01,CANDIDATE,1500.1406772,18.35
K01034.01,FALSE POSITIVE,1.739428983,268.65
K01035.01,FALSE POSITIVE,1.217266418,14.49
K01036.01,FALSE POSITIVE,19.563092517,23.76
K01037.01,FALSE POSITIVE,3.7228551,5.67
K00138.01,FALSE POSITIVE,48.93786896,24.19
K01098.01,FALSE POSITIVE,5.48990788,23.6
K01099.01,CONFIRMED,161.5278347,8.19
K01100.01,FALSE POSITIVE,0.73093905,1.45
K01101.01,CONFIRMED,11.39102358,1.67
K01102.01,CONFIRMED,12.33343853,4.12
K01163.02,CONFIRMED,8.01500821,2.0
K01164.01,FALSE POSITIVE,0.933749941,12.93
K01165.01,CONFIRMED,7.053934488,2.36
K01165.02,CONFIRMED,4.29263699,0.68
K01166.01,CONFIRMED,7.6746614,2.8
K01167.01,FALSE POSITIVE,0.445275074,1.21
K00961.01,CONFIRMED,1.213770423,0.78
K00961.02,CONFIRMED,0.453287416,0.76
K00132.01,FALSE POSITIVE,10.810132734,13.95
K00961.03,CONFIRMED,1.865114193,0.66
K00964.01,FALSE POSITIVE,3.273699006,22.36
K00965.01,FALSE POSITIVE,7.047103499,51.86
K01038.01,FALSE POSITIVE,0.530300102,35.73
K01039.01,FALSE POSITIVE,1.073917869,33.01
K01040.01,FALSE POSITIVE,4.206096814,32.66
K01041.01,FALSE POSITIVE,19.56313723,9.73
K01042.01,FALSE POSITIVE,2.227718792,8.88
K01043.01,FALSE POSITIVE,0.591914504,27.21
K01360.01,CONFIRMED,36.7704935,2.83
K01360.02,CONFIRMED,14.58932429,2.32
K01360.03,CONFIRMED,0.764017553,0.86
K01361.01,CONFIRMED,59.8780258,2.19
K01362.01,CANDIDATE,20.51360192,2.58
K01426.02,CONFIRMED,74.92768653,6.39
K01426.03,CONFIRMED,150.0189511,32.6
K01427.01,CONFIRMED,2.613020421,1.5
K01428.01,CONFIRMED,0.927859786,1.79
K01429.01,CONFIRMED,205.912735,4.68
K00168.03,CONFIRMED,7.10695741,1.72
K01239.01,CANDIDATE,0.783276173,1.98
K01239.02,CANDIDATE,3.17405898,2.09
K01240.01,CONFIRMED,2.1395563,1.76
K01240.02,CONFIRMED,4.807103254,2.96
K01241.01,CONFIRMED,21.4054422,11.64
K01241.02,CONFIRMED,10.5007712,5.68
K01305.01,CONFIRMED,2.633852528,1.38
K01305.02,CONFIRMED,6.18670882,1.21
K01306.01,CONFIRMED,1.796320953,1.2
K01306.02,CONFIRMED,3.468073,1.29
K01306.03,CONFIRMED,5.9142668,1.31
K00162.01,CONFIRMED,14.00640392,3.11
K01363.01,CONFIRMED,3.546531809,2.18
K01363.02,CONFIRMED,5.70070626,2.03
K01364.01,CONFIRMED,20.8341497,2.26
K01364.02,CONFIRMED,7.0556584,2.13
K01430.01,CONFIRMED,10.47548084,2.11
K01430.02,CONFIRMED,22.92886314,2.08
K01430.03,CONFIRMED,77.4740991,2.63
K01431.01,CANDIDATE,345.1589354,7.79
K01432.01,CONFIRMED,6.88595222,2.68
K01242.01,CANDIDATE,99.6442783,8.48
K01243.01,FALSE POSITIVE,3.125814002,1.88
K00155.01,CONFIRMED,5.660669429,3.24
K01244.01,FALSE POSITIVE,10.80487163,1.71
K01245.01,CONFIRMED,13.71938426,1.98
K01306.04,CONFIRMED,29.2214959,1.81
K01307.01,CONFIRMED,44.8520997,3.35
K01307.02,CONFIRMED,20.34237838,2.88
K00157.05,CONFIRMED,118.3786735,3.4
K01308.01,CONFIRMED,23.58444746,3.0
K01364.03,CONFIRMED,11.97884409,2.11
K01364.04,CONFIRMED,3.71545593,1.46
K01364.05,CONFIRMED,2.58083264,1.31
K01365.01,FALSE POSITIVE,1.487084251,1.6
K01366.01,CONFIRMED,19.25404023,3.04
K01432.02,CONFIRMED,15.0549356,1.6
K01432.03,CONFIRMED,2.92721119,1.29
K01432.04,CONFIRMED,38.2856338,1.77
K01433.01,CONFIRMED,19.80787763,2.08
K01434.01,CONFIRMED,2.343230566,1.18
K01246.01,CANDIDATE,19.03723442,5.74
K01247.01,FALSE POSITIVE,2.73987398,34.83
K01248.01,FALSE POSITIVE,5.801880653,19.91
K01249.01,FALSE POSITIVE,85.34092607,1177.65
K01250.01,FALSE POSITIVE,0.782045734,45.05
K01251.01,CANDIDATE,0.576078683,23.23
K01309.01,CONFIRMED,10.1171684,3.07
K01310.01,CONFIRMED,19.12947603,4.23
K01311.01,CONFIRMED,83.5781976,6.63
K01312.01,CONFIRMED,6.1469956,2.04
K01313.01,FALSE POSITIVE,0.522457732,1.52
K01366.02,CONFIRMED,54.1558384,3.88
K00018.01,CONFIRMED,3.548465446,14.92
K00163.01,CONFIRMED,11.1199028,2.08
K01367.01,CONFIRMED,0.567856484,1.55
K01368.01,FALSE POSITIVE,251.0597249,44.2
K00169.01,FALSE POSITIVE,11.70219638,16.15
K01435.01,CONFIRMED,40.7150498,2.2
K01435.02,CONFIRMED,10.44635944,2.18
K01436.01,CONFIRMED,2.508553286,1.28
K01436.02,CONFIRMED,13.75129636,1.66
K01252.01,FALSE POSITIVE,0.885747456,269.98
K01253.01,FALSE POSITIVE,3.611541977,28.07
K00156.01,CONFIRMED,8.041347775,1.29
K01254.01,FALSE POSITIVE,5.082722475,4.4
K01255.01,CANDIDATE,78.9257421,11.9
K01256.01,FALSE POSITIVE,9.991625291,38.93
K01314.01,CONFIRMED,8.57504983,4.26
K01315.01,CANDIDATE,6.84639884,1.9
K01316.01,CONFIRMED,7.64970832,1.43
K01316.02,CANDIDATE,12.37679312,
K00157.06,CONFIRMED,10.30401132,1.84
K01317.01,FALSE POSITIVE,2.171827838,58.56
K01369.01,CONFIRMED,3.016182013,2.25
K01370.01,CONFIRMED,6.8833761,1.69
K01371.01,FALSE POSITIVE,0.833980196,1.45
K01372.01,FALSE POSITIVE,69.62754202,
K01373.01,FALSE POSITIVE,1.926353494,1.33
K01374.01,FALSE POSITIVE,0.890737359,20.57
K01436.03,CONFIRMED,5.41908491,1.38
K01437.01,CONFIRMED,7.01733571,1.61
K01438.01,CONFIRMED,6.91134223,1.9
K01439.01,CONFIRMED,394.6249514,7.79
K01440.01,CONFIRMED,7.19304935,1.59
K01257.01,CONFIRMED,86.64764448,9.4
K01258.01,CONFIRMED,36.33750453,5.3
K01258.02,CONFIRMED,14.64613058,2.22
K01258.03,CONFIRMED,148.272013,4.3
K01259.01,FALSE POSITIVE,1.506507172,13.4
K01318.01,FALSE POSITIVE,1.634614356,44.22
K01319.01,FALSE POSITIVE,16.025018977,1069.01
K01320.01,CONFIRMED,10.50682978,9.01
K01321.01,FALSE POSITIVE,0.711966971,33.34
K01322.01,FALSE POSITIVE,17.72724392,14.77
K01375.01,CONFIRMED,321.2124365,7.25
K01376.01,FALSE POSITIVE,7.13895376,49.96
K00164.01,FALSE POSITIVE,4.4645454,3.07
K01377.01,CONFIRMED,11.29689442,1.74
K01378.01,FALSE POSITIVE,19.30112039,1.66
K00019.01,FALSE POSITIVE,1.20320092,49.25
K00171.01,CONFIRMED,5.968724048,3.26
K01449.01,FALSE POSITIVE,10.980246199,21.94
K01450.01,CONFIRMED,2.144632238,59.19
K01451.01,FALSE POSITIVE,27.32204488,21.58
K01452.01,FALSE POSITIVE,1.152216965,187.73
K01260.01,FALSE POSITIVE,5.2972293,47.7
K01261.01,CONFIRMED,133.460999,11.21
K00156.02,CONFIRMED,5.188563677,1.0
K01261.02,CONFIRMED,15.19423359,3.69
K01262.01,FALSE POSITIVE,14.17098745,4.19
K01263.01,FALSE POSITIVE,31.9734169,24.1
K01323.01,CONFIRMED,3.990105908,7.45
K01324.01,FALSE POSITIVE,0.52205862,27.16
K01325.01,CONFIRMED,10.035381809,4.42
K01326.01,FALSE POSITIVE,53.100942624,24.02
K00158.01,FALSE POSITIVE,5.80181368,4.52
K01327.01,FALSE POSITIVE,15.6402515,18.11
K01378.02,FALSE POSITIVE,0.691666384,0.58
K01379.01,CONFIRMED,5.62154315,1.37
K01380.01,FALSE POSITIVE,1.074106954,0.52
K01381.01,FALSE POSITIVE,5.117401517,28.41
K01382.01,FALSE POSITIVE,4.20233673,23.53
K01441.01,CONFIRMED,8.50698069,1.9
K00170.01,FALSE POSITIVE,15.60865244,6.17
K01442.01,CONFIRMED,0.669310092,1.13
K01443.01,FALSE POSITIVE,4.494498254,62.11
K01444.01,CONFIRMED,44.9306706,2.49
K01264.01,CONFIRMED,14.13175309,3.02
K01265.01,FALSE POSITIVE,1.061934816,25.72
K01266.01,CONFIRMED,11.41926141,1.48
K01267.01,FALSE POSITIVE,5.93821065,61.63
K01268.01,CANDIDATE,268.9410974,13.57
K01269.01,FALSE POSITIVE,0.655001616,31.77
K01328.01,CANDIDATE,80.9669561,5.04
K01329.01,CONFIRMED,33.1996355,2.85
K01330.01,FALSE POSITIVE,8.65306587,19.78
K01331.01,CANDIDATE,6.80082032,1.88
K01332.01,CONFIRMED,19.30581662,4.0
K01383.01,FALSE POSITIVE,3.221785738,25.03
K01384.01,FALSE POSITIVE,0.6243875,29.45
K01385.01,FALSE POSITIVE,18.610092584,55.23
K00165.01,CONFIRMED,13.22175358,2.38
K01386.01,FALSE POSITIVE,1.137525054,42.74
K01387.01,FALSE POSITIVE,23.799939273,51.74
K01445.01,CONFIRMED,7.16893064,1.61
K01445.02,CANDIDATE,54.325574,0.76
K01445.03,CANDIDATE,20.01959599,
K01446.01,FALSE POSITIVE,1.22775877,48.79
K01447.01,FALSE POSITIVE,40.24649897,97.54
K01447.02,FALSE POSITIVE,2.27999662,20.74
K01448.01,FALSE POSITIVE,2.48658617,24.39
K01270.01,CONFIRMED,5.729317577,2.41
K00156.03,CONFIRMED,11.776132317,2.08
K01270.02,CONFIRMED,11.60908533,1.71
K01271.01,CANDIDATE,162.0479502,11.52
K01272.01,FALSE POSITIVE,0.530967162,23.72
K01273.01,CONFIRMED,40.05881661,3.43
K01332.02,CONFIRMED,6.09747233,2.22
K01332.03,CONFIRMED,56.637918,3.68
K01333.01,FALSE POSITIVE,2.243016513,1.37
K01334.01,FALSE POSITIVE,8.6531216,22.58
K00159.01,CONFIRMED,8.99088621,2.78
K01388.01,FALSE POSITIVE,34.064566412,15.57
K01389.01,FALSE POSITIVE,4.350087749,24.77
K01390.01,FALSE POSITIVE,1.744101106,7.21
K01391.01,FALSE POSITIVE,7.981187121,18.75
K01392.01,FALSE POSITIVE,4.118775582,4.48
K01393.01,CANDIDATE,1.694740233,2.12
K01453.01,FALSE POSITIVE,0.971933156,50.75
K01454.01,FALSE POSITIVE,121.5991278,379.63
K01455.01,CANDIDATE,15.068060768,16.43
K01456.01,CONFIRMED,7.886632468,8.99
K01457.01,CONFIRMED,8.027681123,8.43
K01274.01,CONFIRMED,704.962626,4.53
K01275.01,CONFIRMED,50.28635977,3.88
K01276.01,CONFIRMED,22.79020351,2.57
K01276.02,CONFIRMED,13.26079792,1.47
K01277.01,FALSE POSITIVE,1.061932545,2.29
K01335.01,CONFIRMED,127.8334997,9.46
K01336.01,CONFIRMED,10.21864532,2.33
K01336.02,CONFIRMED,15.573637,2.94
K01336.03,CONFIRMED,40.1015561,2.92
K01336.04,CONFIRMED,4.45814897,1.61
K01394.01,FALSE POSITIVE,5.663621501,2.47
K01395.01,CONFIRMED,6.230335,3.7
K00166.01,CONFIRMED,12.49340725,2.2
K01396.01,CONFIRMED,6.62643441,2.54
K01396.02,CONFIRMED,3.70122061,1.62
K01397.01,CANDIDATE,6.247030799,1.89
K01207.01,CONFIRMED,13.73474071,2.71
K01208.01,CANDIDATE,700.00298217,6.43
K01209.01,CANDIDATE,272.0868353,5.95
K01210.01,CONFIRMED,14.55387488,3.45
K00016.01,FALSE POSITIVE,0.895277575,9.27
K00152.04,CONFIRMED,81.0637895,3.01
K01278.01,CONFIRMED,24.8056775,2.16
K00157.01,CONFIRMED,13.02493307,2.88
K01278.02,CONFIRMED,44.3471936,2.45
K01278.03,CONFIRMED,9.2207691,1.02
K01278.04,CONFIRMED,13.6396648,1.1
K01337.01,CONFIRMED,1.922799706,1.28
K01338.01,CONFIRMED,3.222975318,1.47
K01338.02,CANDIDATE,42.0370662,1.66
K01338.03,CANDIDATE,21.0112068,1.4
K01339.01,CONFIRMED,4.16811839,2.28
K01398.01,CONFIRMED,5.82348911,3.0
K01399.01,CANDIDATE,8.75059775,2.27
K01400.01,FALSE POSITIVE,9.41475056,19.33
K01401.01,FALSE POSITIVE,0.56669006,1.52
K01402.01,CONFIRMED,7.13969705,2.24
K01403.01,CONFIRMED,18.75470238,1.67
K01211.01,FALSE POSITIVE,3.00363219,1.43
K01212.01,CONFIRMED,11.30123036,1.85
K01213.01,FALSE POSITIVE,0.796722833,1.44
K01214.01,CONFIRMED,4.24153629,1.44
K01215.01,CONFIRMED,17.32419108,3.14
K01279.01,CONFIRMED,14.37457572,1.94
K01279.02,CONFIRMED,9.65188331,1.08
K01280.01,FALSE POSITIVE,6.0990118,3.16
K01281.01,CONFIRMED,49.4781446,1.88
K01282.01,CONFIRMED,30.8639476,3.01
K00159.02,CONFIRMED,2.403640701,1.24
K01340.01,FALSE POSITIVE,2.90060781,1.58
K01341.01,CONFIRMED,4.51436096,1.84
K01342.01,CONFIRMED,3.77359871,1.29
K01342.02,CONFIRMED,8.18182189,1.77
K01404.01,CONFIRMED,13.32389352,1.26
K00167.01,CONFIRMED,4.919584997,2.86
K01405.01,CONFIRMED,11.41911886,3.32
K01406.01,CONFIRMED,11.36113254,2.6
K01407.01,FALSE POSITIVE,1.3866358,0.72
K01408.01,CONFIRMED,14.53410833,1.36
K01215.02,CONFIRMED,33.0063185,3.13
K01216.01,CONFIRMED,11.13127159,2.06
K01217.01,FALSE POSITIVE,3.47143963,1.19
K01218.01,CONFIRMED,29.6193891,1.74
K01219.01,FALSE POSITIVE,3.50376155,
K00153.01,CONFIRMED,8.925079516,2.36
K01283.01,CONFIRMED,8.0922105,1.44
K01284.01,FALSE POSITIVE,3.117087797,88.51
K00157.02,CONFIRMED,22.687155,3.2
K01285.01,FALSE POSITIVE,0.937406378,7.09
K01286.01,FALSE POSITIVE,0.668483615,29.53
K01287.01,FALSE POSITIVE,4.429633087,32.12
K01343.01,FALSE POSITIVE,1.544927524,1.39
K01344.01,CONFIRMED,4.48758768,1.37
K01345.01,FALSE POSITIVE,0.323021692,46.4
K01346.01,FALSE POSITIVE,4.70818628,42.99
K01347.01,FALSE POSITIVE,14.405857436,23.42
K01348.01,FALSE POSITIVE,7.702374154,225.25
K01409.01,CONFIRMED,16.56062577,2.94
K01410.01,CONFIRMED,15.74958583,2.77
K01412.01,CONFIRMED,37.8145252,3.04
K01413.01,CONFIRMED,12.64504291,1.55
K01413.02,CONFIRMED,21.5262958,1.36
K01413.03,CONFIRMED,33.8845825,1.74
K01220.01,CONFIRMED,6.40087137,1.91
K01221.01,CONFIRMED,30.1599411,4.54
K01221.02,CONFIRMED,51.0771048,3.66
K01222.01,FALSE POSITIVE,4.2856756,2.13
K01223.01,FALSE POSITIVE,7.388833611,10.66
K01224.01,FALSE POSITIVE,2.698021895,52.51
K01288.01,CONFIRMED,117.93110803,10.36
K01289.01,FALSE POSITIVE,4.887806806,5.71
K01290.01,FALSE POSITIVE,11.973605044,38.2
K01291.01,FALSE POSITIVE,1.231364189,5.39
K01292.01,FALSE POSITIVE,2.102416517,29.29
K01293.01,FALSE POSITIVE,11.703109303,37.3
K00160.01,FALSE POSITIVE,13.73808249,3.84
K01349.01,FALSE POSITIVE,16.66216657,843.45
K01350.01,FALSE POSITIVE,0.752159702,43.73
K01352.01,FALSE POSITIVE,4.81886153,2.96
K01353.01,CONFIRMED,125.86540191,12.37
K01353.02,CONFIRMED,34.5439452,2.67
K00168.01,CONFIRMED,10.74241765,3.06
K01414.01,FALSE POSITIVE,4.02378908,2.24
K01415.01,FALSE POSITIVE,0.312941621,58.02
K01416.01,CONFIRMED,2.495780169,15.75
K01417.01,FALSE POSITIVE,8.428090255,517.43
K01418.01,FALSE POSITIVE,8.344104633,836.31
K01225.01,CANDIDATE,1.714274727,25.0
K01226.01,FALSE POSITIVE,137.75960504,49.52
K01227.01,FALSE POSITIVE,2.155278342,16.89
K01228.01,FALSE POSITIVE,3.661326482,12.07
K00153.02,CONFIRMED,4.75400072,2.0
K01229.01,FALSE POSITIVE,0.76973817,
K01230.01,FALSE POSITIVE,165.739861,57.54
K01294.01,FALSE POSITIVE,9.08937826,5.35
K00017.01,CONFIRMED,3.234699282,13.06
K00157.03,CONFIRMED,31.99552485,4.12
K01295.01,FALSE POSITIVE,1.577800747,31.24
K01296.01,FALSE POSITIVE,2.380862632,21.65
K01354.01,FALSE POSITIVE,1.752567456,26.56
K01355.01,CONFIRMED,51.92920654,8.49
K01356.01,CANDIDATE,384.02570682,
K01357.01,CANDIDATE,3.014330766,2.87
K01358.01,CONFIRMED,5.644914154,2.66
K00161.01,CONFIRMED,3.105507835,2.68
K01419.01,FALSE POSITIVE,1.336109338,35.19
K01420.01,CANDIDATE,13.35151248,4.44
K01421.01,CANDIDATE,1693.6636225,10.23
K01422.01,CONFIRMED,5.841636615,1.38
K01422.02,CONFIRMED,19.85029495,1.52
K00168.02,CONFIRMED,15.27443889,2.17
K01231.01,FALSE POSITIVE,22.34293693,2.92
K01232.01,FALSE POSITIVE,119.40817159,16.26
K01233.01,FALSE POSITIVE,1.171536413,7.12
K01234.01,FALSE POSITIVE,0.973547911,11.52
K01235.01,FALSE POSITIVE,3.053563251,21.79
K01297.01,FALSE POSITIVE,1.031096352,2.36
K01298.01,CONFIRMED,11.00817635,2.15
K01298.02,CONFIRMED,92.7495777,1.87
K01299.01,CONFIRMED,52.5008645,12.41
K01300.01,CONFIRMED,0.63133171,1.2
K01301.01,CONFIRMED,12.69905011,2.62
K01358.02,CONFIRMED,8.74292005,1.92
K01358.03,CONFIRMED,3.64830183,1.33
K01358.04,CONFIRMED,2.345863002,1.23
K01359.01,CONFIRMED,37.1011418,3.19
K01359.02,CANDIDATE,104.8205868,6.45
K01422.03,CONFIRMED,10.8644095,1.14
K01423.01,CONFIRMED,124.4197175,10.3
K01424.01,CONFIRMED,1.219568047,1.51
K01425.01,CONFIRMED,2.05388477,2.74
K01426.01,CONFIRMED,38.86848956,2.81
K01236.01,CONFIRMED,35.7353616,5.47
K01236.02,CONFIRMED,12.30971679,3.82
K01236.03,CONFIRMED,54.4205407,3.2
K00154.01,FALSE POSITIVE,30.00908916,
K01237.01,FALSE POSITIVE,14.32407216,38.86
K01238.01,CONFIRMED,27.07237655,2.18
K01301.02,CONFIRMED,37.5142128,2.68
K01302.01,CONFIRMED,55.6391882,3.13
K00157.04,CONFIRMED,46.6856205,2.52
K01303.01,CANDIDATE,34.2966363,3.29
K01304.01,CONFIRMED,4.59726613,1.69
K01602.01,CONFIRMED,9.97716876,2.53
K01603.01,CONFIRMED,3.02168007,1.31
K00187.01,FALSE POSITIVE,30.882538697,15.4
K01604.01,FALSE POSITIVE,72.4914068,15.33
K01605.01,FALSE POSITIVE,4.93913074,24.03
K01713.02,CONFIRMED,2.240486703,1.22
K01715.01,CONFIRMED,105.0145774,2.29
K01716.01,CONFIRMED,4.88084456,1.55
K01717.01,CONFIRMED,10.56137217,2.43
K01718.01,CONFIRMED,67.6690554,3.39
K01488.01,CONFIRMED,3.949627144,2.32
K01489.01,CONFIRMED,16.00460392,2.24
K01490.01,FALSE POSITIVE,3.55650737,3.05
K01491.01,CONFIRMED,3.148661555,2.15
K01492.01,FALSE POSITIVE,0.70544824,20.03
K01557.01,CONFIRMED,3.295701024,2.81
K01557.02,CONFIRMED,9.65349016,2.41
K01557.03,CONFIRMED,5.315954488,2.33
K00180.01,CONFIRMED,10.04556377,2.19
K01557.04,CONFIRMED,1.499144441,1.09
K01606.01,CONFIRMED,5.082748362,1.4
K01607.01,FALSE POSITIVE,5.00673576,2.0
K01608.01,CONFIRMED,9.17617167,1.66
K01608.02,CONFIRMED,19.7383992,1.61
K01609.01,CONFIRMED,41.6980186,2.03
K01720.01,CONFIRMED,59.6585348,3.59
K01721.01,CONFIRMED,52.6298542,3.68
K00192.01,CONFIRMED,10.290994129,13.43
K01722.01,CONFIRMED,14.8783945,1.63
K01723.01,CONFIRMED,59.6222627,3.63
K01493.01,FALSE POSITIVE,4.9883873,3.28
K01494.01,CONFIRMED,8.19596647,2.04
K01495.01,CONFIRMED,15.59466045,2.74
K00174.01,CONFIRMED,56.35407916,2.59
K01496.01,FALSE POSITIVE,36.12895451,53.72
K01558.01,FALSE POSITIVE,32.50456309,10.68
K01559.01,FALSE POSITIVE,1.332560589,1.4
K01560.01,CANDIDATE,31.56904354,11.18
K01561.01,FALSE POSITIVE,9.08590495,6.28
K01562.01,FALSE POSITIVE,0.784512952,25.48
K01610.01,FALSE POSITIVE,0.883778461,1.09
K01612.01,CONFIRMED,2.465024332,0.69
K01613.01,CONFIRMED,15.86624787,1.31
K00021.01,FALSE POSITIVE,4.288515468,76.51
K00188.01,CONFIRMED,3.797018259,10.07
K01615.01,CONFIRMED,1.340596782,1.16
K01724.01,CONFIRMED,17.42393582,3.29
K01725.01,CONFIRMED,9.8786461,1.6
K01726.01,CONFIRMED,44.96407458,2.0
K01727.01,CONFIRMED,49.7700907,5.12
K01728.01,FALSE POSITIVE,12.7319385,70.11
K01497.01,FALSE POSITIVE,0.520222869,1.52
K01498.01,CONFIRMED,5.83376197,2.98
K01498.02,CONFIRMED,2.42150341,1.62
K01499.01,CONFIRMED,14.16400071,2.35
K01499.02,CANDIDATE,0.840594032,0.62
K01499.03,CONFIRMED,6.20920207,0.89
K01563.01,CONFIRMED,5.48711441,3.24
K01563.02,CONFIRMED,8.29084167,3.21
K01563.03,CONFIRMED,3.20539622,1.7
K01563.04,CONFIRMED,16.73869035,2.56
K00181.01,FALSE POSITIVE,5.093938816,17.19
K01616.01,CONFIRMED,13.93291548,1.66
K01618.01,CONFIRMED,2.36436762,0.82
K01619.01,CANDIDATE,20.6654374,0.66
K01621.01,CONFIRMED,20.31047472,2.41
K01622.01,CANDIDATE,69.8347983,3.51
K01626.01,CONFIRMED,2.53475568,2.02
K01731.01,CANDIDATE,2.59488443,2.36
K01732.01,CONFIRMED,43.3167427,2.42
K01733.01,CANDIDATE,19.18109525,1.72
K00193.01,FALSE POSITIVE,37.590298548,14.39
K01736.01,CONFIRMED,31.0033072,2.72
K01500.01,FALSE POSITIVE,3.351556891,1.64
K01501.01,CONFIRMED,2.617028373,1.57
K01502.01,FALSE POSITIVE,1.876406096,1.57
K00175.01,FALSE POSITIVE,6.71425632,5.76
K01503.01,CONFIRMED,150.2412582,4.6
K01564.01,CONFIRMED,53.44944498,5.82
K01565.01,FALSE POSITIVE,0.466743525,20.43
K01566.01,FALSE POSITIVE,1.727177258,1.42
K01567.01,CONFIRMED,7.24022418,2.14
K01567.02,CONFIRMED,4.64622383,1.82
K01627.01,CONFIRMED,10.29674097,5.75
K01627.02,CONFIRMED,5.93919041,3.7
K01628.01,CONFIRMED,19.74733983,2.62
K00189.01,CONFIRMED,30.360445359,10.99
K01629.01,CONFIRMED,4.4096675,1.51
K01738.01,CONFIRMED,4.16787814,1.07
K01739.01,CANDIDATE,220.65651253,
K01746.01,CONFIRMED,11.79161234,2.41
K01747.01,FALSE POSITIVE,20.55848388,36.9
K01749.01,CONFIRMED,26.964501,2.2
K01750.01,CONFIRMED,7.76845639,1.35
K01504.01,FALSE POSITIVE,2.178154348,22.22
K01505.01,CONFIRMED,5.03257009,2.53
K01506.01,CONFIRMED,40.4286676,2.92
K01507.01,CONFIRMED,21.3588236,2.52
K01508.01,CONFIRMED,22.0459163,3.05
K01509.01,FALSE POSITIVE,49.6456235,43.41
K01567.03,CONFIRMED,17.32670445,2.23
K01567.04,CONFIRMED,44.8411168,2.75
K01568.01,FALSE POSITIVE,1.008917105,1.51
K01569.01,CONFIRMED,13.75207851,2.81
K01570.01,CONFIRMED,6.33855946,3.31
K01630.01,CANDIDATE,11.30507984,1.4
K01632.01,CONFIRMED,4.59489816,1.85
K01633.01,CONFIRMED,32.2964275,1.9
K01637.01,CONFIRMED,2.97041801,1.7
K01639.02,CANDIDATE,9.9824036,1.17
K01764.01,CANDIDATE,12.681733929,7.25
K01765.01,FALSE POSITIVE,6.814984472,14.18
K01770.01,FALSE POSITIVE,63.9354965,2637.6
K01773.01,CANDIDATE,83.09708021,13.83
K00022.01,CONFIRMED,7.891448838,12.63
K01510.01,CANDIDATE,0.839961456,1.63
K01511.01,CONFIRMED,2.578852119,1.63
K01512.01,FALSE POSITIVE,9.04189129,3.24
K00176.01,CONFIRMED,30.22910274,3.49
K01513.01,FALSE POSITIVE,0.798200403,24.03
K00182.01,FALSE POSITIVE,3.479425638,12.86
K01571.01,FALSE POSITIVE,2.92878704,22.76
K01572.01,CONFIRMED,9.80321143,2.99
K01573.01,CONFIRMED,24.81097206,4.22
K01573.02,CANDIDATE,7.136922,1.38
K01641.01,CONFIRMED,4.8538404,1.72
K01643.01,CONFIRMED,11.04605365,1.8
K01644.01,FALSE POSITIVE,2.621706694,34.68
K01646.01,CONFIRMED,3.72020708,0.99
K00190.01,FALSE POSITIVE,12.264867364,28.29
K01751.01,CONFIRMED,8.689301216,2.92
K01751.02,CONFIRMED,20.99757968,2.97
K01753.01,FALSE POSITIVE,0.979442525,1.64
K00194.01,CONFIRMED,3.120828136,14.16
K01754.01,CONFIRMED,15.13590453,2.57
K01514.01,FALSE POSITIVE,1.399326503,1.0
K01515.01,CONFIRMED,1.937029968,0.87
K01515.02,CONFIRMED,7.06117322,1.23
K01516.01,CONFIRMED,20.55331441,3.19
K01517.01,CONFIRMED,40.0686713,3.1
K01574.01,CONFIRMED,114.73658,12.28
K01574.02,CONFIRMED,191.239133,6.47
K01574.03,CANDIDATE,5.83393857,1.98
K01575.01,FALSE POSITIVE,24.3282251,294.02
K01576.01,CONFIRMED,10.41572666,3.01
K01647.01,CONFIRMED,14.97031664,2.53
K01647.02,CONFIRMED,32.2753853,2.31
K01647.03,CANDIDATE,6.33027476,1.02
K01648.01,CONFIRMED,38.3262237,2.43
K01649.01,CONFIRMED,4.04355245,1.75
K01758.01,CANDIDATE,5.59728249,3.28
K01760.01,CONFIRMED,5.52418625,2.25
K01760.02,CONFIRMED,8.77514782,1.91
K01761.01,FALSE POSITIVE,10.12742274,3.8
K01762.01,FALSE POSITIVE,0.870693883,2.09
K01518.01,CONFIRMED,27.5071114,2.58
K01519.01,CONFIRMED,5.1443645,1.55
K01520.01,CONFIRMED,18.45848388,2.5
K01521.01,CONFIRMED,25.9421582,1.95
K00177.01,CONFIRMED,21.06075303,1.78
K01576.02,CONFIRMED,13.08424286,2.71
K00183.01,CONFIRMED,2.684328541,12.73
K01576.03,CANDIDATE,23.3397956,1.23
K01577.01,CONFIRMED,2.806243488,1.41
K01578.01,FALSE POSITIVE,2.27190723,1.12
K01579.01,FALSE POSITIVE,7.132351753,49.34
K01650.01,CONFIRMED,6.53194024,3.09
K01651.01,CONFIRMED,51.3011844,2.07
K01654.01,FALSE POSITIVE,1.097211085,16.07
K01655.01,CONFIRMED,0.938466959,1.58
K01656.01,CANDIDATE,51.3901452,3.62
K00195.01,CONFIRMED,3.217518511,11.38
K01779.01,CONFIRMED,4.66271902,3.86
K01779.02,CONFIRMED,11.8150174,3.48
K01781.01,CONFIRMED,7.834433676,3.47
K01781.02,CONFIRMED,3.005156911,2.2
K01522.01,CONFIRMED,33.3856176,2.48
K01523.01,FALSE POSITIVE,8.48039789,1.71
K01524.01,FALSE POSITIVE,1.333395306,0.86
K01525.01,CONFIRMED,7.71467686,4.65
K01526.01,CONFIRMED,4.4444826,1.71
K01580.01,FALSE POSITIVE,21.3781146,3.18
K01581.01,CONFIRMED,29.5422566,3.15
K01581.02,CONFIRMED,144.551628,3.06
K01582.01,CANDIDATE,186.4361811,11.32
K01583.01,CONFIRMED,8.04727721,2.33
K01584.01,CONFIRMED,5.87063416,1.44
K00191.01,CONFIRMED,15.358767771,10.89
K01659.01,CONFIRMED,29.5390897,2.51
K01660.01,CANDIDATE,35.6364022,1.99
K01661.01,FALSE POSITIVE,0.94773253,45.58
K01662.01,FALSE POSITIVE,0.784031658,1.55
K01458.01,CANDIDATE,8.98128472,7.19
K00171.02,CONFIRMED,13.07141889,2.47
K01459.01,FALSE POSITIVE,0.692015479,19.31
K01460.01,FALSE POSITIVE,17.0421346,5.14
K01461.01,FALSE POSITIVE,7.94671044,27.43
K01462.01,FALSE POSITIVE,3.74781242,38.04
K01527.01,CANDIDATE,192.667139,3.64
K01528.01,CONFIRMED,3.989544192,0.93
K01529.01,CONFIRMED,17.9776037,1.58
K01529.02,CONFIRMED,11.8693144,1.09
K01530.01,CONFIRMED,12.98494603,1.64
K00184.01,FALSE POSITIVE,7.300735516,13.32
K01585.01,CONFIRMED,19.17893976,2.4
K01586.01,CONFIRMED,6.99130452,1.95
K01587.01,CANDIDATE,52.971584,29.02
K01588.01,CONFIRMED,3.517494725,1.42
K01665.01,CONFIRMED,6.93365167,1.7
K01665.02,CANDIDATE,5.91393977,1.07
K01669.01,CONFIRMED,61.0373591,3.38
K01672.01,CONFIRMED,33.8677783,2.31
K01675.01,CANDIDATE,14.62399621,21.92
K01463.01,FALSE POSITIVE,1064.2680956,33.63
K01464.01,FALSE POSITIVE,2.113202658,207.71
K01465.01,CANDIDATE,9.771462706,10.15
K01466.01,CANDIDATE,281.5628889,10.83
K01467.01,FALSE POSITIVE,1.157808038,22.9
K00178.01,FALSE POSITIVE,6.14281498,1.82
K01531.01,CONFIRMED,5.69919592,1.16
K01532.01,CONFIRMED,18.11473813,2.49
K01533.01,CONFIRMED,6.24145791,1.6
K01534.01,CONFIRMED,20.4222447,1.78
K01589.01,CONFIRMED,8.72585478,2.86
K01589.02,CONFIRMED,12.88291395,3.15
K01589.03,CONFIRMED,27.4345973,2.56
K01589.04,CONFIRMED,4.22453631,1.6
K01589.05,CONFIRMED,44.5520266,2.29
K01677.01,CONFIRMED,52.069002,2.92
K00191.02,CONFIRMED,2.418406841,2.25
K01677.02,CANDIDATE,8.51170088,
K01680.01,FALSE POSITIVE,5.0825188,0.88
K01681.01,CANDIDATE,6.93910337,1.41
K01683.01,CONFIRMED,9.11500269,1.78
K01468.01,FALSE POSITIVE,8.48031942,4.54
K00172.01,CONFIRMED,13.7223682,2.23
K01469.01,FALSE POSITIVE,3.582076914,5.33
K01470.01,CONFIRMED,15.43400996,4.3
K01471.01,FALSE POSITIVE,1.780984316,2.33
K01534.02,CONFIRMED,7.63846084,1.12
K01535.01,CONFIRMED,70.6981724,1.63
K01536.01,CONFIRMED,3.74443645,1.1
K01537.01,CANDIDATE,10.19154678,1.39
K01538.01,FALSE POSITIVE,10.581581895,53.19
K01539.01,FALSE POSITIVE,2.819453322,29.8
K01590.01,CANDIDATE,12.89006728,1.93
K00185.01,CANDIDATE,23.210509958,21.19
K01590.02,CONFIRMED,2.35574505,1.34
K01590.03,CANDIDATE,4.74666128,1.3
K01591.01,CONFIRMED,19.65639342,2.83
K01684.01,FALSE POSITIVE,62.81584402,57.62
K01685.01,CONFIRMED,70.468171,3.46
K01686.01,FALSE POSITIVE,56.86716792,
K01687.01,CONFIRMED,3.93246069,1.65
K01688.01,CONFIRMED,0.921030497,1.62
K01692.01,CONFIRMED,5.960400011,2.85
K01472.01,CONFIRMED,85.3514875,6.31
K01473.01,CANDIDATE,23.02028478,7.58
K01474.01,CONFIRMED,69.72646639,11.65
K01475.01,CONFIRMED,1.609321941,1.57
K01475.02,CONFIRMED,9.51220046,1.99
K01475.03,CONFIRMED,4.72941177,1.22
K00003.01,CONFIRMED,4.887803076,4.82
K00020.01,CONFIRMED,4.437962934,18.05
K00179.01,CONFIRMED,20.74028645,4.24
K01540.01,FALSE POSITIVE,1.207852845,38.59
K01541.01,FALSE POSITIVE,2.379282197,25.74
K01592.01,FALSE POSITIVE,26.0692512,23.61
K01593.01,CONFIRMED,9.69501146,2.08
K01593.02,CONFIRMED,15.3825394,2.14
K01594.01,FALSE POSITIVE,1.818939148,1.82
K01595.01,CONFIRMED,40.1097817,3.11
K00191.03,CANDIDATE,0.708621057,1.2
K01692.02,CONFIRMED,2.46106962,0.84
K01693.01,FALSE POSITIVE,3.403743926,10.77
K01700.01,CONFIRMED,8.03753796,1.54
K01701.01,FALSE POSITIVE,2.43902575,2.61
K01476.01,CONFIRMED,56.3587987,5.04
K00172.02,CONFIRMED,242.467406,1.73
K01477.01,CANDIDATE,169.4976085,9.06
K01478.01,CONFIRMED,76.13622222,4.78
K01479.01,FALSE POSITIVE,4.9883872,2.59
K01542.01,FALSE POSITIVE,2.586878667,19.84
K01543.01,FALSE POSITIVE,3.964333304,37.09
K01544.01,FALSE POSITIVE,1.525924389,49.86
K01545.01,FALSE POSITIVE,5.910371418,12.62
K01546.01,CANDIDATE,0.917568975,11.92
K01596.01,CONFIRMED,5.92365747,0.99
K01596.02,CONFIRMED,105.3582299,1.87
K00186.01,CONFIRMED,3.24325988,12.91
K01597.01,CANDIDATE,7.79668781,2.44
K01598.01,CONFIRMED,56.4758069,3.22
K01598.02,CONFIRMED,92.8747294,2.64
K01702.01,CONFIRMED,1.538180949,1.0
K01704.01,CONFIRMED,10.4188915,3.17
K01705.01,CONFIRMED,20.4998763,2.8
K01706.01,CONFIRMED,1.921437488,1.77
K01707.01,CONFIRMED,96.109323,4.01
K01480.01,CONFIRMED,20.38174802,3.16
K01480.02,CANDIDATE,7.00447892,1.19
K01481.01,CONFIRMED,5.101375725,2.84
K01482.01,FALSE POSITIVE,17.7940049,312.48
K01484.01,FALSE POSITIVE,3.47021401,2.4
K01547.01,CANDIDATE,30.69395532,13.72
K01548.01,FALSE POSITIVE,2.139325409,11.61
K01549.01,CANDIDATE,29.481061268,16.61
K00179.02,CONFIRMED,572.376632,5.8
K01550.01,FALSE POSITIVE,2.233799622,28.63
K01551.01,FALSE POSITIVE,31.13862664,12.88
K01598.03,CONFIRMED,13.93068791,1.4
K01599.01,CONFIRMED,20.4074846,2.9
K01600.01,FALSE POSITIVE,12.36564669,24.89
K01601.01,CONFIRMED,10.35078415,1.97
K01601.02,CONFIRMED,62.9224936,2.75
K01708.01,CANDIDATE,32.7737631,5.0
K00191.04,CONFIRMED,38.6520796,2.07
K01710.01,CONFIRMED,14.20442616,1.9
K01711.01,CONFIRMED,55.673582,2.19
K01713.01,CONFIRMED,6.82778157,1.34
K01485.01,FALSE POSITIVE,0.687895191,1.35
K01486.01,CONFIRMED,127.2824442,12.04
K00173.01,CONFIRMED,10.06083238,2.58
K01486.02,CONFIRMED,30.1837021,3.65
K01487.01,FALSE POSITIVE,2.92928244,38.42
K01552.01,CANDIDATE,77.63424586,9.4
K01553.01,CONFIRMED,52.75878505,8.76
K01554.01,FALSE POSITIVE,1.332564478,27.04
K01555.01,FALSE POSITIVE,41.0772969,3.25
K01556.01,FALSE POSITIVE,135.9121619,40.18
K01952.04,CONFIRMED,42.4729078,2.03
K01955.01,CONFIRMED,15.17026921,2.47
K01955.02,CONFIRMED,39.4576228,2.8
K01958.01,CONFIRMED,17.8159689,3.12
K01959.01,CONFIRMED,36.5157639,2.55
K02032.01,CONFIRMED,14.07969236,2.08
K02033.01,CONFIRMED,16.54081386,1.57
K02034.01,CONFIRMED,3.609313059,3.26
K02035.01,CONFIRMED,1.93155546,2.25
K02036.01,CONFIRMED,8.41100305,1.8
K01825.01,CONFIRMED,13.52252364,2.11
K01826.01,CONFIRMED,134.2520474,3.43
K00199.01,CONFIRMED,3.268695042,16.91
K01828.01,CONFIRMED,99.7468804,3.94
K01829.01,FALSE POSITIVE,22.84156293,30.0
K00205.01,CONFIRMED,11.720123999,7.94
K01890.01,CONFIRMED,4.33643506,1.75
K01891.01,CONFIRMED,15.95541913,2.18
K01891.02,CONFIRMED,8.25980352,1.35
K01892.01,CONFIRMED,62.5613879,3.54
K01960.01,CONFIRMED,8.96847034,2.17
K01961.01,CONFIRMED,1.907810683,0.91
K01962.01,CANDIDATE,32.85862571,2.31
K00213.01,FALSE POSITIVE,48.118812545,45.18
K01964.01,CANDIDATE,2.229326354,0.6
K01965.01,CONFIRMED,2.514628496,1.27
K00219.01,CONFIRMED,8.025118521,7.79
K02036.02,CONFIRMED,5.79529495,1.05
K02037.01,CONFIRMED,73.7578875,4.28
K02037.03,CANDIDATE,8.56267266,2.26
K02038.01,CONFIRMED,8.30537702,1.69
K01830.01,CONFIRMED,13.22714056,2.22
K01831.01,CONFIRMED,51.8098276,2.6
K01831.02,CONFIRMED,4.38536428,1.15
K01831.03,CONFIRMED,34.205785079,1.1
K01831.04,CONFIRMED,13.97945055,1.97
K01893.01,CONFIRMED,3.554856338,1.29
K01894.01,CONFIRMED,5.28790754,7.1
K01895.01,CONFIRMED,8.45746636,1.87
K01895.02,CONFIRMED,17.28116957,2.04
K01895.03,CONFIRMED,32.1340014,1.84
K01897.01,CONFIRMED,59.7711433,3.17
K01967.01,CONFIRMED,4.417692516,1.57
K01968.01,CONFIRMED,10.08744556,3.15
K01969.01,CONFIRMED,16.34355902,3.26
K01970.01,CONFIRMED,21.96401646,2.57
K01970.02,CONFIRMED,125.602323,2.89
K02038.02,CONFIRMED,12.51353325,1.88
K02038.03,CONFIRMED,17.9134215,1.39
K02038.04,CONFIRMED,25.2149143,1.19
K02039.01,CONFIRMED,5.42586901,1.48
K02040.01,CONFIRMED,19.58561177,3.09
K01832.01,CONFIRMED,4.544436472,3.0
K01832.02,CONFIRMED,12.76220558,3.18
K01832.03,CONFIRMED,38.7149617,2.62
K00199.02,FALSE POSITIVE,8.78458274,2.6
K01833.01,CONFIRMED,3.69298623,1.74
K00206.01,CONFIRMED,5.334082429,13.08
K01898.01,CONFIRMED,6.4980147,1.87
K01899.01,CONFIRMED,19.76169247,2.81
K01900.01,CONFIRMED,5.18498961,1.15
K01901.01,CONFIRMED,85.6542476,3.56
K01971.01,CONFIRMED,19.32945602,2.26
K01972.01,CANDIDATE,17.79108667,2.88
K01973.01,CONFIRMED,3.290114076,1.49
K00024.01,FALSE POSITIVE,2.086075752,10.3
K00214.01,CONFIRMED,3.311864148,9.06
K02042.01,CANDIDATE,63.0732241,17.8
K00220.01,CONFIRMED,2.422084188,3.55
K02043.01,CONFIRMED,78.5461106,3.55
K02044.01,CONFIRMED,16.92342126,3.4
K02045.01,CONFIRMED,5.47665801,2.01
K01835.01,CONFIRMED,4.580346161,1.38
K01835.02,CONFIRMED,2.248288213,1.25
K01835.03,CONFIRMED,6.76690759,1.31
K01837.01,CONFIRMED,34.1732156,2.37
K01838.01,CONFIRMED,16.7364755,2.73
K01902.01,FALSE POSITIVE,137.8645881,15.9
K01904.01,CONFIRMED,12.43929428,1.3
K01905.01,CONFIRMED,7.62635494,1.21
K01906.01,CANDIDATE,8.710442022,3.61
K01907.01,CONFIRMED,11.35010642,1.75
K01974.01,CONFIRMED,109.4450597,3.04
K01975.01,CONFIRMED,7.56052209,2.4
K01976.01,CONFIRMED,12.12401737,2.37
K01977.01,CONFIRMED,9.38740646,1.69
K01977.02,CONFIRMED,7.41556471,0.79
K02045.02,CONFIRMED,24.2101973,1.5
K02046.01,CONFIRMED,23.8990075,3.26
K02047.01,CONFIRMED,6.22161107,1.59
K02048.01,CONFIRMED,6.17998508,2.12
K02049.01,CONFIRMED,1.569066598,1.68
K01839.01,CONFIRMED,9.59068586,3.93
K01840.01,CONFIRMED,7.03932913,4.67
K01841.01,CONFIRMED,49.6075771,2.12
K01842.01,CONFIRMED,16.84183355,3.08
K00200.01,CONFIRMED,7.340714946,14.31
K01908.01,CONFIRMED,12.55111099,1.34
K00208.01,CONFIRMED,3.003879547,10.96
K01908.02,CONFIRMED,24.0884178,1.16
K01909.01,CONFIRMED,12.75800092,1.49
K01909.02,CONFIRMED,5.47033376,1.15
K01978.01,CONFIRMED,6.51112385,3.09
K01978.02,CONFIRMED,23.85163321,3.37
K01979.01,CONFIRMED,2.714078374,1.38
K01980.01,CONFIRMED,122.8799543,2.7
K01982.01,CONFIRMED,4.88753111,2.45
K02059.01,CONFIRMED,6.14728341,0.79
K02060.01,CONFIRMED,2.800111267,2.13
K02062.01,CONFIRMED,34.3511339,2.75
K00221.01,CONFIRMED,3.413036353,6.62
K02063.01,CONFIRMED,3.00725068,1.56
K01843.01,CONFIRMED,4.194496867,1.57
K01843.02,CANDIDATE,6.35585682,0.86
K01845.01,CONFIRMED,1.970340203,3.97
K01845.02,CONFIRMED,5.05821338,10.69
K01847.01,CONFIRMED,26.85323647,2.65
K01909.03,CONFIRMED,25.0985083,1.59
K01910.01,CONFIRMED,34.2685741,2.44
K01911.01,CONFIRMED,5.75321539,3.14
K01913.01,CONFIRMED,5.50860699,1.49
K01914.01,CONFIRMED,18.93055119,4.41
K00215.01,FALSE POSITIVE,42.94386258,41.62
K01984.01,CONFIRMED,22.06402,2.67
K01985.01,CONFIRMED,5.756245244,2.24
K01986.01,CONFIRMED,148.4601819,3.61
K01988.01,CONFIRMED,0.934885365,3.21
K02051.01,CONFIRMED,25.7626846,2.66
K02051.02,CONFIRMED,11.0317836,1.45
K00220.02,CONFIRMED,4.12511935,0.88
K02052.01,CANDIDATE,4.22464216,4.31
K02053.01,CONFIRMED,13.12162167,1.99
K01848.01,CONFIRMED,49.6220669,3.33
K01849.01,CONFIRMED,8.08801663,2.94
K01850.01,CONFIRMED,11.55103848,2.17
K01851.01,CONFIRMED,4.469754641,2.26
K01852.01,CONFIRMED,15.77382794,2.72
K01915.01,CONFIRMED,6.56226483,3.07
K01916.01,CONFIRMED,20.67876365,2.42
K00209.01,CONFIRMED,50.79034648,10.6
K01916.02,CONFIRMED,9.59993246,2.08
K01916.03,CONFIRMED,2.0248205,1.01
K01989.01,CONFIRMED,201.118319,2.28
K01990.01,CONFIRMED,24.7577652,2.44
K01992.01,CONFIRMED,12.7983174,2.88
K01996.01,CONFIRMED,10.13200555,1.67
K01997.01,CONFIRMED,38.505224,2.45
K02053.02,CONFIRMED,4.6126736,1.6
K02055.01,CONFIRMED,8.67890312,2.56
K02056.01,CONFIRMED,39.3135699,2.07
K02057.01,CONFIRMED,5.94565516,1.12
K02058.01,CONFIRMED,1.52373073,1.26
K00201.01,CONFIRMED,4.225384543,9.0
K01853.01,CONFIRMED,60.0853848,2.4
K01854.01,CONFIRMED,43.0343364,2.5
K01856.01,CANDIDATE,46.2991052,4.33
K01857.01,CONFIRMED,88.6440015,2.51
K01917.01,CONFIRMED,35.01190875,2.97
K01920.01,CONFIRMED,16.57099265,2.03
K01921.01,CONFIRMED,16.00496657,3.71
K01922.01,CONFIRMED,1.954525966,2.38
K01922.02,CANDIDATE,15.09521323,
K01923.01,CONFIRMED,7.23400381,1.78
K01998.01,CONFIRMED,6.77408984,2.5
K00216.01,CONFIRMED,20.172024672,6.24
K02000.01,CONFIRMED,26.41044199,2.45
K02001.01,CONFIRMED,8.27745764,2.46
K02002.01,CONFIRMED,14.37504582,2.05
K02064.01,CANDIDATE,6.31219171,2.17
K02066.01,CONFIRMED,147.97391,3.33
K02067.01,CONFIRMED,13.24503482,1.77
K02069.01,CONFIRMED,77.2550726,3.7
K02071.01,CONFIRMED,3.85690686,0.93
K01858.01,CONFIRMED,116.3311739,3.26
K01858.02,CANDIDATE,86.049055,2.06
K01860.01,CONFIRMED,6.31943553,2.71
K01860.02,CONFIRMED,12.20951755,2.61
K01860.03,CONFIRMED,3.07644709,1.61
K01924.01,FALSE POSITIVE,2.11913005,1.35
K01925.01,CONFIRMED,68.958447,1.11
K00209.02,CONFIRMED,18.79591276,7.39
K01927.01,FALSE POSITIVE,47.76397728,
K01928.01,CONFIRMED,63.0380366,2.59
K01929.01,CONFIRMED,9.69315023,1.89
K02003.01,FALSE POSITIVE,8.48031229,2.58
K02004.01,CONFIRMED,56.1886436,2.56
K02005.01,CONFIRMED,6.92101452,1.48
K02006.01,CONFIRMED,3.27344784,0.81
K02007.01,CONFIRMED,15.3789014,2.94
K01783.01,CONFIRMED,134.4785189,10.52
K01784.01,CANDIDATE,5.007414194,8.8
K01786.01,FALSE POSITIVE,24.68662378,48.04
K01787.01,CONFIRMED,98.7179332,6.99
K01788.01,CONFIRMED,71.52543938,5.76
K01861.01,CANDIDATE,17.50441726,3.56
K00202.01,CONFIRMED,1.72086129,13.25
K01862.01,CONFIRMED,56.4349933,2.37
K01863.01,CONFIRMED,33.7888028,2.71
K01864.01,CONFIRMED,3.215109385,1.54
K01929.02,CONFIRMED,3.29276797,1.39
K01930.01,CONFIRMED,13.72710334,2.38
K01930.02,CONFIRMED,24.3110031,2.3
K01930.03,CONFIRMED,44.4304059,2.61
K01930.04,CONFIRMED,9.34145925,1.56
K01931.01,CONFIRMED,4.97760447,1.75
K02007.02,CONFIRMED,21.1285655,2.88
K02008.01,FALSE POSITIVE,24.4851178,7.14
K00216.02,CONFIRMED,7.51854537,1.42
K02009.01,CANDIDATE,86.7490807,2.23
K02010.01,CONFIRMED,25.96190067,3.25
K01790.01,CONFIRMED,130.3543929,7.7
K00196.01,CONFIRMED,1.855557556,10.05
K01793.01,CANDIDATE,3.261759866,8.01
K01794.01,FALSE POSITIVE,3.364425589,56.83
K01797.01,CONFIRMED,16.78175788,2.25
K01866.01,CONFIRMED,105.3035093,3.18
K01867.01,CONFIRMED,2.549562652,1.11
K01867.02,CONFIRMED,13.96950181,2.04
K01867.03,CONFIRMED,5.21230171,1.04
K01868.01,CONFIRMED,17.76076524,1.93
K01931.02,CONFIRMED,10.55840479,1.41
K00210.01,CANDIDATE,20.92735802,17.36
K01931.03,CONFIRMED,6.98800953,1.39
K01932.01,CONFIRMED,22.8245144,3.36
K01933.01,CONFIRMED,49.1011093,3.28
K02011.01,CONFIRMED,7.05675145,1.68
K02012.01,CONFIRMED,34.8536903,2.4
K02013.01,CONFIRMED,2.41434868,0.97
K02014.01,FALSE POSITIVE,2.466070972,24.3
K02016.01,CONFIRMED,4.30656389,1.95
K01798.01,FALSE POSITIVE,12.964717746,39.93
K01799.01,FALSE POSITIVE,1.731079436,56.05
K01800.01,CONFIRMED,7.794302043,16.51
K01801.01,CONFIRMED,14.5324483,3.11
K01802.01,CONFIRMED,5.248667607,2.84
K01870.01,CONFIRMED,7.96431492,2.44
K01871.01,CONFIRMED,92.7297248,2.81
K00203.01,CONFIRMED,1.485710994,14.48
K01872.01,CANDIDATE,30.5231459,11.26
K01873.01,CONFIRMED,71.3116598,4.94
K01934.01,CANDIDATE,28.78270955,2.11
K01935.01,FALSE POSITIVE,15.44428875,37.58
K01937.01,CONFIRMED,1.411230023,1.71
K01938.01,CONFIRMED,96.9151707,2.37
K01939.01,CONFIRMED,13.47472742,1.96
K02017.01,CONFIRMED,2.29503515,1.18
K02018.01,CONFIRMED,27.495634,2.11
K02019.01,CONFIRMED,14.08826442,2.66
K00217.01,CONFIRMED,3.905081685,12.78
K02020.01,CONFIRMED,110.9643706,2.11
K01803.01,CANDIDATE,4.539297295,2.34
K01805.01,CONFIRMED,6.94135824,2.96
K00197.01,CONFIRMED,17.276296682,7.31
K01805.02,CONFIRMED,31.7821117,2.08
K01805.03,CONFIRMED,4.36273233,1.76
K01874.01,CONFIRMED,18.6848377,1.93
K01874.02,CONFIRMED,7.41634701,1.24
K01875.01,CONFIRMED,9.91724268,2.85
K01876.01,CONFIRMED,82.5341188,2.45
K01877.01,CONFIRMED,20.16037858,1.75
K01940.01,CONFIRMED,10.99470891,1.71
K01940.02,CANDIDATE,6.73679732,
K00211.01,CANDIDATE,124.03589939,11.13
K01941.01,FALSE POSITIVE,1.194812329,1.36
K01942.01,CONFIRMED,10.84969477,2.67
K01944.01,CONFIRMED,12.18420006,2.59
K02021.01,CONFIRMED,3.76417012,1.7
K02022.01,CONFIRMED,5.92972237,1.92
K02022.02,CONFIRMED,12.2476121,1.9
K02023.01,CONFIRMED,13.59051547,2.4
K02024.01,CONFIRMED,46.8776724,2.62
K01808.01,CONFIRMED,89.1935737,3.81
K01809.01,CONFIRMED,13.09390911,2.2
K01809.02,CONFIRMED,4.915385452,1.46
K01810.01,FALSE POSITIVE,87.455958,70.11
K01812.01,FALSE POSITIVE,0.805259257,63.55
K01813.01,CONFIRMED,9.76785911,2.54
K01878.01,CONFIRMED,40.80957343,3.44
K01879.01,CONFIRMED,22.08551599,3.34
K01880.01,CONFIRMED,1.151166776,1.28
K00023.01,FALSE POSITIVE,4.693305543,17.85
K00204.01,CONFIRMED,3.246732048,12.4
K01944.02,FALSE POSITIVE,8.3606759,1.49
K01945.01,CONFIRMED,62.1385979,5.14
K01945.02,CANDIDATE,17.1181036,1.22
K01946.01,CANDIDATE,8.29482811,2.76
K01948.01,FALSE POSITIVE,26.635216,27.64
K02025.01,CONFIRMED,17.84850835,3.29
K02025.02,CONFIRMED,26.1363443,2.8
K02025.03,CONFIRMED,11.1895709,1.81
K02026.01,CONFIRMED,2.757977384,1.69
K00218.01,FALSE POSITIVE,18.692860599,14.81
K01814.01,CONFIRMED,14.80075082,17.38
K01815.01,CONFIRMED,3.126861192,5.12
K00198.01,FALSE POSITIVE,87.24250316,15.86
K01816.01,CANDIDATE,10.240611361,3.9
K01818.01,CONFIRMED,16.87725775,2.54
K01819.01,CONFIRMED,12.05705659,1.96
K01881.01,CONFIRMED,28.26727385,2.93
K01882.01,CONFIRMED,3.770590654,2.13
K01883.01,CONFIRMED,2.7073064,1.36
K01884.01,CANDIDATE,23.11707222,4.37
K01884.02,CANDIDATE,4.77502117,1.73
K01950.01,CONFIRMED,66.4159789,3.44
K01952.01,CONFIRMED,8.0103929,1.88
K00212.01,CANDIDATE,5.69590202,6.61
K01952.02,CONFIRMED,27.6666375,2.04
K01952.03,CONFIRMED,5.19559398,1.18
K02028.01,CONFIRMED,57.2488518,3.19
K02028.02,CONFIRMED,37.0551726,3.19
K02029.01,CONFIRMED,16.33269981,1.61
K02029.02,CONFIRMED,10.05550267,0.92
K02031.01,CONFIRMED,9.30413878,1.67
K01820.01,CONFIRMED,4.33722007,1.63
K01820.02,CONFIRMED,1.653889476,0.97
K01822.01,CONFIRMED,150.8783198,4.37
K01824.01,CONFIRMED,3.553831111,1.62
K01824.02,CONFIRMED,1.6783263,1.57
K01885.01,CONFIRMED,5.65378163,1.82
K01886.01,CONFIRMED,5.99185827,2.75
K01888.01,CONFIRMED,120.0183551,4.54
K01889.01,CONFIRMED,14.30517579,3.05
K01889.02,CONFIRMED,9.18189122,2.17
K02248.04,CANDIDATE,2.64622742,0.99
K02250.01,CONFIRMED,2.935362067,3.15
K02252.01,CONFIRMED,13.53953595,2.32
K02253.01,CONFIRMED,22.7082375,1.72
K02255.01,CONFIRMED,7.97033985,1.81
K02336.01,FALSE POSITIVE,5.33459393,0.79
K02337.01,CONFIRMED,8.49640437,2.14
K02338.01,CONFIRMED,66.1843646,2.72
K02339.01,CONFIRMED,2.032318856,1.12
K02339.02,CANDIDATE,65.18703725,
K00239.02,CONFIRMED,3.62275506,1.62
K02101.01,CONFIRMED,2.892216772,1.31
K02102.01,CONFIRMED,187.746606,2.95
K02103.01,CONFIRMED,2.543063763,1.26
K00223.01,CONFIRMED,3.177414601,2.65
K02104.01,CONFIRMED,2.168451063,2.41
K02173.01,CONFIRMED,37.8154157,1.21
K02173.02,CONFIRMED,53.5783052,1.16
K02174.01,CANDIDATE,6.69332825,2.44
K02174.02,CONFIRMED,33.1362861,2.05
K02174.03,CONFIRMED,7.72513619,1.71
K02256.01,CONFIRMED,10.71253475,2.02
K02257.01,CONFIRMED,32.5635249,2.05
K02259.01,CONFIRMED,12.19140405,2.46
K02260.01,CONFIRMED,6.11784972,1.05
K02261.01,CONFIRMED,3.97599629,1.11
K02340.01,CONFIRMED,7.68478504,1.47
K02341.01,FALSE POSITIVE,0.990516282,3.52
K02342.01,CONFIRMED,15.0447098,1.51
K02343.01,CANDIDATE,29.0726293,2.32
K02344.01,CONFIRMED,1.118547814,0.98
K02105.01,CONFIRMED,6.42199919,1.25
K02106.01,CONFIRMED,9.75374033,1.87
K02107.01,CONFIRMED,81.3153052,2.55
K02108.01,CONFIRMED,51.3283527,3.06
K02109.01,CONFIRMED,19.7919389,2.58
K02175.01,CONFIRMED,26.8475962,3.2
K02177.01,CONFIRMED,62.8917493,2.5
K02179.01,CONFIRMED,14.87149773,1.59
K02179.02,CONFIRMED,2.732767897,1.42
K00231.01,FALSE POSITIVE,119.8401019,26.96
K00234.01,CONFIRMED,9.61375316,3.27
K02261.02,CANDIDATE,6.6254781,0.9
K02263.01,CONFIRMED,29.9685917,1.91
K02264.01,CONFIRMED,33.2407985,1.51
K02265.01,FALSE POSITIVE,2.97600846,2.27
K02345.01,CONFIRMED,15.18727049,1.94
K02346.01,CONFIRMED,28.6853212,2.69
K02347.01,CONFIRMED,0.588001053,0.99
K02348.01,CONFIRMED,85.7357202,2.94
K02350.01,CONFIRMED,1.078389713,1.98
K02110.01,CONFIRMED,5.03728033,1.55
K02111.01,CONFIRMED,3.289726319,1.37
K02111.02,CONFIRMED,7.18644594,2.19
K02113.01,CONFIRMED,15.94248453,2.62
K00223.02,CONFIRMED,41.0081117,2.64
K02180.01,CONFIRMED,11.55562042,2.11
K02181.01,CONFIRMED,12.2885046,3.22
K02182.01,CONFIRMED,17.13263125,2.31
K02183.01,CONFIRMED,19.0231361,2.04
K02183.02,CONFIRMED,4.57948235,1.35
K02266.01,CONFIRMED,1.003931703,1.6
K02269.01,FALSE POSITIVE,0.614083885,2.55
K02271.01,CONFIRMED,55.8224775,2.13
K02272.01,CANDIDATE,1.34145255,1.31
K02273.01,CONFIRMED,6.11010439,0.93
K00240.01,CONFIRMED,4.286866229,4.14
K02351.01,CONFIRMED,10.27380957,1.68
K02352.01,CONFIRMED,13.39155154,1.58
K02352.02,CONFIRMED,5.62904396,1.39
K02352.03,CONFIRMED,8.2562857,1.49
K02113.02,CONFIRMED,12.33087921,2.34
K02114.01,CONFIRMED,4.421566535,2.19
K02115.01,CONFIRMED,15.72585941,2.69
K02116.01,CONFIRMED,1.252753881,2.44
K02117.01,CONFIRMED,13.36019864,1.84
K02185.01,CONFIRMED,76.957056,2.09
K02186.01,CANDIDATE,14.97974335,3.79
K02188.02,CANDIDATE,6.7445683,0.86
K02189.01,CANDIDATE,33.35859852,4.44
K02191.01,CONFIRMED,8.84784273,1.15
K02274.01,CONFIRMED,9.98970266,2.48
K00235.01,CONFIRMED,5.63252508,2.04
K02276.01,CONFIRMED,1.442592305,2.67
K02278.01,CONFIRMED,14.17222858,2.39
K02278.02,CONFIRMED,4.92031063,1.18
K02358.01,CONFIRMED,56.4931698,4.43
K00241.01,CONFIRMED,13.82142084,2.2
K02360.01,FALSE POSITIVE,2.30367952,1.3
K02361.01,CONFIRMED,5.78387049,2.07
K02362.02,CONFIRMED,11.08507658,2.5
K02119.01,CONFIRMED,0.571038347,1.65
K02120.01,CONFIRMED,8.77425786,1.75
K02121.01,CONFIRMED,4.51005082,1.74
K02122.01,CONFIRMED,37.6468519,5.37
K02123.01,CONFIRMED,29.4557841,2.19
K00232.01,CONFIRMED,12.466004437,5.65
K02193.01,CONFIRMED,2.361724472,1.53
K02194.01,CONFIRMED,34.7630543,1.75
K02195.01,CONFIRMED,20.0545282,2.63
K02200.01,CONFIRMED,3.17059731,1.69
K02279.01,CONFIRMED,27.0142622,2.0
K02279.02,CONFIRMED,12.50945798,1.54
K02280.01,CONFIRMED,26.0203329,4.53
K02281.01,CONFIRMED,0.769854899,0.93
K02282.01,CONFIRMED,6.89226333,2.13
K02368.01,CONFIRMED,8.07127043,1.53
K02369.01,CONFIRMED,11.01819178,2.64
K00241.02,CONFIRMED,30.9505927,1.51
K02369.02,CANDIDATE,6.3143447,1.34
K02370.01,CANDIDATE,78.7327023,7.76
K00224.01,FALSE POSITIVE,3.979867514,26.5
K02124.01,CANDIDATE,42.3375799,1.45
K02125.01,CONFIRMED,23.3593589,2.98
K02126.01,CONFIRMED,9.69310837,2.12
K02128.01,FALSE POSITIVE,24.2598301,25.42
K02201.01,FALSE POSITIVE,116.5214317,44.41
K02202.01,CONFIRMED,0.813166357,1.14
K02204.01,CONFIRMED,10.86062378,2.09
K02205.01,CONFIRMED,24.08632177,2.78
K02206.01,CANDIDATE,1.834277283,1.64
K02283.01,FALSE POSITIVE,17.40208965,16.37
K02285.01,CONFIRMED,37.9456138,2.79
K00027.01,FALSE POSITIVE,1.141877248,88.62
K00236.01,FALSE POSITIVE,5.77675928,32.77
K02286.01,CONFIRMED,24.1738244,2.21
K02353.01,CONFIRMED,5.186737262,2.4
K02354.01,CANDIDATE,1.151244686,40.32
K02355.01,CONFIRMED,1.217000383,1.58
K02356.01,CONFIRMED,13.6823798,1.43
K02357.01,CANDIDATE,2.42088277,2.27
K02129.01,CONFIRMED,8.79618433,1.77
K02130.01,CONFIRMED,16.85592593,1.7
K02131.01,CONFIRMED,14.36270451,2.31
K02132.01,CONFIRMED,69.8956789,3.04
K02133.01,CONFIRMED,6.24667547,14.93
K02208.01,CONFIRMED,2.344512589,0.97
K00232.02,CONFIRMED,5.766165573,2.27
K02209.01,CONFIRMED,18.3027235,2.72
K02210.01,CONFIRMED,2.888904439,1.68
K02212.01,CONFIRMED,17.14648756,3.64
K02287.01,CONFIRMED,16.09227518,0.98
K02288.01,CANDIDATE,38.103908,4.08
K02289.01,CONFIRMED,62.7843981,2.28
K02290.01,CONFIRMED,91.500873,1.82
K02291.01,CONFIRMED,44.2993483,2.68
K02363.01,CONFIRMED,3.13877646,0.97
K02364.01,CANDIDATE,5.24242029,3.86
K02365.01,CONFIRMED,35.9682692,2.95
K02366.01,CONFIRMED,25.3690868,1.67
K02367.01,CONFIRMED,6.89213244,1.35
K02134.01,CONFIRMED,42.3006282,2.54
K00225.01,FALSE POSITIVE,0.838597429,44.67
K02135.01,CONFIRMED,55.1866213,2.47
K02136.01,FALSE POSITIVE,1.728528176,5.07
K02137.01,CONFIRMED,14.97436238,1.28
K02213.01,CONFIRMED,3.97076603,1.6
K02214.01,CONFIRMED,2.352273912,1.29
K02215.01,FALSE POSITIVE,22.0425953,28.78
K02216.01,CONFIRMED,23.34036251,2.21
K02217.01,CANDIDATE,37.8034121,2.95
K02293.01,CONFIRMED,15.03366411,1.7
K02294.01,CANDIDATE,131.485184,3.03
K02295.01,CANDIDATE,16.2908527,0.52
K02296.01,CONFIRMED,106.247882,2.01
K00237.01,CONFIRMED,8.508333104,2.6
K02371.01,CONFIRMED,12.94123564,1.7
K02372.01,CONFIRMED,5.349791,1.29
K02373.01,CANDIDATE,147.281212,2.28
K02374.01,CONFIRMED,5.26211833,1.95
K02374.02,CONFIRMED,12.1628195,3.14
K02138.01,CONFIRMED,23.5541012,2.33
K02140.01,CONFIRMED,41.6977582,2.26
K02143.01,CONFIRMED,4.79029482,1.01
K02144.01,CONFIRMED,38.6715843,2.45
K02145.01,CONFIRMED,8.32651854,1.8
K02218.01,CONFIRMED,5.53533152,1.75
K02218.02,CONFIRMED,16.7261969,1.56
K00232.03,CONFIRMED,21.58752788,2.18
K02219.01,CONFIRMED,3.757294695,1.23
K02220.01,CONFIRMED,3.2828024,1.79
K02297.01,CONFIRMED,4.64495172,1.38
K02298.01,CANDIDATE,16.6671415,0.7
K02299.01,CONFIRMED,16.48686712,27.45
K02300.01,CONFIRMED,2.685054445,1.46
K02302.01,CONFIRMED,16.8600805,1.71
K02072.01,CONFIRMED,1.54320541,1.23
K02073.01,CONFIRMED,49.5004725,2.49
K02073.02,CONFIRMED,6.47539108,1.92
K02073.03,CONFIRMED,16.85825609,2.51
K00025.01,FALSE POSITIVE,3.132604547,48.73
K02146.01,CONFIRMED,2.949029106,1.48
K02147.01,CONFIRMED,37.8658964,2.01
K00226.01,CONFIRMED,8.30865307,2.42
K02148.01,CONFIRMED,11.93205399,1.83
K02148.02,CONFIRMED,7.54235832,1.59
K02220.02,CONFIRMED,5.02818253,2.03
K02220.03,CONFIRMED,1.897828815,1.73
K02221.01,CONFIRMED,10.62788695,1.87
K02222.01,CANDIDATE,34.135676,13.98
K02223.01,CONFIRMED,1.104462494,1.6
K02303.01,CONFIRMED,4.89336495,1.6
K02304.01,CONFIRMED,11.17392077,1.64
K02305.01,CONFIRMED,31.0325991,2.64
K02306.01,FALSE POSITIVE,0.512407185,1.03
K02307.01,FALSE POSITIVE,4.150297119,3.03
K00221.02,CONFIRMED,5.89661966,1.28
K02074.01,CONFIRMED,33.4178173,3.13
K02075.01,CONFIRMED,2.053341891,1.44
K02076.01,CONFIRMED,56.7769831,3.21
K02078.01,CONFIRMED,18.78429232,2.14
K02148.03,CONFIRMED,3.61460279,1.14
K02149.01,CONFIRMED,13.15140223,1.87
K02150.01,CONFIRMED,18.5084526,29.33
K02151.01,FALSE POSITIVE,7.47763833,2.05
K02152.01,CONFIRMED,42.1918331,2.35
K02224.01,CONFIRMED,3.73090026,1.48
K02224.02,CANDIDATE,86.130534,1.47
K02225.01,CONFIRMED,2.787874175,2.33
K00232.04,CONFIRMED,37.9962369,2.39
K02226.01,CANDIDATE,8.46354384,2.51
K00238.01,CONFIRMED,17.23232894,2.79
K02308.01,CONFIRMED,28.5057217,2.55
K02309.01,CONFIRMED,53.5991459,2.49
K02310.01,CONFIRMED,16.4581861,1.82
K02311.01,CANDIDATE,191.86419296,
K02311.02,CANDIDATE,13.72549689,
K02312.01,CANDIDATE,176.331289,2.38
K02079.01,CONFIRMED,0.693842661,0.83
K02080.01,CONFIRMED,83.4887405,2.95
K02080.02,CONFIRMED,34.0607677,2.96
K02081.01,CANDIDATE,6.2141496,4.27
K02082.01,CONFIRMED,31.5888979,2.59
K02153.01,CONFIRMED,59.9809868,2.81
K02153.02,CONFIRMED,25.7457957,1.73
K02154.01,CONFIRMED,11.92979348,2.43
K00227.01,CANDIDATE,17.65737838,2.45
K02155.01,CONFIRMED,4.3394569,2.11
K02156.01,CONFIRMED,2.852348262,1.66
K02227.01,CONFIRMED,65.6480892,3.93
K02228.01,FALSE POSITIVE,102.653705,39.16
K02229.01,CONFIRMED,14.83340944,2.54
K02230.01,FALSE POSITIVE,0.987338654,0.98
K02232.01,CONFIRMED,101.1323475,3.87
K02233.01,FALSE POSITIVE,1.811460943,2.83
K02313.01,CONFIRMED,16.07673148,2.14
K02314.01,CONFIRMED,18.87058705,2.67
K02315.01,CONFIRMED,22.1334224,1.76
K02316.01,CONFIRMED,17.1369408,2.05
K00238.02,CONFIRMED,26.6951944,1.4
K02083.01,CONFIRMED,7.72085047,2.53
K00222.01,CONFIRMED,6.312508525,2.0
K02084.01,CONFIRMED,4.19577385,3.02
K02086.01,CONFIRMED,7.1329472,1.64
K02086.02,CONFIRMED,8.91901228,1.84
K02158.01,CONFIRMED,4.5620407,2.82
K02159.01,CANDIDATE,7.5966998,1.32
K02159.02,FALSE POSITIVE,2.392630668,1.33
K02160.01,CONFIRMED,17.6700291,2.89
K02160.02,CANDIDATE,15.40877383,
K02162.01,CONFIRMED,108.593113,1.68
K02236.01,CONFIRMED,19.9865916,4.22
K02236.02,CONFIRMED,12.12580644,2.5
K02237.01,CONFIRMED,76.421501,2.81
K00232.05,CONFIRMED,56.2590881,2.22
K02238.01,CONFIRMED,1.646801683,0.86
K02317.01,CONFIRMED,3.78861833,1.23
K02318.01,CONFIRMED,10.45839865,1.25
K02319.01,CONFIRMED,21.1033014,1.56
K02321.01,CONFIRMED,95.6114617,2.37
K02323.01,CANDIDATE,58.35512552,
K02324.01,CANDIDATE,1.204686597,1.55
K02086.03,CONFIRMED,11.8984948,1.69
K02087.01,CONFIRMED,23.1274171,1.44
K02090.01,CONFIRMED,5.132486123,1.69
K02091.01,CONFIRMED,8.77997349,2.12
K02092.01,CONFIRMED,57.6896212,5.14
K02163.01,CONFIRMED,10.66489514,1.76
K02164.01,CONFIRMED,5.1233204,1.65
K00229.01,CONFIRMED,3.573202801,5.81
K02166.01,CONFIRMED,61.6174528,3.36
K02167.01,CONFIRMED,24.3398202,5.09
K02241.01,CONFIRMED,7.16520428,2.31
K02242.01,CONFIRMED,1.755843555,1.94
K02243.01,CONFIRMED,5.18560081,2.34
K02245.01,CONFIRMED,33.4698571,2.45
K02246.01,CONFIRMED,11.89520436,1.33
K02325.01,CONFIRMED,1.025857984,1.57
K02327.01,CONFIRMED,5.60013327,1.73
K02328.01,CONFIRMED,25.2034128,2.42
K02329.01,CONFIRMED,1.615357809,1.37
K00239.01,CONFIRMED,5.640676975,4.59
K02092.02,CONFIRMED,25.5638626,4.0
K02093.01,CANDIDATE,6.78341325,20.75
K00222.02,CONFIRMED,12.7945474,1.6
K02094.01,CONFIRMED,42.4269647,3.44
K02095.01,CONFIRMED,1.434745129,1.5
K02167.02,CANDIDATE,6.95787,1.39
K02168.01,CONFIRMED,3.28192056,1.6
K02168.02,CONFIRMED,12.51610549,1.87
K02169.01,CONFIRMED,5.45298742,0.92
K02169.02,CONFIRMED,3.26662733,0.68
K02247.01,CONFIRMED,4.45743267,0.79
K02248.01,CONFIRMED,2.81814715,1.3
K02248.02,CANDIDATE,9.4907638,1.05
K02248.03,CANDIDATE,0.76196247,1.08
K00233.01,FALSE POSITIVE,1.824649,5.31
K02331.01,CONFIRMED,2.832647249,1.37
K02332.01,CONFIRMED,3.70063251,1.24
K02333.01,CONFIRMED,3.93083997,1.2
K02333.02,CONFIRMED,7.63008196,1.39
K02335.01,CONFIRMED,16.22378479,1.51
K02096.01,CONFIRMED,9.76293284,1.94
K02097.01,CONFIRMED,58.601926,2.06
K02098.01,CONFIRMED,25.0823402,2.26
K02099.01,CONFIRMED,78.0998908,3.37
K02100.01,CONFIRMED,4.27103727,1.22
K02169.03,CONFIRMED,4.27226421,0.64
K02169.04,CANDIDATE,2.19251903,0.37
K02171.01,CONFIRMED,3.53232429,1.43
K00026.01,FALSE POSITIVE,15.03946326,12.36
K00230.01,FALSE POSITIVE,4.702495974,37.24
K02172.01,CONFIRMED,10.44087398,3.41
K02554.01,CANDIDATE,39.7557642,13.72
K02554.02,CANDIDATE,10.27127527,0.94
K02555.01,CONFIRMED,12.5722897,1.09
K02556.01,CONFIRMED,40.8366307,1.5
K02557.01,FALSE POSITIVE,11.7761073,1.31
K02633.01,FALSE POSITIVE,29.7123181,46.43
K00253.02,CONFIRMED,20.6180348,1.57
K02634.01,CONFIRMED,19.9401211,2.42
K02635.01,CONFIRMED,22.2420032,2.04
K02636.01,CONFIRMED,3.88148385,0.59
K02409.01,CONFIRMED,0.577369336,1.42
K02410.01,FALSE POSITIVE,186.65435483,
K00244.01,CONFIRMED,12.720370263,4.75
K02410.02,FALSE POSITIVE,86.59322294,
K02411.01,CONFIRMED,11.96407399,3.21
K02412.01,FALSE POSITIVE,2.493237866,9.48
K02413.01,CONFIRMED,12.90467523,1.49
K02484.01,CONFIRMED,68.8861017,1.47
K02485.01,CONFIRMED,9.99115241,1.68
K02486.01,CANDIDATE,4.267961416,1.42
K02487.01,CONFIRMED,36.292017,3.1
K00031.01,FALSE POSITIVE,0.925589891,50.6
K00250.02,CONFIRMED,17.25121397,2.64
K02558.01,FALSE POSITIVE,1.867281146,31.18
K02559.01,CONFIRMED,9.30991834,1.21
K02560.01,CANDIDATE,18.1209388,1.68
K02561.01,CONFIRMED,3.23941775,0.77
K02637.01,CANDIDATE,3.98864999,1.15
K02638.01,CONFIRMED,2.524017517,1.5
K02639.01,CANDIDATE,25.1123362,2.22
K02639.02,CANDIDATE,2.121023807,5.75
K02640.01,CANDIDATE,33.18089453,
K02641.01,CANDIDATE,3.55557922,0.84
K02413.02,CONFIRMED,31.2012202,1.47
K02414.01,CONFIRMED,22.5968256,1.3
K02414.02,CONFIRMED,45.3486381,1.61
K02415.01,CONFIRMED,5.25419589,2.12
K02416.01,CONFIRMED,5.90608902,1.77
K00247.01,CONFIRMED,13.81504449,1.91
K02488.01,CONFIRMED,12.4128518,1.5
K02489.01,CONFIRMED,3.92453009,1.82
K02490.01,CONFIRMED,11.60653061,1.88
K02491.01,CONFIRMED,2.66831274,1.48
K02562.01,FALSE POSITIVE,2.9322509,1.33
K02563.01,CONFIRMED,23.4772553,1.34
K02564.01,CONFIRMED,66.5576728,4.96
K02565.01,FALSE POSITIVE,2.01948607,2.15
K02566.01,FALSE POSITIVE,3.04468229,0.86
K02642.01,FALSE POSITIVE,15.05028313,2.46
K00254.01,CONFIRMED,2.455240626,10.6
K02643.01,CONFIRMED,9.08233411,1.35
K02644.01,FALSE POSITIVE,0.790539912,1.24
K02645.01,FALSE POSITIVE,1.705782214,1.82
K02646.01,FALSE POSITIVE,0.532086296,16.99
K02417.01,CONFIRMED,47.7052566,2.89
K00244.02,CONFIRMED,6.238535444,2.53
K02418.01,CONFIRMED,86.829519,1.68
K02419.01,CONFIRMED,9.95667035,3.41
K02420.01,CONFIRMED,10.41728722,1.64
K02492.01,CONFIRMED,0.984941669,1.49
K02493.01,CONFIRMED,0.663085361,1.6
K02494.01,CONFIRMED,19.1187425,2.33
K02495.01,FALSE POSITIVE,1.08749101,4.91
K02496.01,FALSE POSITIVE,1.183818383,0.91
K02567.01,FALSE POSITIVE,4.98845099,1.33
K00250.03,CONFIRMED,3.543919702,1.21
K02569.01,CANDIDATE,8.28157072,1.37
K02571.01,CANDIDATE,0.82628442,0.96
K02572.01,CANDIDATE,6.37705295,2.15
K02647.01,CONFIRMED,8.83929462,1.94
K02648.01,FALSE POSITIVE,0.631795416,1.88
K02649.01,CONFIRMED,7.56126152,1.2
K02650.01,CONFIRMED,34.9897847,1.14
K02650.02,CONFIRMED,7.05429483,1.0
K02421.01,CANDIDATE,2.27050106,0.55
K02422.01,CONFIRMED,26.7838935,1.59
K02423.01,CONFIRMED,45.126216,2.32
K02424.01,CONFIRMED,11.94019101,1.86
K02425.01,FALSE POSITIVE,3.51295674,1.1
K02497.01,CONFIRMED,48.4313003,2.78
K00248.01,CONFIRMED,7.203855862,2.25
K02498.01,CONFIRMED,6.73808701,0.73
K02499.01,FALSE POSITIVE,7.57571414,2.45
K02501.01,FALSE POSITIVE,4.76887671,2.11
K02573.01,FALSE POSITIVE,1.347512632,23.45
K02574.01,FALSE POSITIVE,0.512581697,1.32
K02576.01,FALSE POSITIVE,12.07760884,1.03
K02577.01,CANDIDATE,18.55581565,20.83
K02578.01,CANDIDATE,13.33094869,25.95
K02651.01,FALSE POSITIVE,6.38315744,2.35
K00255.01,CONFIRMED,27.52194772,2.47
K02652.01,CONFIRMED,16.1289679,2.94
K02654.01,CONFIRMED,13.5631157,1.75
K02655.01,CONFIRMED,16.2959916,1.83
K02426.01,CONFIRMED,4.16056658,0.7
K02427.01,FALSE POSITIVE,2.93101771,1.15
K00245.01,CONFIRMED,39.79220077,1.9
K02428.01,FALSE POSITIVE,16.2276756,2.11
K02429.01,FALSE POSITIVE,1.595630597,17.94
K02503.01,CONFIRMED,14.8200596,0.96
K02504.01,CONFIRMED,20.49041,2.34
K02505.01,FALSE POSITIVE,0.962827066,29.27
K02506.01,CONFIRMED,8.679037,1.79
K02507.01,CONFIRMED,11.1296971,1.93
K02579.01,CONFIRMED,2.7296036,1.53
K02580.01,CONFIRMED,3.11604194,1.59
K00250.04,CONFIRMED,46.82767725,2.13
K02581.01,CONFIRMED,12.7372371,0.87
K02582.01,CONFIRMED,40.0306267,2.01
K02668.01,CONFIRMED,0.679336747,1.4
K02669.01,FALSE POSITIVE,213.6103207,46.07
K02670.01,FALSE POSITIVE,170.8658492,24.4
K02671.01,CANDIDATE,21.47642727,59.5
K02671.02,FALSE POSITIVE,17.5509742,5.97
K02672.01,CONFIRMED,88.5122014,4.7
K02430.01,FALSE POSITIVE,10.21507506,1.5
K02431.01,FALSE POSITIVE,8.3806973,1.91
K02432.01,CONFIRMED,31.0572947,1.85
K02433.01,CONFIRMED,15.1622287,3.12
K02433.02,CONFIRMED,10.04378351,2.94
K02508.01,CANDIDATE,7.10397925,1.51
K02509.01,CONFIRMED,4.5513988,1.13
K00248.02,CONFIRMED,10.91274065,2.13
K02510.01,FALSE POSITIVE,12.2141545,18.13
K02511.01,FALSE POSITIVE,3.732261,1.09
K02583.01,CONFIRMED,3.03267135,0.6
K02585.01,CONFIRMED,5.34182466,0.95
K02586.01,CONFIRMED,2.131945045,1.66
K02587.01,CONFIRMED,12.9462567,1.13
K02588.01,CONFIRMED,5.77957133,1.5
K02656.01,CANDIDATE,6.77367892,1.33
K02657.01,CANDIDATE,5.22402436,0.58
K02658.01,CONFIRMED,11.6601667,2.08
K02659.01,FALSE POSITIVE,89.465468,2.57
K02660.01,CONFIRMED,18.0161227,2.39
K02434.01,FALSE POSITIVE,40.8777605,29.55
K02435.01,FALSE POSITIVE,6.80243431,2.6
K02436.01,CONFIRMED,84.5733346,2.59
K00245.02,CONFIRMED,21.30181863,0.72
K02437.01,CONFIRMED,4.14789051,1.93
K02512.01,CANDIDATE,15.92108138,3.14
K02513.01,CONFIRMED,19.0054098,28.47
K02514.01,FALSE POSITIVE,1.96433113,1.33
K02516.01,CANDIDATE,2.81043228,1.43
K02517.01,CONFIRMED,0.968527683,1.21
K02589.01,CONFIRMED,0.664074145,1.19
K02590.01,FALSE POSITIVE,11.7489907,1.01
K02592.01,CANDIDATE,175.603366,2.87
K00004.01,CONFIRMED,3.849371737,12.94
K00033.01,FALSE POSITIVE,0.366197145,51.34
K00251.01,CONFIRMED,4.164384505,2.54
K02662.01,CONFIRMED,2.10433534,0.79
K02664.01,CONFIRMED,28.8431751,2.66
K00256.01,FALSE POSITIVE,1.378649746,6.51
K02665.01,FALSE POSITIVE,1.112207126,0.73
K02666.01,CANDIDATE,64.034363,3.47
K02667.01,FALSE POSITIVE,1.303576682,1.51
K02438.01,FALSE POSITIVE,1.958577398,1.8
K02439.01,CONFIRMED,5.19103699,1.92
K02440.01,CONFIRMED,4.86638504,1.32
K02441.01,FALSE POSITIVE,4.79176993,0.81
K02442.01,CONFIRMED,25.1933989,1.95
K02518.01,FALSE POSITIVE,0.759762021,24.2
K02519.01,CANDIDATE,4.790912471,2.25
K02520.01,CONFIRMED,6.49441464,1.75
K00248.03,CONFIRMED,2.576571021,1.57
K02521.01,CONFIRMED,28.4750006,2.64
K02593.01,CONFIRMED,14.7966306,0.98
K02594.01,CONFIRMED,11.25401871,2.42
K02595.01,CONFIRMED,9.18244299,1.24
K02595.02,CONFIRMED,14.6134781,1.12
K02596.01,FALSE POSITIVE,119.682075,30.39
K02672.02,CONFIRMED,42.9923284,3.32
K00257.01,CONFIRMED,6.88341278,2.63
K02673.01,FALSE POSITIVE,4.593595496,44.14
K02674.01,CONFIRMED,197.5111484,9.52
K02674.02,CONFIRMED,11.1726723,1.5
K02674.03,CONFIRMED,2.53573284,1.36
K02443.01,CONFIRMED,6.79164656,1.01
K02443.02,CONFIRMED,11.8376933,1.0
K02444.01,CONFIRMED,18.5525162,2.53
K02445.01,CANDIDATE,47.3659328,11.97
K00245.03,CONFIRMED,13.3669309,0.27
K02447.01,FALSE POSITIVE,1.045492348,0.83
K02521.02,CONFIRMED,4.86634094,1.94
K02522.01,CONFIRMED,5.60402307,1.25
K02523.01,CONFIRMED,13.0313583,2.88
K02524.01,CONFIRMED,40.9905002,2.41
K02525.01,CONFIRMED,57.2932309,1.95
K02597.01,CONFIRMED,8.00504749,1.52
K02597.02,CONFIRMED,12.13070414,1.61
K02597.03,CONFIRMED,5.61357653,1.41
K02598.01,CANDIDATE,29.2254372,1.35
K02600.01,FALSE POSITIVE,1.33255087,1.19
K02375.01,FALSE POSITIVE,40.8792243,1.62
K02376.01,CONFIRMED,18.8262877,2.34
K02377.01,CANDIDATE,13.9034057,1.55
K00241.03,CONFIRMED,3.41045981,1.06
K02378.01,CONFIRMED,4.76702759,1.19
K02448.01,CONFIRMED,13.62801048,3.28
K02449.01,CANDIDATE,53.3580444,3.41
K02450.01,CONFIRMED,16.83203175,1.86
K02451.01,FALSE POSITIVE,13.37499553,2.01
K02452.01,FALSE POSITIVE,4.35370136,1.33
K02526.01,FALSE POSITIVE,134.96694,0.87
K02527.01,CONFIRMED,1.385787741,0.55
K02528.01,CONFIRMED,12.02295362,3.28
K02529.01,CONFIRMED,16.79716262,2.75
K00248.04,CONFIRMED,18.59611518,1.53
K00251.02,CONFIRMED,5.77440326,0.8
K02601.01,FALSE POSITIVE,2.622134451,1.64
K02602.01,CONFIRMED,11.47685263,1.58
K02603.01,CANDIDATE,73.711039,1.77
K02604.01,CANDIDATE,14.43348326,16.25
K02379.01,FALSE POSITIVE,40.0088894,20.75
K02380.01,CANDIDATE,6.35705314,1.59
K02381.01,FALSE POSITIVE,6.58738839,1.35
K02382.01,FALSE POSITIVE,0.759706632,1.38
K02383.01,CONFIRMED,4.37033233,1.56
K02453.01,CANDIDATE,1.530515205,0.84
K02454.01,FALSE POSITIVE,1.08070294,1.04
K02455.01,FALSE POSITIVE,4.74254518,1.77
K02456.01,FALSE POSITIVE,18.13559979,24.49
K00245.04,CONFIRMED,51.20690303,
K02457.01,CONFIRMED,3.70429015,1.45
K02530.01,CONFIRMED,37.3331165,2.5
K02531.01,CANDIDATE,17.6997392,1.96
K02532.01,CONFIRMED,7.9709719,2.27
K02533.01,CONFIRMED,6.03355539,3.34
K02534.01,CONFIRMED,3.02558494,1.62
K02605.01,FALSE POSITIVE,0.933746783,1.3
K02606.01,FALSE POSITIVE,6.09740316,45.49
K02607.01,CANDIDATE,0.754457729,2.07
K02608.01,CONFIRMED,2.7612237,1.84
K02609.01,FALSE POSITIVE,5.59727625,1.26
K02384.01,CANDIDATE,62.6825769,39.8
K02385.01,FALSE POSITIVE,50.5715805,2.74
K02386.01,CANDIDATE,16.2707207,28.42
K02387.01,CONFIRMED,2.032319072,1.87
K00028.01,FALSE POSITIVE,4.100870416,82.46
K02458.01,CONFIRMED,4.35407371,1.63
K02460.01,CONFIRMED,11.32269749,1.51
K02461.01,CONFIRMED,13.71218522,2.47
K02462.01,CONFIRMED,12.14684625,1.75
K02463.01,CONFIRMED,7.46718958,1.04
K02534.02,CANDIDATE,5.42204257,1.39
K02535.01,CONFIRMED,48.8882668,2.96
K02536.01,CONFIRMED,51.1319346,2.43
K02537.01,FALSE POSITIVE,133.516435,2.01
K02538.01,CONFIRMED,39.8312536,1.46
K00249.01,CONFIRMED,9.549277089,1.57
K02610.01,CANDIDATE,24.1073172,2.74
K00252.01,CONFIRMED,17.60461401,2.64
K02611.01,FALSE POSITIVE,1.228721184,1.62
K02613.01,CANDIDATE,51.5738653,2.41
K02615.01,CONFIRMED,4.69505576,1.49
K02616.01,FALSE POSITIVE,0.569115976,1.8
K00242.01,FALSE POSITIVE,7.258450123,5.53
K02388.01,FALSE POSITIVE,6.0959841,0.99
K02389.01,CONFIRMED,22.9221181,1.33
K02390.01,CONFIRMED,16.10474503,3.21
K02392.01,CONFIRMED,7.42697378,1.4
K02464.01,FALSE POSITIVE,0.874629873,0.72
K02465.01,FALSE POSITIVE,5.46091846,1.25
K02466.01,CONFIRMED,3.17323012,0.88
K02466.02,CONFIRMED,13.2970695,0.91
K00246.01,CONFIRMED,5.398752862,2.21
K02539.01,FALSE POSITIVE,5.26648126,1.07
K02540.01,FALSE POSITIVE,2.67596808,1.57
K02541.01,CONFIRMED,7.41683033,3.36
K02542.01,CONFIRMED,0.727331746,0.67
K02543.01,CONFIRMED,1.302017467,1.37
K02617.01,CONFIRMED,8.63050092,1.43
K02618.01,FALSE POSITIVE,12.49117388,1.36
K02619.01,CONFIRMED,3.27645723,1.71
K02620.01,CONFIRMED,16.0573291,2.27
K02621.01,FALSE POSITIVE,8.44326557,1.97
K02393.01,CONFIRMED,4.60300256,1.32
K02395.01,FALSE POSITIVE,16.9329284,2.46
K02397.01,CONFIRMED,12.00089667,1.47
K02398.01,FALSE POSITIVE,1.169010526,91.91
K02399.01,CONFIRMED,1.916940872,0.89
K02467.01,CONFIRMED,5.05661302,1.15
K02468.01,CONFIRMED,24.3344939,1.74
K02469.01,CONFIRMED,131.187921,2.34
K02470.01,FALSE POSITIVE,2.17489806,1.08
K02471.01,CONFIRMED,25.8859397,1.66
K02544.01,CONFIRMED,28.6253502,2.38
K02545.01,CONFIRMED,6.98141327,1.42
K02546.01,FALSE POSITIVE,1.319677953,1.13
K02547.01,CONFIRMED,8.94337724,1.48
K02548.01,CANDIDATE,0.827151296,19.1
K00250.01,CONFIRMED,12.282998287,2.83
K02622.01,FALSE POSITIVE,0.328686504,1.11
K00253.01,CONFIRMED,6.383159135,2.73
K02623.01,CONFIRMED,5.57654782,0.92
K02624.01,CONFIRMED,115.6863392,3.52
K02625.01,CONFIRMED,3.81371423,1.37
K02626.01,CONFIRMED,38.0970717,1.58
K02400.01,CANDIDATE,11.6191707,2.21
K00243.01,FALSE POSITIVE,2.637574744,9.16
K02401.01,CANDIDATE,38.2292037,1.51
K02402.01,CONFIRMED,16.3012727,1.54
K02403.01,CONFIRMED,13.32354078,1.32
K02472.01,CONFIRMED,2.607545159,2.07
K02473.01,CONFIRMED,3.24417541,1.84
K02474.01,CANDIDATE,176.845697,42.05
K02475.01,FALSE POSITIVE,6.85567248,1.27
K02476.01,FALSE POSITIVE,2.28607282,1.01
K00246.02,CONFIRMED,9.60505976,0.91
K02549.01,FALSE POSITIVE,3.54789928,0.99
K02550.01,CANDIDATE,18.0243482,1.98
K02551.01,CANDIDATE,16.4793229,1.53
K02552.01,CONFIRMED,3.65690909,1.32
K02553.01,CONFIRMED,88.0712769,2.4
K02627.01,CONFIRMED,8.38395796,3.24
K02628.01,CONFIRMED,1.68189051,1.27
K02629.01,FALSE POSITIVE,8.59000355,1.82
K02631.01,CONFIRMED,44.9977604,1.59
K02632.01,CONFIRMED,7.12815163,1.36
K02404.01,CANDIDATE,2.10081629,1.65
K02405.01,FALSE POSITIVE,0.872952088,25.5
K02406.01,CONFIRMED,7.01074295,3.76
K02407.01,CONFIRMED,17.2922631,2.13
K02408.01,CONFIRMED,94.289223,2.11
K02477.01,CONFIRMED,14.02634692,2.66
K02478.01,FALSE POSITIVE,12.425866431,2.12
K02479.01,CONFIRMED,25.5433704,2.11
K02481.01,FALSE POSITIVE,33.8542586,15.96
K02482.01,CONFIRMED,45.0909201,2.44
K02483.01,CONFIRMED,15.0539886,1.44
K02840.01,CANDIDATE,3.67936863,0.92
K02840.02,CANDIDATE,7.4464635,0.77
K02841.01,CONFIRMED,159.388788,2.73
K02842.01,CONFIRMED,1.565412613,1.73
K02842.02,CONFIRMED,5.14892346,1.72
K02917.01,FALSE POSITIVE,0.730943372,1.37
K02918.01,FALSE POSITIVE,0.515552803,13.96
K02919.01,CONFIRMED,2.522590567,25.82
K02920.01,CONFIRMED,6.73968289,1.48
K00276.01,CONFIRMED,41.74598855,2.4
K02702.01,FALSE POSITIVE,75.378004,3.82
K02703.01,CONFIRMED,213.258526,2.72
K00260.02,CONFIRMED,100.2830675,2.51
K02704.01,CONFIRMED,4.871223664,1.56
K02704.02,CONFIRMED,2.984157711,0.92
K02705.01,CONFIRMED,2.8867624,1.24
K02763.01,FALSE POSITIVE,0.498434645,1.08
K02764.01,CANDIDATE,2.252976718,1.19
K02765.01,FALSE POSITIVE,2.75505467,1.74
K02766.01,FALSE POSITIVE,1.572181216,77.12
K02767.01,FALSE POSITIVE,1.28805834,1.08
K02844.01,FALSE POSITIVE,2.72288246,1.06
K02845.01,CONFIRMED,1.574090323,0.93
K02846.01,FALSE POSITIVE,0.947738312,0.88
K02848.01,CONFIRMED,13.7872627,1.55
K00271.03,CONFIRMED,14.4359459,1.46
K02849.01,CONFIRMED,5.95958637,1.02
K02921.01,CANDIDATE,16.6146221,1.49
K02922.01,FALSE POSITIVE,0.497581917,0.76
K02923.01,CANDIDATE,5.83892993,1.19
K02924.01,CONFIRMED,2.279523364,0.87
K02926.01,CONFIRMED,12.2854718,2.21
K02926.02,CONFIRMED,5.53609368,2.2
K02706.01,CANDIDATE,3.09756897,1.75
K02707.01,CONFIRMED,58.0337426,3.21
K02707.02,CONFIRMED,14.4252635,1.68
K02707.03,CONFIRMED,26.6757818,2.69
K02708.01,CONFIRMED,0.868386354,1.52
K02768.01,CONFIRMED,11.8288843,1.18
K02768.02,CONFIRMED,14.7512034,1.63
K02769.01,FALSE POSITIVE,1.480323978,1.46
K02770.01,CANDIDATE,205.385912,2.11
K00041.02,CONFIRMED,6.88707073,1.3
K00267.01,FALSE POSITIVE,165.75597,15049.8
K02850.01,FALSE POSITIVE,1.11431205,1.07
K02851.01,CONFIRMED,3.42064689,2.27
K02851.02,CANDIDATE,1.23935745,1.5
K02852.01,CONFIRMED,0.675650404,1.36
K02853.01,CANDIDATE,1.407020118,1.12
K02927.01,CANDIDATE,24.4359956,2.31
K02928.01,FALSE POSITIVE,17.7337356,1.24
K02929.01,FALSE POSITIVE,10.06478627,1.49
K02930.01,FALSE POSITIVE,1.12976597,0.83
K00277.01,CONFIRMED,16.23191704,3.54
K02709.01,FALSE POSITIVE,15.4126766,2.82
K02710.01,FALSE POSITIVE,1.110599919,1.07
K00260.03,CONFIRMED,21.86965714,1.51
K02711.01,CONFIRMED,9.02436414,1.62
K02711.02,CONFIRMED,17.3408735,1.43
K02771.01,FALSE POSITIVE,0.814280672,1.91
K02773.01,FALSE POSITIVE,0.878855771,1.57
K02774.01,FALSE POSITIVE,2.49432176,8.91
K02775.01,CANDIDATE,17.57704569,27.21
K02776.01,FALSE POSITIVE,1.00652785,1.03
K02777.01,FALSE POSITIVE,1.99566293,1.11
K02854.01,FALSE POSITIVE,0.755111225,1.38
K02855.01,CANDIDATE,1.400755743,1.3
K02856.01,CONFIRMED,25.8730914,2.88
K02857.01,CONFIRMED,20.2642023,2.12
K00272.01,CANDIDATE,1.28132831,4.52
K02857.02,CONFIRMED,7.44136102,1.33
K02931.01,CONFIRMED,99.2532336,2.17
K02932.01,FALSE POSITIVE,3.84933401,2.12
K02933.01,CANDIDATE,119.0833042,22.19
K02935.01,CANDIDATE,27.8813154,1.54
K02936.01,CONFIRMED,6.4802138,1.26
K02712.01,CANDIDATE,7.50790041,1.77
K02713.01,FALSE POSITIVE,21.3910125,1.72
K02714.01,CONFIRMED,14.3832267,1.84
K02714.02,CONFIRMED,47.3186631,2.1
K02715.01,CONFIRMED,11.12827427,4.04
K02778.01,CONFIRMED,2.21571296,1.7
K02779.01,CONFIRMED,34.4585495,1.88
K02780.01,CONFIRMED,3.35184041,1.88
K02781.01,FALSE POSITIVE,1.615758517,1.31
K00268.01,CANDIDATE,110.3783828,3.02
K02859.01,CONFIRMED,3.4462125,0.7
K02859.02,CONFIRMED,2.005414293,0.65
K02859.03,CANDIDATE,4.28886792,0.57
K02861.01,FALSE POSITIVE,1.868564038,1.4
K02862.01,CANDIDATE,24.5752524,1.64
K02946.01,CONFIRMED,15.1408916,1.93
K02948.01,CONFIRMED,11.39169531,1.02
K02949.01,CANDIDATE,10.1747037,1.04
K02951.01,CONFIRMED,2.44358543,0.67
K02952.01,FALSE POSITIVE,1.7592691,1.21
K02715.02,CONFIRMED,2.226496196,2.1
K02715.03,CONFIRMED,5.72084599,1.78
K02716.01,CONFIRMED,0.962864171,1.52
K00261.01,CONFIRMED,16.23847733,2.76
K02716.02,CONFIRMED,6.46004728,1.8
K02785.01,CONFIRMED,4.76831033,1.78
K02786.01,CONFIRMED,44.616751,2.31
K02787.01,FALSE POSITIVE,1.714410345,1.84
K02789.01,CONFIRMED,3.40165617,1.34
K02790.01,CONFIRMED,14.00948631,0.98
K02863.01,FALSE POSITIVE,1.703359172,0.69
K02864.01,FALSE POSITIVE,3.77881664,3.99
K02865.01,CONFIRMED,1.311558909,1.15
K02866.01,CONFIRMED,1.291233083,0.89
K00273.01,CONFIRMED,10.573751447,2.07
K02961.01,CONFIRMED,3.7847507,0.7
K02962.01,CANDIDATE,2.17291055,0.93
K02963.01,CONFIRMED,18.2206024,1.78
K02963.02,CANDIDATE,7.35101287,1.42
K02964.01,CONFIRMED,47.4497134,1.61
K02717.01,CONFIRMED,0.929906166,1.48
K02718.01,FALSE POSITIVE,0.784513087,131.4
K02719.01,CONFIRMED,4.11585514,1.93
K02720.01,CANDIDATE,6.57159435,1.26
K02721.01,CONFIRMED,33.878639,3.52
K02791.01,CONFIRMED,27.5722144,1.94
K02792.01,CONFIRMED,2.12821621,0.7
K02794.01,FALSE POSITIVE,0.703399912,2.15
K02795.01,FALSE POSITIVE,2.5355023,2.7
K02797.01,CANDIDATE,0.868122253,1.65
K02867.01,FALSE POSITIVE,1.332560553,0.4
K02867.02,FALSE POSITIVE,18.936061,0.34
K02868.01,CONFIRMED,10.65275054,2.2
K02869.01,CONFIRMED,3.30040818,1.43
K02870.01,FALSE POSITIVE,5.62950902,2.11
K02942.01,CANDIDATE,13.84301228,1.98
K02942.02,CONFIRMED,24.2758992,2.25
K02943.01,CONFIRMED,54.4099612,1.56
K02944.01,FALSE POSITIVE,9.12209336,28.17
K02945.01,CONFIRMED,19.94752741,2.52
K00277.02,CONFIRMED,13.84984567,1.45
K02722.01,CONFIRMED,6.12479773,1.51
K02722.02,CONFIRMED,11.24284815,1.44
K02722.03,CONFIRMED,4.02877097,1.21
K02722.04,CONFIRMED,8.92114318,1.27
K00262.01,CONFIRMED,7.81285862,1.68
K00269.01,CONFIRMED,18.01164974,1.83
K02798.01,CONFIRMED,0.916142298,0.6
K02799.01,FALSE POSITIVE,0.597933473,1.24
K02800.01,FALSE POSITIVE,2.69636494,1.24
K02801.01,CONFIRMED,6.99205021,1.06
K02871.01,CONFIRMED,12.0999065,1.39
K02871.02,CONFIRMED,5.36375016,1.15
K02872.01,FALSE POSITIVE,3.17319407,0.91
K02873.01,FALSE POSITIVE,5.24368302,0.91
K02876.01,CANDIDATE,5.1952021,1.37
K02955.01,FALSE POSITIVE,0.591280187,1.3
K02956.01,CONFIRMED,3.93766786,1.36
K02958.01,CANDIDATE,31.6084371,1.89
K02959.01,CANDIDATE,16.1558656,2.04
K02960.01,FALSE POSITIVE,1.465943491,1.6
K00279.01,CONFIRMED,28.45489091,6.08
K02723.01,CONFIRMED,1.952711161,2.58
K02724.01,FALSE POSITIVE,0.620739667,29.28
K02725.01,FALSE POSITIVE,0.587470828,51.02
K02726.01,FALSE POSITIVE,0.934924739,2.29
K02727.01,FALSE POSITIVE,25.7054557,1.75
K02802.01,CONFIRMED,3.84822189,1.72
K02803.01,CONFIRMED,2.37752442,0.53
K02804.01,FALSE POSITIVE,2.62838097,1.01
K02805.01,CONFIRMED,1.877878538,0.78
K02807.01,CANDIDATE,3.375716723,2.34
K00041.03,CONFIRMED,35.3331932,1.55
K00274.01,CONFIRMED,15.0896415,1.42
K02877.01,CONFIRMED,5.30873978,1.08
K02878.01,CONFIRMED,3.89524296,1.13
K02880.01,CONFIRMED,0.740926358,1.22
K02882.01,CANDIDATE,75.8580035,2.72
K02965.01,FALSE POSITIVE,1.352564873,1.45
K02966.01,FALSE POSITIVE,7.72768833,1.89
K02967.01,CONFIRMED,37.3033197,2.31
K02968.01,CANDIDATE,10.16435076,1.99
K02969.01,FALSE POSITIVE,31.9729501,2.41
K02729.01,CONFIRMED,14.8877665,1.96
K02730.01,CONFIRMED,4.52158614,1.31
K02731.01,FALSE POSITIVE,2.007750531,1.64
K02732.01,CONFIRMED,7.03146295,1.38
K02732.03,CONFIRMED,54.2811949,2.07
K02808.01,FALSE POSITIVE,0.596087893,1.92
K00270.01,CONFIRMED,12.58229808,1.53
K02809.01,FALSE POSITIVE,7.12684695,1.38
K02810.01,FALSE POSITIVE,0.661749944,23.92
K02810.02,FALSE POSITIVE,354.95118,2.53
K02811.01,FALSE POSITIVE,1.35477049,0.8
K02882.02,FALSE POSITIVE,0.493393859,1.4
K02883.01,CONFIRMED,11.95401876,2.1
K02884.01,FALSE POSITIVE,2.48883033,0.64
K02885.01,FALSE POSITIVE,20.2340219,0.99
K02886.01,CONFIRMED,0.88184263,1.24
K02675.01,CONFIRMED,5.448321078,2.17
K02675.02,CONFIRMED,1.116127169,1.0
K02676.01,FALSE POSITIVE,195.613824,10.65
K02677.01,CANDIDATE,237.787237,9.91
K02678.01,CONFIRMED,3.833087643,2.25
K00262.02,CONFIRMED,9.37663713,1.89
K02733.01,CONFIRMED,5.62006198,1.45
K02734.01,CONFIRMED,3.8259005,3.45
K02735.01,CONFIRMED,0.558841234,1.33
K02736.01,CONFIRMED,9.33648141,2.39
K02812.01,CONFIRMED,76.6139446,2.61
K02813.01,CANDIDATE,0.698461304,14.81
K02815.01,FALSE POSITIVE,1.545388842,0.56
K02816.01,CONFIRMED,1.289590179,1.38
K02817.01,CONFIRMED,0.634003002,1.35
K02887.01,FALSE POSITIVE,1.56859048,23.41
K00274.02,CONFIRMED,22.8030252,1.29
K02888.01,FALSE POSITIVE,0.623441939,13.89
K02889.01,FALSE POSITIVE,5.24364571,25.01
K02890.01,CONFIRMED,8.98826122,1.39
K02679.01,CANDIDATE,110.7556272,29.64
K00258.01,FALSE POSITIVE,4.15743922,96.99
K02680.01,CANDIDATE,14.4079035,23.4
K02681.01,CONFIRMED,135.4978256,6.01
K02681.02,CONFIRMED,22.2508509,2.07
K02682.01,FALSE POSITIVE,8.53161917,54.6
K02737.01,FALSE POSITIVE,0.526615152,1.46
K02738.01,FALSE POSITIVE,0.690405794,1.04
K02739.01,CONFIRMED,10.10773789,1.98
K02739.02,CANDIDATE,7.0956395,1.2
K02740.01,FALSE POSITIVE,1.844857057,0.97
K02819.01,FALSE POSITIVE,18.0116764,2.02
K00270.02,CONFIRMED,33.67280658,1.86
K02820.01,CONFIRMED,3.00912491,1.22
K02821.01,CANDIDATE,79.2450351,3.33
K02822.01,CONFIRMED,4.44589508,1.94
K02891.01,FALSE POSITIVE,2.023126394,0.92
K02892.01,FALSE POSITIVE,10.63609504,1.36
K02894.01,CONFIRMED,10.3108232,1.27
K02895.01,FALSE POSITIVE,1.069842837,1.77
K02896.01,FALSE POSITIVE,1.077467951,31.06
K02683.01,CANDIDATE,126.4451275,4.49
K02684.01,FALSE POSITIVE,2.8736467,6.47
K02685.01,FALSE POSITIVE,2.846517614,1.88
K02686.01,CONFIRMED,211.032819,3.43
K02687.01,CONFIRMED,1.716828304,0.74
K02741.01,FALSE POSITIVE,0.755103143,1.49
K00263.01,FALSE POSITIVE,20.71927223,2.51
K02743.01,CONFIRMED,11.87457664,1.32
K02744.01,CONFIRMED,109.6469948,4.85
K02745.01,CONFIRMED,15.64588656,2.18
K02823.01,FALSE POSITIVE,0.93375241,3.18
K02824.01,FALSE POSITIVE,1.70336496,1.67
K02825.01,FALSE POSITIVE,0.764174368,1.18
K02826.01,FALSE POSITIVE,1.85373924,0.23
K02827.01,CONFIRMED,7.06321927,1.21
K02897.01,FALSE POSITIVE,0.584310213,23.09
K02898.01,CONFIRMED,25.384175,2.44
K00275.01,CONFIRMED,15.79196594,2.4
K02899.01,CANDIDATE,5.77207177,1.54
K02900.01,CANDIDATE,46.151253,2.08
K02687.02,CONFIRMED,8.16733851,1.03
K00041.01,CONFIRMED,12.81590421,2.26
K00259.01,FALSE POSITIVE,79.99623328,40.73
K02688.01,CONFIRMED,5.424749327,5.15
K02689.01,CANDIDATE,165.3447044,6.98
K02690.01,CONFIRMED,3.606940379,2.04
K02746.01,FALSE POSITIVE,69.2002312,45.24
K02747.01,CONFIRMED,6.26404774,1.55
K02748.01,CONFIRMED,23.1985852,2.61
K02748.02,CONFIRMED,5.77721259,2.17
K02749.01,FALSE POSITIVE,0.905037231,1.1
K02828.01,CONFIRMED,59.4969009,2.92
K02829.01,CONFIRMED,10.61345333,1.77
K00271.01,CONFIRMED,48.6303805,2.48
K02830.01,CONFIRMED,40.5289885,5.92
K02831.01,FALSE POSITIVE,0.571940563,1.88
K02901.01,FALSE POSITIVE,0.633514386,0.81
K02903.01,FALSE POSITIVE,17.4166143,1.84
K02904.01,CONFIRMED,16.3583482,2.23
K02905.01,FALSE POSITIVE,36.0054414,3.33
K02906.01,CONFIRMED,13.9093544,1.33
K02691.01,CANDIDATE,97.4463194,3.05
K02692.01,FALSE POSITIVE,1.257689465,2.45
K02693.01,CONFIRMED,4.081411554,1.0
K02693.02,CONFIRMED,11.41941928,0.99
K02693.03,CONFIRMED,6.83440674,1.01
K02750.01,CANDIDATE,174.636181,11.12
K02751.01,CONFIRMED,24.4004378,2.47
K00264.01,FALSE POSITIVE,4.029810359,1.77
K02752.01,FALSE POSITIVE,1.287622419,0.87
K02753.01,CONFIRMED,0.935115863,1.05
K02832.01,CONFIRMED,3.57551429,0.89
K02833.01,CANDIDATE,1.791877025,1.48
K02834.01,CONFIRMED,136.205112,2.35
K02835.01,CONFIRMED,6.30922043,1.37
K02836.01,CONFIRMED,2.94194296,1.22
K02906.02,CANDIDATE,145.881936,1.8
K02907.01,FALSE POSITIVE,1.146934644,1.39
K02908.01,FALSE POSITIVE,1.245353252,1.48
K00275.02,CONFIRMED,82.2001239,2.57
K02910.01,CONFIRMED,15.3626052,1.8
K02694.01,CONFIRMED,0.843379985,1.7
K02694.02,CONFIRMED,6.56606941,1.83
K00260.01,CONFIRMED,10.49566303,1.34
K02695.01,CANDIDATE,2.50343279,20.23
K02696.01,CANDIDATE,96.4562198,9.1
K02696.02,CANDIDATE,44.5643831,5.8
K02754.01,CONFIRMED,1.34155642,0.74
K02755.01,CONFIRMED,8.48299282,0.8
K02756.01,CONFIRMED,0.665025941,1.11
K02757.01,CONFIRMED,234.635652,2.56
K02758.01,CANDIDATE,253.374581,19.25
K02837.01,CONFIRMED,13.32191461,2.88
K02838.01,CONFIRMED,7.69994466,0.92
K02838.02,CONFIRMED,4.77466043,0.81
K00271.02,CONFIRMED,29.39337161,2.5
K02839.01,CONFIRMED,2.164570593,1.27
K02911.01,FALSE POSITIVE,12.4258343,2.75
K02912.01,FALSE POSITIVE,0.873227249,1.68
K02913.01,CONFIRMED,2.88878583,0.84
K02914.01,CANDIDATE,21.1181653,2.89
K02915.01,CANDIDATE,5.06092282,0.98
K02697.01,FALSE POSITIVE,7.37453336,87.08
K02698.01,CONFIRMED,87.9724227,3.39
K02699.01,CONFIRMED,0.568874717,1.49
K02700.01,CANDIDATE,0.910020582,1.12
K02701.01,FALSE POSITIVE,22.023514,4.79
K02759.01,CANDIDATE,1.07808492,1.01
K02760.01,CONFIRMED,56.5732318,2.69
K02761.01,FALSE POSITIVE,1.846861455,2.23
K00265.01,CONFIRMED,3.568099612,1.36
K02762.01,CONFIRMED,132.9955503,2.51
K00301.01,CONFIRMED,6.002548291,2.33
K00301.02,CONFIRMED,11.44865823,1.32
K00302.01,CONFIRMED,24.85466504,7.61
K00303.01,CONFIRMED,60.92818866,2.78
K00304.01,CONFIRMED,8.512037736,2.14
K00359.01,FALSE POSITIVE,5.93720557,1.84
K00360.01,FALSE POSITIVE,5.93719982,1.47
K00061.01,FALSE POSITIVE,1.63345402,24.87
K00361.01,CONFIRMED,3.247548814,1.41
K00362.01,FALSE POSITIVE,14.022451457,14.93
K00363.01,FALSE POSITIVE,2.442945167,38.29
K03005.01,FALSE POSITIVE,1.312459403,1.65
K03007.01,CANDIDATE,11.1916199,1.47
K03008.01,CONFIRMED,2.99792926,1.12
K03010.01,CONFIRMED,60.8660974,1.39
K03011.01,FALSE POSITIVE,2.11547854,1.66
K03086.01,CANDIDATE,174.731515,3.0
K03087.01,FALSE POSITIVE,5.54867998,0.68
K03087.02,FALSE POSITIVE,1.22174063,0.46
K03088.01,CONFIRMED,3.48412874,1.16
K00285.01,CONFIRMED,13.74883059,3.63
K03089.01,CANDIDATE,0.858546796,0.88
K00304.02,CANDIDATE,5.518195,0.46
K00305.01,CONFIRMED,4.603575293,1.51
K00306.01,CONFIRMED,24.30784323,2.14
K00307.01,CONFIRMED,19.67409703,1.78
K00046.01,CONFIRMED,3.487688776,5.64
K00365.01,CONFIRMED,81.737872,2.16
K00366.01,CANDIDATE,75.1122132,23.23
K00367.01,CONFIRMED,31.578651216,4.52
K00368.01,FALSE POSITIVE,110.32167272,18.6
K00369.01,CONFIRMED,5.88527364,1.59
K03012.01,FALSE POSITIVE,1.086486129,1.69
K03013.01,CANDIDATE,3.76562031,19.39
K03014.01,CONFIRMED,86.1160885,3.11
K03015.01,CONFIRMED,3.61460332,0.9
K00282.02,CONFIRMED,8.45744892,1.02
K03017.01,CANDIDATE,2.46288834,0.67
K03090.01,CONFIRMED,3.82223397,1.05
K03091.01,CONFIRMED,17.067644,1.62
K03092.01,FALSE POSITIVE,5.78542702,1.91
K03093.01,CONFIRMED,29.6099055,1.74
K03095.01,CONFIRMED,3.42390809,1.25
K00307.02,CONFIRMED,5.21104597,1.18
K00308.01,CONFIRMED,35.5969684,3.72
K00309.01,FALSE POSITIVE,1.633107509,0.53
K00311.01,FALSE POSITIVE,66.1544958,3.33
K00312.01,CONFIRMED,11.57890926,2.06
K00369.02,CONFIRMED,10.10463142,1.59
K00370.01,CONFIRMED,42.88247951,3.61
K00063.01,CONFIRMED,9.43414171,5.73
K00370.02,CONFIRMED,22.95062278,2.17
K00371.01,FALSE POSITIVE,498.391282,17.14
K00372.01,CONFIRMED,125.6291479,10.02
K03018.01,FALSE POSITIVE,45.1178526,2.78
K03019.01,CONFIRMED,4.17939037,1.52
K03020.01,CANDIDATE,10.9192653,1.9
K03021.01,FALSE POSITIVE,0.803835923,0.78
K03022.01,CONFIRMED,2.76263737,1.25
K03097.01,CONFIRMED,11.9216035,0.87
K03097.02,CONFIRMED,6.80257947,0.73
K03097.03,CONFIRMED,8.70312154,0.72
K03098.01,FALSE POSITIVE,1.332557603,19.88
K00043.01,FALSE POSITIVE,11.32029599,8.02
K00285.02,CONFIRMED,26.723169,2.31
K00312.02,CONFIRMED,16.39926461,1.94
K00313.01,CONFIRMED,18.73577127,2.1
K00313.02,CONFIRMED,8.43639829,1.5
K00314.01,CONFIRMED,13.78109471,1.42
K00314.02,CONFIRMED,23.08902241,1.24
K00046.02,CONFIRMED,6.02977241,1.18
K00373.01,CONFIRMED,135.1879934,2.32
K00374.01,CONFIRMED,172.7046083,2.85
K00375.01,CONFIRMED,988.8811177,10.81
K00376.01,FALSE POSITIVE,44.14599042,121.48
K00376.02,FALSE POSITIVE,1.411627439,2.99
K00377.01,CONFIRMED,19.270825843,7.74
K03022.02,CONFIRMED,5.05368985,1.21
K03023.01,FALSE POSITIVE,4.39049637,2.07
K03025.01,CONFIRMED,13.1829329,1.84
K03026.01,CONFIRMED,3.51575492,1.35
K00282.03,CONFIRMED,87.5177787,1.85
K03099.01,FALSE POSITIVE,14.0498182,1.45
K03101.01,CONFIRMED,14.2563272,1.73
K03105.01,CANDIDATE,4.21223579,1.04
K03106.01,CONFIRMED,0.968980781,1.08
K03107.01,FALSE POSITIVE,8.589562,15.95
K00314.03,CONFIRMED,10.31282204,0.59
K00315.01,CONFIRMED,35.58349688,2.03
K00316.01,CONFIRMED,15.77111067,2.62
K00316.02,CONFIRMED,157.0659976,2.63
K00316.03,CONFIRMED,7.305706326,2.11
K00377.02,CONFIRMED,38.90787517,7.98
K00064.01,CANDIDATE,1.951082219,10.35
K00377.03,CONFIRMED,1.59295975,1.48
K00378.01,FALSE POSITIVE,4.94402197,32.92
K00379.01,FALSE POSITIVE,6.71725648,2.78
K00379.02,CANDIDATE,23.1375919,1.83
K03027.01,CONFIRMED,6.07032548,1.36
K03028.01,FALSE POSITIVE,1.33256952,1.06
K03029.01,CANDIDATE,18.9763286,2.24
K03029.02,CANDIDATE,6.34724702,1.35
K03030.01,FALSE POSITIVE,7.19552624,1.67
K03108.01,CONFIRMED,7.36272124,1.86
K03109.01,CONFIRMED,10.6761592,1.79
K03110.01,CONFIRMED,4.48494315,1.23
K03111.01,CANDIDATE,10.76800074,0.92
K03111.02,CANDIDATE,4.32848303,0.66
K00285.03,CONFIRMED,49.3567907,1.91
K00317.01,CONFIRMED,22.20809549,3.02
K00318.01,CONFIRMED,38.5833679,8.56
K00319.01,CONFIRMED,46.15119482,10.02
K00320.01,FALSE POSITIVE,4.79179893,26.26
K00321.01,CONFIRMED,2.426304127,1.41
K00005.01,CANDIDATE,4.780327581,7.14
K00389.01,FALSE POSITIVE,3.741231778,1.55
K00390.01,FALSE POSITIVE,1.168310132,1.43
K00391.01,FALSE POSITIVE,25.9525478,74.69
K00392.01,CONFIRMED,33.4160553,2.98
K00392.02,CONFIRMED,12.6119685,1.33
K03031.01,CANDIDATE,7.64809462,1.19
K03032.01,CONFIRMED,0.636424848,1.31
K03033.01,FALSE POSITIVE,8.55935323,1.21
K03034.01,CANDIDATE,31.0209175,1.66
K03035.01,FALSE POSITIVE,21.3419702,
K03112.01,CANDIDATE,2.118893997,1.41
K03113.01,CONFIRMED,2.46050095,1.03
K03114.01,CANDIDATE,7.49133777,1.01
K03115.01,CONFIRMED,5.8660127,1.45
K03116.01,CONFIRMED,23.9107056,1.91
K00048.01,FALSE POSITIVE,23.836808884,59.31
K00321.02,CONFIRMED,4.62334491,0.77
K00322.01,FALSE POSITIVE,5.888835386,584.67
K00323.01,CONFIRMED,5.83599485,1.92
K00324.01,FALSE POSITIVE,1.089077863,1.96
K00325.01,FALSE POSITIVE,7.86335883,7.84
K00380.01,FALSE POSITIVE,8.0970583,4.83
K00381.01,FALSE POSITIVE,6.337614357,9.57
K00382.01,FALSE POSITIVE,3.900140077,23.78
K00384.01,CONFIRMED,5.0800579,3.95
K00385.01,CONFIRMED,13.14496741,1.59
K00283.01,CONFIRMED,16.09196369,2.13
K03036.01,FALSE POSITIVE,161.239891,3.48
K03037.01,CANDIDATE,5.4654174,1.23
K03038.01,CONFIRMED,1.4951513,1.44
K03039.01,CONFIRMED,20.3504704,1.01
K03117.01,CANDIDATE,6.06664931,0.87
K03119.01,CANDIDATE,2.184437698,0.94
K03120.01,CONFIRMED,4.13592927,1.43
K03122.01,CONFIRMED,8.05337912,1.28
K03123.01,CANDIDATE,15.2311195,1.94
K00286.01,FALSE POSITIVE,23.6272223,3.84
K00326.01,FALSE POSITIVE,8.97349999,36.0
K00326.02,FALSE POSITIVE,108.546946,29.67
K00327.01,CONFIRMED,3.254277742,1.38
K00327.02,CONFIRMED,91.3514816,1.57
K00328.01,FALSE POSITIVE,2.250826647,30.03
K00386.01,CONFIRMED,31.1588249,3.56
K00066.01,FALSE POSITIVE,0.436282594,83.25
K00386.02,CONFIRMED,76.7324556,3.08
K00387.01,CONFIRMED,13.89963233,2.46
K00388.01,CONFIRMED,6.14955931,3.26
K03040.01,CANDIDATE,4.8099878,1.59
K03041.01,CANDIDATE,5.08288076,1.15
K03042.01,CANDIDATE,31.0259489,1.91
K03043.01,CANDIDATE,3.08942807,1.07
K03045.01,CONFIRMED,44.8702042,2.56
K03124.01,FALSE POSITIVE,4.8807805,0.48
K03125.01,CONFIRMED,4.45342418,0.9
K03126.01,FALSE POSITIVE,2.21396685,0.84
K03127.01,CONFIRMED,9.705693,2.07
K03128.01,CANDIDATE,21.2360024,2.62
K00049.01,CONFIRMED,8.31377304,2.74
K00329.01,FALSE POSITIVE,8.58969597,20.8
K00330.01,CONFIRMED,7.97420583,1.85
K00330.02,CONFIRMED,1.88899036,0.83
K00331.01,CONFIRMED,18.68405716,3.64
K00393.01,CONFIRMED,21.41624083,2.09
K00394.01,FALSE POSITIVE,12.28351275,74.76
K00069.01,CONFIRMED,4.72674037,1.56
K00395.01,FALSE POSITIVE,6.77449545,29.41
K00396.01,CANDIDATE,14.591504451,36.85
K00397.01,FALSE POSITIVE,27.677680103,14.41
K03047.01,FALSE POSITIVE,0.605223042,1.14
K00283.02,CONFIRMED,25.5172744,0.83
K03048.01,CONFIRMED,4.73292061,0.97
K03049.01,CONFIRMED,22.4765952,1.21
K03050.01,CANDIDATE,1.242639742,1.02
K03129.01,FALSE POSITIVE,25.503628,1.61
K03130.01,CONFIRMED,14.8638496,2.9
K03130.02,CONFIRMED,5.65245733,1.05
K03131.01,CONFIRMED,10.9294815,1.21
K03132.01,CANDIDATE,0.536650319,1.35
K00332.01,CONFIRMED,5.45849914,1.91
K00333.01,CONFIRMED,13.28536452,4.03
K00334.01,FALSE POSITIVE,8.4879444,1.23
K00335.01,FALSE POSITIVE,46.56675437,5.25
K00336.01,FALSE POSITIVE,19.5148412,2.8
K00279.02,CONFIRMED,15.4130812,2.59
K02970.01,CONFIRMED,4.82051088,1.08
K02971.01,CANDIDATE,6.09595681,1.26
K02972.01,CANDIDATE,13.2511214,1.98
K02973.01,FALSE POSITIVE,5.76556718,1.66
K03051.01,CANDIDATE,11.682369,1.45
K03052.01,CANDIDATE,10.12956201,0.78
K03052.02,CONFIRMED,15.6112238,0.91
K03053.01,CONFIRMED,42.5217006,2.45
K03055.01,FALSE POSITIVE,0.566805887,0.08
K03056.01,CONFIRMED,6.69958851,1.24
K00287.01,FALSE POSITIVE,14.170972781,20.88
K03135.01,FALSE POSITIVE,1.332562831,24.29
K03136.01,CONFIRMED,2.39161966,0.93
K03140.01,CONFIRMED,5.68879083,0.99
K03141.01,CONFIRMED,2.31941571,1.24
K00337.01,CONFIRMED,19.7830259,2.1
K00051.01,FALSE POSITIVE,10.431146765,50.44
K00338.01,CONFIRMED,7.0106324,1.5
K00338.02,CONFIRMED,3.10762684,0.73
K00339.01,CONFIRMED,1.980356674,2.1
K00339.02,CONFIRMED,12.8344771,2.55
K02975.01,FALSE POSITIVE,175.329014,27.03
K02976.01,CANDIDATE,21.61313362,1.94
K02977.01,CONFIRMED,2.7881793,1.02
K02977.02,CONFIRMED,4.13827684,1.13
K02978.01,FALSE POSITIVE,2.61846258,1.03
K03057.01,CONFIRMED,29.72722,3.02
K00284.01,CONFIRMED,18.01019956,1.93
K03057.02,CONFIRMED,10.61368712,2.06
K03058.01,FALSE POSITIVE,7.53887442,1.33
K03059.01,FALSE POSITIVE,0.53633519,1.81
K03142.01,CANDIDATE,27.9430245,2.21
K03144.01,CONFIRMED,8.07394097,1.59
K03145.01,CONFIRMED,4.53702121,1.66
K03145.02,CANDIDATE,0.977311489,1.06
K03146.01,CONFIRMED,39.859505,1.62
K00340.01,FALSE POSITIVE,23.6731242,17.74
K00341.01,CONFIRMED,7.170710381,2.73
K00341.02,CONFIRMED,4.699652821,1.74
K00343.01,CONFIRMED,4.761705895,2.75
K00343.02,CONFIRMED,2.024143568,1.94
K02979.01,FALSE POSITIVE,1.371288853,1.15
K00280.01,CONFIRMED,11.87290814,2.25
K02980.01,CONFIRMED,1.638652525,1.29
K02981.01,CONFIRMED,9.06687613,1.9
K02982.01,CONFIRMED,4.0223109,1.37
K03060.01,CONFIRMED,6.9131732,0.91
K03061.01,CONFIRMED,7.32851947,2.33
K03063.01,CONFIRMED,18.6052046,1.94
K03064.01,FALSE POSITIVE,1.332562787,29.1
K03065.01,CANDIDATE,0.896382269,1.0
K03147.01,CONFIRMED,39.4420781,2.51
K00288.01,CONFIRMED,10.27532513,3.04
K03148.01,FALSE POSITIVE,11.50528603,1.83
K00289.01,CONFIRMED,26.62941953,3.13
K00289.02,CONFIRMED,296.6375817,7.56
K00343.03,CONFIRMED,41.8085031,1.67
K00052.01,FALSE POSITIVE,2.98786272,17.82
K00344.01,CONFIRMED,39.30944096,2.87
K00345.01,CONFIRMED,29.88487723,2.81
K00346.01,CONFIRMED,12.92489803,2.62
K02984.01,CANDIDATE,11.45541896,1.12
K02985.01,FALSE POSITIVE,0.575884418,31.17
K02986.01,FALSE POSITIVE,0.562555067,1.21
K03429.04,CANDIDATE,44.433726,1.85
K02987.01,FALSE POSITIVE,0.993703494,2.32
K02989.01,CONFIRMED,6.33125228,1.31
K03066.01,CONFIRMED,24.2204192,2.1
K03067.01,FALSE POSITIVE,30.9597053,16.63
K00284.02,CONFIRMED,6.41491277,1.4
K01175.03,FALSE POSITIVE,93.881556,2.02
K03068.01,CANDIDATE,3.91679553,0.85
K03069.01,CANDIDATE,43.1024434,1.88
K00290.01,FALSE POSITIVE,2.683395376,2.55
K00291.01,CONFIRMED,31.51779463,2.72
K00291.02,CONFIRMED,8.12999858,2.04
K02243.03,CANDIDATE,31.4452709,4.55
K00044.01,FALSE POSITIVE,66.46746217,11.97
K00292.01,CONFIRMED,2.586639524,1.44
K00347.01,FALSE POSITIVE,2.671942657,22.36
K00348.01,CONFIRMED,28.51117639,3.27
K00349.01,CONFIRMED,14.38682567,2.54
K02924.02,CANDIDATE,8.85686712,1.88
K00350.01,CANDIDATE,12.99065074,2.02
K00351.01,CONFIRMED,331.5972732,10.89
K02990.01,CONFIRMED,11.20058855,1.7
K02991.01,FALSE POSITIVE,1.50179931,0.72
K00042.01,CONFIRMED,17.83367834,2.43
K00281.01,CONFIRMED,19.55662003,2.45
K02992.01,CANDIDATE,82.6595174,2.03
K02994.01,CONFIRMED,2.03387483,1.6
K03070.01,FALSE POSITIVE,5.07538255,1.74
K03071.01,CONFIRMED,23.9553986,2.84
K03072.01,CANDIDATE,24.3367026,1.95
K03073.01,CANDIDATE,7.40985182,1.18
K03074.01,FALSE POSITIVE,1.02425556,29.83
K00293.01,FALSE POSITIVE,4.63958598,1.52
K02263.03,CANDIDATE,15.5943758,1.08
K00294.01,CONFIRMED,34.4359387,2.78
K00295.01,CONFIRMED,5.317440164,1.94
K00295.02,CONFIRMED,10.10575764,1.28
K00296.01,CONFIRMED,28.86236571,2.53
K00351.02,CONFIRMED,210.6013843,7.7
K02926.05,CANDIDATE,75.731195,3.47
K00351.03,CONFIRMED,59.7371443,2.84
K00053.01,FALSE POSITIVE,3.388887193,10.72
K00352.01,CONFIRMED,27.08239734,3.25
K00353.01,CANDIDATE,152.1060435,11.58
K00353.02,CONFIRMED,30.6528935,2.86
K03646.02,FALSE POSITIVE,0.512869432,31.12
K02995.01,CONFIRMED,5.19492747,2.03
K02996.01,CONFIRMED,15.9314412,1.77
K02997.01,FALSE POSITIVE,1.33251589,1.3
K02998.01,CONFIRMED,28.227413,2.82
K02999.01,FALSE POSITIVE,0.545544979,0.93
K01232.02,FALSE POSITIVE,419.97507836,1.53
K03075.01,CONFIRMED,4.76559056,0.92
K03078.01,CONFIRMED,2.98618134,1.16
K03081.01,FALSE POSITIVE,25.9200092,1.28
K00284.03,CONFIRMED,6.17817366,1.22
K03082.01,FALSE POSITIVE,2.04516705,2.9
K02264.02,CANDIDATE,7.25101997,0.91
K00297.01,CONFIRMED,5.65178922,2.03
K00298.01,CONFIRMED,19.96367208,1.5
K00298.02,CANDIDATE,57.3840375,1.62
K00299.01,CONFIRMED,1.541676547,1.88
K00045.01,FALSE POSITIVE,6.397185875,15.02
K00300.01,FALSE POSITIVE,2.976020742,2.07
K00354.01,CONFIRMED,15.95995611,2.27
K00354.02,CONFIRMED,7.37867551,1.11
K00355.01,CONFIRMED,4.903321801,2.37
K00356.01,CONFIRMED,1.82708193,5.95
K00358.01,FALSE POSITIVE,22.845241036,30.35
K04146.02,CANDIDATE,2.5738437,0.57
K03000.01,FALSE POSITIVE,18.3980827,1.26
K03002.01,CONFIRMED,11.62904159,1.31
K03003.01,FALSE POSITIVE,13.6550963,1.35
K00282.01,CONFIRMED,27.50871575,2.98
K03004.01,CONFIRMED,20.0708757,3.2
K01236.04,CONFIRMED,98.353149,4.13
K03083.01,CANDIDATE,10.18318233,0.79
K03083.02,CANDIDATE,6.2321233,0.61
K03083.03,CANDIDATE,8.2942929,0.65
K03084.01,FALSE POSITIVE,1.540411479,0.92
K03085.01,FALSE POSITIVE,3.74785358,0.89
K00520.03,CONFIRMED,25.75274977,2.27
K00521.01,CONFIRMED,10.161023528,4.62
K00522.01,CANDIDATE,12.82993461,3.31
K00523.01,CONFIRMED,49.41121127,6.77
K00523.02,CONFIRMED,36.8567758,2.68
K02964.02,FALSE POSITIVE,35.080928,1.21
K00574.02,CONFIRMED,10.39986173,1.5
K00090.01,FALSE POSITIVE,0.828206212,3.88
K00575.01,CONFIRMED,24.31574009,2.8
K00576.01,FALSE POSITIVE,199.443024,9.3
K00577.01,CONFIRMED,39.6766071,2.29
K04260.03,FALSE POSITIVE,358.66044,1.62
K00421.01,CONFIRMED,4.454194254,11.76
K00422.01,CANDIDATE,809.0141881,14.38
K00423.01,CONFIRMED,21.0871953,14.43
K00424.01,FALSE POSITIVE,1.575631524,28.66
K00070.04,CONFIRMED,6.09855603,0.84
K01278.05,FALSE POSITIVE,203.250506,1.35
K00477.01,CONFIRMED,16.54295261,2.31
K00478.01,CONFIRMED,11.023474798,2.46
K00479.01,CONFIRMED,34.18884323,2.97
K00480.01,CONFIRMED,4.30165843,2.42
K00481.01,CONFIRMED,7.650243513,2.3
K02298.03,CANDIDATE,2.47240869,0.36
K00524.01,CONFIRMED,4.592393816,2.51
K00525.01,CANDIDATE,11.53029332,3.98
K00085.01,CONFIRMED,5.859935955,2.56
K00526.01,CONFIRMED,2.104721971,2.89
K00527.01,FALSE POSITIVE,10.63624422,1.58
K03091.02,CANDIDATE,7.9069765,1.13
K00578.01,CONFIRMED,6.412512953,3.89
K00579.01,CONFIRMED,2.019997006,1.46
K00579.02,CONFIRMED,3.763041531,1.63
K00580.01,CONFIRMED,6.521209629,2.54
K00581.01,CONFIRMED,6.996926239,3.21
K04288.04,CANDIDATE,13.9509565,0.75
K00425.01,FALSE POSITIVE,5.428344915,14.88
K00426.01,CANDIDATE,16.30141333,3.84
K00427.01,CONFIRMED,24.61480613,4.2
K00427.02,CONFIRMED,42.949522,2.98
K00427.03,CONFIRMED,117.033521,2.68
K01289.02,FALSE POSITIVE,386.39833,2.2
K00481.02,CONFIRMED,1.55400389,1.59
K00481.03,CONFIRMED,34.25951418,2.41
K00081.01,FALSE POSITIVE,23.8761144,10.45
K00482.01,FALSE POSITIVE,4.99270186,26.6
K00483.01,CONFIRMED,4.79860021,2.51
K00255.03,FALSE POSITIVE,7.7333361,0.57
K00528.01,CONFIRMED,9.57665962,2.88
K00528.02,CONFIRMED,96.6781852,3.29
K00528.03,CONFIRMED,20.55280311,2.99
K00529.01,FALSE POSITIVE,2.023123903,2.87
K00530.01,CONFIRMED,10.94026745,2.08
K03138.02,CONFIRMED,19.5352551,0.53
K00531.01,CANDIDATE,3.687469832,5.78
K00581.02,CONFIRMED,151.863949,2.41
K00582.01,CONFIRMED,5.945043548,2.69
K00092.01,CONFIRMED,65.7045275,2.78
K00582.02,CONFIRMED,17.73842886,2.47
K04260.04,CANDIDATE,84.799829,1.16
K00582.03,CONFIRMED,9.93962361,1.93
K00428.01,CONFIRMED,6.8731664,13.44
K00429.01,CONFIRMED,8.600099313,4.17
K00430.01,CONFIRMED,12.37646897,2.53
K00430.02,CANDIDATE,9.340538,0.84
K01353.03,CONFIRMED,330.071558,2.94
K00431.01,CONFIRMED,18.87022157,2.82
K00070.05,CONFIRMED,19.5776073,0.9
K00484.01,CONFIRMED,17.20522898,2.22
K00485.01,FALSE POSITIVE,17.90766147,4.89
K00486.01,CONFIRMED,22.18332255,2.78
K02342.02,FALSE POSITIVE,354.78194,30.53
K00487.01,CONFIRMED,7.65880048,2.19
K00488.01,CONFIRMED,9.3789167,2.03
K00532.01,CONFIRMED,4.221626193,2.87
K00533.01,CONFIRMED,16.54967098,2.95
K00085.02,CONFIRMED,2.154911236,1.42
K00317.02,CANDIDATE,11.505879,0.99
K00533.02,CONFIRMED,3.52467888,1.46
K00534.01,CONFIRMED,6.400157105,2.52
K00583.01,CONFIRMED,2.437029217,2.04
K00584.01,CONFIRMED,9.9267215,2.76
K00584.02,CONFIRMED,21.22349325,2.63
K00584.03,CONFIRMED,6.47027706,1.15
K00585.01,CONFIRMED,3.722158895,2.33
K00431.02,CONFIRMED,46.9026431,2.6
K00432.01,CONFIRMED,5.263415218,3.77
K00433.01,CONFIRMED,4.030466786,4.48
K01437.02,FALSE POSITIVE,9.27989,1.29
K00433.02,CONFIRMED,328.240201,10.99
K00434.01,FALSE POSITIVE,22.264806569,12.34
K00489.01,FALSE POSITIVE,2.217038096,3.23
K00489.02,FALSE POSITIVE,8.874603,1.24
K00490.01,CONFIRMED,4.393157678,1.41
K02583.02,FALSE POSITIVE,251.7512,1.25
K00082.01,CONFIRMED,16.145671932,2.48
K00490.02,CONFIRMED,1071.232624,9.27
K00534.02,CONFIRMED,2.735900074,1.56
K00535.01,CONFIRMED,5.852968845,3.46
K00536.01,CONFIRMED,81.1701587,4.71
K03191.02,FALSE POSITIVE,371.17573,4.07
K00537.01,CONFIRMED,2.820190603,2.53
K00538.01,CONFIRMED,21.21712312,2.97
K00539.01,FALSE POSITIVE,200.0,
K00586.01,CONFIRMED,15.77980122,2.11
K00587.01,CONFIRMED,14.03490255,2.41
K00588.01,CONFIRMED,10.35586478,1.92
K00094.01,CONFIRMED,22.342964828,9.99
K00590.01,CONFIRMED,11.38840217,3.04
K00435.01,CONFIRMED,20.5498184,4.04
K00435.02,CANDIDATE,934.09418462,7.89
K00436.01,CANDIDATE,199.83920527,21.48
K01437.03,FALSE POSITIVE,17.4217322,1.42
K00437.01,CANDIDATE,15.84132627,16.84
K00438.01,CONFIRMED,5.931196562,2.01
K00072.01,CONFIRMED,0.837491225,1.43
K00490.03,CONFIRMED,7.40611676,1.37
K00490.04,CONFIRMED,21.803708,1.11
K00491.01,FALSE POSITIVE,4.66229074,24.12
K00492.01,CONFIRMED,29.9111886,2.9
K00493.01,FALSE POSITIVE,2.908453928,19.44
K00494.01,CONFIRMED,25.69581456,1.7
K00540.01,FALSE POSITIVE,25.70280003,33.1
K00541.01,CONFIRMED,13.64617478,2.06
K00007.01,CONFIRMED,3.213668926,4.13
K00085.03,CONFIRMED,8.13121389,1.58
K00542.01,CONFIRMED,41.8854433,3.28
K00542.02,CONFIRMED,13.81733587,2.04
K00597.03,CONFIRMED,52.8148051,3.33
K00598.01,CONFIRMED,8.30783912,2.15
K00598.02,CONFIRMED,34.0963441,1.71
K00599.01,CONFIRMED,6.45442931,2.48
K00600.01,CONFIRMED,3.595769013,2.39
K00438.02,CONFIRMED,52.6615266,1.87
K00439.01,CONFIRMED,1.902208647,4.45
K01613.03,CANDIDATE,20.605501,0.85
K00440.01,CONFIRMED,15.90688891,2.35
K00440.02,CONFIRMED,4.973455252,2.46
K00441.01,FALSE POSITIVE,30.5528972,30.74
K00495.01,FALSE POSITIVE,4.804469031,3.35
K00496.01,CONFIRMED,1.616883373,4.47
K02593.02,CANDIDATE,9.5539134,0.68
K00497.01,CONFIRMED,13.19322809,2.94
K00082.02,CONFIRMED,10.31174786,1.34
K00497.02,CONFIRMED,4.42535097,1.63
K00543.01,CONFIRMED,4.302139338,2.46
K00543.02,CONFIRMED,3.137845914,1.5
K03209.02,CANDIDATE,6.77067637,1.9
K00544.01,FALSE POSITIVE,3.74782314,25.59
K00545.01,FALSE POSITIVE,1.09173174,1.07
K00546.01,CONFIRMED,20.68420772,3.28
K00590.02,CONFIRMED,50.6985408,3.58
K00591.01,FALSE POSITIVE,2.9926465,0.89
K00787.03,CANDIDATE,0.589376952,0.93
K00592.01,CONFIRMED,39.7529915,2.37
K00593.01,CONFIRMED,9.99760285,2.82
K00593.02,CONFIRMED,90.4117992,3.96
K00442.01,CONFIRMED,13.54057461,2.17
K00442.02,CONFIRMED,1.732346403,1.37
K01815.02,CANDIDATE,1.74610057,1.24
K00442.03,CONFIRMED,7.0257409,1.56
K00443.01,CONFIRMED,16.21774917,2.22
K00444.01,CONFIRMED,11.72291212,2.08
K00498.01,FALSE POSITIVE,8.661374,1.32
K00499.01,CONFIRMED,9.66857386,1.9
K00500.01,CONFIRMED,7.053527145,2.16
K00500.02,CONFIRMED,9.521644639,2.16
K00500.03,CONFIRMED,3.072146607,1.3
K00500.04,CONFIRMED,4.645382149,1.33
K00546.02,CONFIRMED,9.82578495,2.66
K00547.01,CONFIRMED,25.30291816,3.95
K00548.01,CONFIRMED,21.30020491,2.99
K00087.01,CONFIRMED,289.864067,2.34
K00549.01,FALSE POSITIVE,10.29767658,39.14
K00593.03,CONFIRMED,51.0674355,2.44
K00595.01,FALSE POSITIVE,199.99763493,
K00596.01,CONFIRMED,1.682695938,1.23
K00597.01,CONFIRMED,17.30795548,3.56
K00094.02,CONFIRMED,10.423677439,3.72
K00597.02,CONFIRMED,2.09227115,2.06
K00072.02,CONFIRMED,45.29422297,2.26
K00445.01,FALSE POSITIVE,260.20717331,
K00446.01,CONFIRMED,16.70920628,2.27
K00446.02,CONFIRMED,28.55158187,1.97
K00447.01,FALSE POSITIVE,4.045057186,30.33
K00448.01,CONFIRMED,10.13958818,1.68
K00448.02,CONFIRMED,43.5859419,2.05
K00500.05,CONFIRMED,0.986785834,1.19
K00501.01,CANDIDATE,24.7962801,2.7
K00502.01,FALSE POSITIVE,5.91037674,1.38
K00082.03,CONFIRMED,27.4536146,0.95
K00503.01,CONFIRMED,8.22241355,2.28
K00549.02,FALSE POSITIVE,0.635587392,28.58
K00550.01,CONFIRMED,13.02363236,2.3
K00551.01,CONFIRMED,11.6370303,2.9
K03226.02,CANDIDATE,6.93650854,1.51
K00551.02,CONFIRMED,5.68798675,2.76
K00552.01,FALSE POSITIVE,3.055171082,35.24
K00601.01,CONFIRMED,5.40426917,2.85
K00601.02,CONFIRMED,11.67894236,4.17
K00601.03,CONFIRMED,1.208462378,1.64
K00929.02,CONFIRMED,2.85188338,1.23
K00602.01,CONFIRMED,12.91385906,2.49
K00094.03,CONFIRMED,54.31996151,6.07
K00449.01,FALSE POSITIVE,252.0792347,41.07
K00450.01,FALSE POSITIVE,27.04627886,3.54
K00451.01,FALSE POSITIVE,3.723560726,3.46
K01910.02,CANDIDATE,18.3848331,1.15
K00452.01,CONFIRMED,3.705991661,2.43
K00074.01,FALSE POSITIVE,5.188671659,5.2
K00453.01,FALSE POSITIVE,2.236100588,55.59
K00504.01,CONFIRMED,40.606895,2.67
K00505.01,CONFIRMED,13.76710058,2.24
K02678.02,CANDIDATE,2.2165905,0.48
K00505.02,CONFIRMED,6.1954595,1.37
K00505.03,CONFIRMED,3.25058201,1.19
K00505.04,CONFIRMED,8.34819209,1.45
K00553.01,FALSE POSITIVE,2.399069173,1.78
K00554.01,CANDIDATE,3.65849707,14.61
K03337.02,FALSE POSITIVE,91.172033,1.58
K00555.01,CONFIRMED,3.701765401,1.63
K00555.02,CONFIRMED,86.4943704,3.07
K00088.01,FALSE POSITIVE,5.17968868,18.91
K00398.01,CONFIRMED,51.84688984,8.73
K00398.02,CONFIRMED,4.180048081,3.44
K01022.02,FALSE POSITIVE,68.832195,2.35
K00398.03,CONFIRMED,1.729367077,1.82
K00399.01,FALSE POSITIVE,5.26640614,38.05
K00400.01,FALSE POSITIVE,44.18938922,14.0
K00454.01,CONFIRMED,29.00789166,2.64
K00455.01,FALSE POSITIVE,47.878243,8.15
K01942.02,CANDIDATE,2.433703498,1.66
K00456.01,CONFIRMED,13.69942266,3.85
K00456.02,CONFIRMED,4.309381978,1.89
K00457.01,CONFIRMED,4.9213639,2.14
K00505.05,CONFIRMED,87.0912594,2.95
K00506.01,FALSE POSITIVE,1.583160478,3.27
K02871.04,CANDIDATE,7.9788198,0.99
K00507.01,CONFIRMED,18.49234792,3.34
K00508.01,CONFIRMED,7.930583519,3.05
K00082.04,CONFIRMED,7.07136119,0.63
K00556.01,FALSE POSITIVE,9.50150926,25.77
K00557.01,CONFIRMED,15.65563866,2.55
K00331.02,CANDIDATE,10.52286678,23.26
K00558.01,CONFIRMED,9.17858526,2.3
K00559.01,FALSE POSITIVE,4.33144839,1.07
K00560.01,CONFIRMED,23.67513153,2.76
K00401.01,CONFIRMED,29.19899219,4.15
K00401.02,CONFIRMED,160.0191598,4.28
K00005.02,FALSE POSITIVE,7.05185637,
K00070.01,CONFIRMED,10.854095934,2.99
K00401.03,CONFIRMED,55.3291399,1.67
K00402.01,FALSE POSITIVE,17.177328207,15.29
K00457.02,CONFIRMED,7.064252021,2.37
K00458.01,CANDIDATE,53.71798494,155.12
K02133.02,FALSE POSITIVE,43.501748,10.1
K00459.01,CONFIRMED,19.44639139,3.24
K00459.02,CONFIRMED,6.91986988,1.39
K00075.01,CANDIDATE,105.8817667,10.16
K00508.02,CONFIRMED,16.6658994,2.85
K00509.01,CONFIRMED,4.16696628,2.74
K02876.02,FALSE POSITIVE,0.535224793,1.09
K00509.02,CONFIRMED,11.46347165,3.0
K00509.03,CONFIRMED,39.6034,2.22
K00510.01,CONFIRMED,2.940304817,2.59
K00561.01,CONFIRMED,5.378868001,1.86
K00563.01,CONFIRMED,15.28467725,2.7
K03372.02,FALSE POSITIVE,73.506021,2.37
K00564.01,CONFIRMED,21.05349939,2.75
K00564.02,CONFIRMED,127.905412,8.03
K00564.03,CONFIRMED,6.21716039,1.81
K00403.01,FALSE POSITIVE,21.05647572,5.05
K00404.01,FALSE POSITIVE,31.80514278,34.82
K01083.02,CANDIDATE,4.57797412,0.96
K00405.01,FALSE POSITIVE,37.60936976,15.8
K00406.01,FALSE POSITIVE,49.26678528,929.36
K00407.01,FALSE POSITIVE,3.613757526,7.05
K00408.01,CONFIRMED,7.381980206,3.42
K00460.01,CONFIRMED,17.58751692,4.03
K02174.04,CANDIDATE,3.01609637,0.96
K00461.01,FALSE POSITIVE,11.34436822,17.21
K00462.01,FALSE POSITIVE,1.576341127,2.96
K00463.01,CONFIRMED,18.47762694,1.55
K00464.01,CONFIRMED,58.36205791,7.02
K00464.02,CONFIRMED,5.350156114,2.6
K02906.03,CANDIDATE,21.9424316,1.23
K00510.02,CONFIRMED,6.38899658,2.89
K00510.03,CONFIRMED,14.62709685,2.7
K00510.04,CONFIRMED,35.1184432,3.26
K00511.01,CONFIRMED,8.00579096,2.36
K00511.02,CONFIRMED,4.26374378,1.28
K07624.01,CANDIDATE,330.025002,5.92
K00089.01,CONFIRMED,84.6877524,3.37
K00565.01,FALSE POSITIVE,2.340523247,1.4
K00566.01,CONFIRMED,25.85499978,2.4
K00567.01,CONFIRMED,10.68758211,2.64
K00567.02,CONFIRMED,20.30303506,2.16
K04772.03,FALSE POSITIVE,39.0930875,2.99
K00408.02,CONFIRMED,12.56096618,2.74
K00408.03,CONFIRMED,30.8261043,3.18
K00070.02,CONFIRMED,3.696121272,1.78
K00408.04,CONFIRMED,3.42806306,1.21
K00409.01,CONFIRMED,13.24931848,2.86
K00082.06,FALSE POSITIVE,22.4098677,0.73
K00465.01,FALSE POSITIVE,363.706662,5.26
K00466.01,CANDIDATE,9.391039263,11.73
K00467.01,CONFIRMED,18.00932214,4.96
K00468.01,CONFIRMED,22.18431824,3.18
K00076.01,CANDIDATE,77.4794704,10.33
K06048.02,FALSE POSITIVE,0.80489537,
K06245.03,FALSE POSITIVE,276.32360146,1.21
K00082.05,CONFIRMED,5.28691996,0.51
K00512.01,CONFIRMED,6.51003001,2.78
K00513.01,CONFIRMED,35.18105723,4.17
K00514.01,FALSE POSITIVE,11.75560012,22.39
K00515.01,FALSE POSITIVE,17.79421914,25.27
K07625.01,FALSE POSITIVE,6.12601169,0.83
K00567.03,CONFIRMED,29.02235217,2.55
K00568.01,CONFIRMED,3.383540239,1.65
K00568.02,CONFIRMED,2.358952404,0.96
K00569.01,CONFIRMED,20.72904234,1.94
K00569.02,CONFIRMED,1.632916419,1.13
K04773.02,CANDIDATE,11.1438086,0.75
K00410.01,FALSE POSITIVE,7.216951388,41.57
K00411.01,FALSE POSITIVE,15.85238672,32.21
K00412.01,CONFIRMED,4.147021189,7.31
K00413.01,CONFIRMED,15.22895514,3.0
K00413.02,CONFIRMED,24.67458244,2.33
K04846.02,CANDIDATE,32.526674,1.26
K00469.01,CANDIDATE,10.32906563,6.17
K00470.01,CONFIRMED,3.750832927,4.61
K00471.01,CONFIRMED,21.34736612,3.2
K00471.02,CONFIRMED,7.81100952,1.36
K00472.01,CONFIRMED,4.243748097,3.16
K06612.02,FALSE POSITIVE,2.404483552,0.48
K00516.01,FALSE POSITIVE,13.54204116,2.01
K00517.01,CONFIRMED,2.752359689,2.54
K00518.01,CONFIRMED,13.98177862,2.09
K00518.02,CONFIRMED,44.0003975,1.56
K00518.03,CONFIRMED,247.354914,2.29
K07626.01,FALSE POSITIVE,462.12069,2.46
K00570.01,FALSE POSITIVE,12.39894005,4.06
K00089.02,CONFIRMED,207.5829306,4.52
K00571.01,CONFIRMED,7.26731094,1.14
K00571.02,CONFIRMED,13.3430025,1.29
K00571.03,CONFIRMED,3.886795001,0.97
K00571.04,CONFIRMED,22.40777833,1.15
K00414.01,FALSE POSITIVE,20.35509657,17.53
K00414.02,FALSE POSITIVE,5.92240377,2.77
K00415.01,CANDIDATE,166.7876551,7.03
K00070.03,CONFIRMED,77.6114427,2.59
K00416.01,CONFIRMED,18.20795835,3.08
K04896.02,CANDIDATE,49.537365,1.48
K00473.01,CONFIRMED,12.70636123,2.75
K00474.01,CONFIRMED,10.94577783,2.84
K00474.02,CONFIRMED,28.9869016,2.7
K00474.03,CONFIRMED,94.886902,4.24
K00474.04,CONFIRMED,5.03505665,1.63
K06707.02,FALSE POSITIVE,24.7222403,1.31
K00519.01,CONFIRMED,11.90352088,2.56
K00084.01,CONFIRMED,9.286964466,2.1
K00519.02,CONFIRMED,34.0350605,2.76
K00520.01,CONFIRMED,12.75934489,2.58
K00520.02,CONFIRMED,5.433132902,1.61
K07627.01,FALSE POSITIVE,0.967427812,29.01
K00572.01,CONFIRMED,10.64021008,2.87
K00572.02,CONFIRMED,4.93883135,1.44
K00573.01,CONFIRMED,5.996533443,2.96
K00573.02,CONFIRMED,2.06190864,1.63
K00574.01,CONFIRMED,20.13490007,2.98
K04838.03,CANDIDATE,24.0721647,1.1
K00416.02,CONFIRMED,88.2553729,2.96
K00417.01,CANDIDATE,19.193103549,12.23
K00418.01,FALSE POSITIVE,22.418319842,9.94
K00419.01,FALSE POSITIVE,20.131477716,39.89
K00420.01,CONFIRMED,6.010383339,3.8
K05007.02,CANDIDATE,80.881757,2.27
K00006.01,FALSE POSITIVE,1.334101467,1.74
K00080.01,CANDIDATE,9.250572762,96.08
K00475.01,CONFIRMED,8.1808949,2.1
K00475.02,CONFIRMED,15.31296388,2.34
K00476.01,CONFIRMED,18.42794957,2.24
K06765.02,FALSE POSITIVE,8.8249556,1.1
K00725.01,FALSE POSITIVE,7.30497811,10.86
K00726.01,FALSE POSITIVE,5.115750935,60.74
K00727.01,FALSE POSITIVE,1.213745575,21.69
K00728.01,CANDIDATE,7.189379172,11.94
K00729.01,FALSE POSITIVE,1.423799421,4.69
K07628.01,CANDIDATE,1.8134378,0.69
K00730.01,CONFIRMED,14.78767172,3.46
K00627.02,CONFIRMED,4.16536757,1.0
K00628.01,CONFIRMED,14.48584765,2.88
K00629.01,CONFIRMED,40.6992062,3.2
K00630.01,FALSE POSITIVE,4.532402495,3.69
K05449.02,FALSE POSITIVE,25.273355,24.74
K00631.01,CONFIRMED,15.458056682,9.11
K00682.01,CANDIDATE,562.1725914,10.9
K00683.01,CANDIDATE,278.1243979,5.86
K00684.01,CANDIDATE,4.034914368,6.95
K00685.01,CONFIRMED,3.173914037,3.07
K07124.02,FALSE POSITIVE,379.11996,2.74
K00686.01,CANDIDATE,52.513548727,12.43
K00687.01,CANDIDATE,4.17838675,3.13
K00730.02,CONFIRMED,9.84824649,2.68
K00730.03,CONFIRMED,19.7243672,3.57
K00111.03,CONFIRMED,51.75530504,2.61
K07630.01,CANDIDATE,16.2982201,0.78
K00730.04,CONFIRMED,7.38443269,2.42
K00731.01,FALSE POSITIVE,7.06115081,171.85
K00099.01,CANDIDATE,2190.7010353,3.12
K00632.01,CONFIRMED,7.23858162,1.34
K00633.01,CONFIRMED,161.4746786,3.25
K00634.01,FALSE POSITIVE,6.277827312,4.87
K00635.01,CONFIRMED,16.71987303,2.52
K00636.01,FALSE POSITIVE,12.011661094,55.2
K00688.01,CONFIRMED,3.275821982,3.54
K00689.01,CONFIRMED,15.87360981,1.53
K00547.03,CONFIRMED,12.3860474,1.11
K00690.01,FALSE POSITIVE,1.360834768,7.24
K00107.01,CONFIRMED,7.256962446,3.53
K00691.01,CONFIRMED,29.66631669,2.83
K00691.02,CONFIRMED,16.2254975,1.21
K00732.01,CONFIRMED,1.260258822,3.57
K00732.02,CANDIDATE,3.29534567,1.23
K07629.01,FALSE POSITIVE,0.542122617,0.94
K00732.03,CONFIRMED,5.25449393,1.41
K00733.01,CONFIRMED,5.924993927,3.15
K00733.02,CONFIRMED,11.34934848,2.39
K00637.01,FALSE POSITIVE,26.94927489,7.37
K00638.01,CONFIRMED,23.6421965,2.9
K00638.02,CONFIRMED,67.0930642,3.51
K00639.01,CONFIRMED,17.97979816,2.89
K00640.01,CONFIRMED,30.99664113,2.43
K00692.01,CONFIRMED,2.462344253,1.33
K00692.02,CONFIRMED,4.822969318,2.22
K00548.02,CANDIDATE,6.0799457,0.86
K00693.01,CONFIRMED,28.7796446,1.95
K00693.02,CONFIRMED,15.66057688,2.05
K00694.01,CONFIRMED,17.42115972,3.11
K00733.03,CONFIRMED,3.13295351,1.39
K00733.04,CONFIRMED,18.64349986,2.14
K00408.05,FALSE POSITIVE,93.803766,2.05
K00734.01,CONFIRMED,24.5434566,3.08
K00112.01,CONFIRMED,51.07926451,2.75
K00734.02,CANDIDATE,70.2780911,2.54
K00100.01,CANDIDATE,9.9664004,16.89
K00641.01,CANDIDATE,14.85185526,2.73
K00642.01,FALSE POSITIVE,4.350413063,1.26
K00643.01,FALSE POSITIVE,1.376384817,1.47
K00644.01,FALSE POSITIVE,45.977861823,17.09
K00695.01,CONFIRMED,29.90721859,2.16
K00696.01,FALSE POSITIVE,7.03380109,2.61
K07378.02,CANDIDATE,56.391062,3.58
K00697.01,CONFIRMED,3.032147946,3.62
K00108.01,CONFIRMED,15.96532718,3.33
K00698.01,FALSE POSITIVE,12.718711489,120.02
K00735.01,CANDIDATE,22.34213536,5.19
K00736.01,CONFIRMED,18.79418506,2.33
K00736.02,CONFIRMED,6.73893544,1.44
K00737.01,FALSE POSITIVE,14.49839316,5.16
K00738.01,CONFIRMED,10.3392408,2.98
K00645.01,CONFIRMED,8.50339249,1.95
K00645.02,CONFIRMED,23.7832097,2.01
K00646.01,FALSE POSITIVE,3.041547148,60.05
K00647.01,CONFIRMED,5.16949729,2.06
K00648.01,CANDIDATE,10.47490332,15.45
K00699.01,FALSE POSITIVE,5.41460536,116.93
K00700.01,CONFIRMED,30.86436512,2.23
K00700.02,CONFIRMED,9.36059705,1.42
K00700.03,CONFIRMED,14.6672293,1.21
K00700.04,CONFIRMED,68.1609897,1.45
K00738.02,CONFIRMED,13.28689997,2.78
K00739.01,CONFIRMED,1.287076693,1.39
K04388.02,CANDIDATE,61.858947,2.47
K00740.01,CONFIRMED,17.6717714,2.44
K00741.01,FALSE POSITIVE,23.355341391,21.55
K00649.01,CONFIRMED,23.44970494,2.71
K00102.01,CONFIRMED,1.73513619,3.27
K00650.01,CONFIRMED,11.95474513,5.15
K00651.01,FALSE POSITIVE,42.55930625,5.45
K00652.01,CONFIRMED,16.080657264,4.43
K00701.01,CONFIRMED,18.16407304,1.98
K07521.02,FALSE POSITIVE,7.334073405,1.42
K00701.02,CONFIRMED,5.71489692,1.33
K00701.03,CONFIRMED,122.3858681,1.72
K00702.01,FALSE POSITIVE,1.274840187,66.76
K00108.02,CONFIRMED,179.609803,5.47
K00703.01,FALSE POSITIVE,1.368617188,1.84
K00653.01,FALSE POSITIVE,1.125963085,1.41
K00654.01,CONFIRMED,8.59481851,1.75
K00654.02,CONFIRMED,10.22215697,1.72
K00655.01,CONFIRMED,25.6721559,2.68
K00655.02,CONFIRMED,151.8851881,2.47
K07544.02,FALSE POSITIVE,1.065731229,384.26
K00704.01,CONFIRMED,18.39629744,2.47
K00705.01,FALSE POSITIVE,1.012672041,5.89
K00706.01,FALSE POSITIVE,28.714216138,42.19
K00707.01,CONFIRMED,21.77568158,4.76
K00707.02,CONFIRMED,41.0283424,3.92
K04453.02,FALSE POSITIVE,0.83442282,0.64
K00656.01,FALSE POSITIVE,1.906633332,2.72
K00657.01,CONFIRMED,4.069425638,1.53
K00102.02,CONFIRMED,4.06844957,0.98
K00657.02,CONFIRMED,16.28247625,1.88
K00658.01,CONFIRMED,3.162692075,2.61
K00707.03,CONFIRMED,31.7848157,3.55
K00707.04,CONFIRMED,13.17555999,2.82
K00707.05,CONFIRMED,5.66815821,1.85
K00708.01,CONFIRMED,17.40665216,2.95
K04577.02,CANDIDATE,3.07365139,0.79
K00109.01,FALSE POSITIVE,6.41496453,25.79
K00658.02,CONFIRMED,5.370639542,2.54
K00658.03,CONFIRMED,11.32977062,1.37
K00659.01,CONFIRMED,23.20579353,5.86
K00660.01,CONFIRMED,6.07972016,2.32
K07621.01,CANDIDATE,275.07365,1.86
K00661.01,CONFIRMED,14.40090414,2.71
K00708.02,CONFIRMED,7.69363627,2.12
K00709.01,CONFIRMED,21.3851584,2.17
K00710.01,CONFIRMED,5.37493289,2.12
K00710.02,CONFIRMED,8.58600968,1.84
K04622.02,CANDIDATE,4.50158249,0.73
K00710.03,CONFIRMED,3.88688862,1.29
K00603.01,FALSE POSITIVE,2.192009479,35.9
K00604.01,FALSE POSITIVE,8.254912972,11.86
K00605.01,CONFIRMED,2.628117322,1.77
K00605.02,CANDIDATE,5.06546874,0.62
K00606.01,FALSE POSITIVE,3.170626881,14.37
K00607.01,CANDIDATE,5.89399142,11.16
K00661.02,CONFIRMED,25.6613816,1.78
K00662.01,CONFIRMED,10.21418792,2.29
K00663.01,CONFIRMED,2.755637216,1.37
K07622.01,FALSE POSITIVE,36.2671673,1.5
K00103.01,CONFIRMED,14.91095177,2.62
K00663.02,CONFIRMED,20.30652862,1.58
K00711.01,CONFIRMED,44.6996563,3.05
K00711.02,CONFIRMED,3.619309734,1.47
K00711.03,CONFIRMED,124.5245224,2.69
K04692.02,CANDIDATE,7.6720844,0.72
K00712.01,FALSE POSITIVE,2.178150857,1.11
K00713.01,FALSE POSITIVE,2.178150567,34.19
K00608.01,FALSE POSITIVE,25.33709016,3.47
K00609.01,FALSE POSITIVE,4.396999852,13.57
K00610.01,CONFIRMED,14.28228147,1.82
K00611.01,CANDIDATE,3.251659087,9.83
K00008.01,FALSE POSITIVE,1.16015259,1.4
K00094.04,CONFIRMED,3.743166733,1.5
K00664.01,CONFIRMED,13.13747785,1.85
K00664.02,CONFIRMED,7.78199862,1.32
K07623.01,FALSE POSITIVE,2.2227289,34.14
K00664.03,CONFIRMED,23.4433748,1.29
K00665.01,CONFIRMED,5.868066282,3.6
K00665.02,CONFIRMED,1.61189046,1.72
K00110.01,CONFIRMED,9.940666412,2.87
K00714.01,CONFIRMED,4.182001885,2.46
K04700.02,CANDIDATE,66.47762,1.83
K00715.01,FALSE POSITIVE,1.621668852,32.76
K00716.01,CANDIDATE,26.89316101,6.78
K00717.01,CONFIRMED,14.70749512,2.04
K00612.01,CONFIRMED,20.73989406,2.11
K00612.02,CONFIRMED,47.4277116,2.33
K00613.01,FALSE POSITIVE,5.07442951,1.38
K00614.01,CONFIRMED,12.874712426,11.26
K00615.01,FALSE POSITIVE,176.2432946,48.15
K00665.03,CONFIRMED,3.07155284,1.65
K00666.01,CONFIRMED,22.24814617,2.72
K07636.01,CANDIDATE,0.702739679,0.73
K00667.01,FALSE POSITIVE,4.305219002,10.34
K00668.01,FALSE POSITIVE,13.779711352,47.58
K00104.01,CONFIRMED,2.508057497,3.25
K00669.01,FALSE POSITIVE,5.07437786,23.71
K00717.02,CONFIRMED,0.900375925,0.82
K00718.01,CONFIRMED,4.585466941,3.29
K00718.02,CONFIRMED,22.71443351,4.01
K00718.03,CONFIRMED,47.903427,3.55
K00719.01,CONFIRMED,9.034190783,1.8
K00616.01,FALSE POSITIVE,1.433339604,2.08
K00617.01,FALSE POSITIVE,37.86511904,40.36
K00618.01,CONFIRMED,9.07098164,2.94
K00619.01,FALSE POSITIVE,2.879243323,21.02
K00620.01,CONFIRMED,45.15535633,7.65
K00670.01,CONFIRMED,9.48965527,2.16
K00671.01,CONFIRMED,4.22865217,1.83
K07637.01,FALSE POSITIVE,2.85889907,0.73
K00671.02,CONFIRMED,7.46662068,1.65
K00671.03,CONFIRMED,16.25951967,1.72
K00671.04,CONFIRMED,11.1317901,1.47
K00719.02,CONFIRMED,28.1224393,0.9
K00111.01,CONFIRMED,11.427550984,2.35
K07631.01,FALSE POSITIVE,0.983304511,1.1
K00719.03,CONFIRMED,45.9029768,1.18
K00719.04,CONFIRMED,4.159816554,0.86
K00720.01,CONFIRMED,5.69059163,3.1
K00097.01,CONFIRMED,4.885488596,16.66
K00620.02,CONFIRMED,130.17802962,10.44
K00620.03,CONFIRMED,85.3162004,6.34
K00621.01,CANDIDATE,17.761998411,14.25
K00622.01,CANDIDATE,155.042265,26.44
K00623.01,CONFIRMED,10.34973276,1.44
K00672.01,CONFIRMED,16.08786246,2.56
K07638.01,CANDIDATE,25.0032023,1.47
K00672.02,CONFIRMED,41.74938613,2.94
K00672.03,FALSE POSITIVE,0.56680081,1.02
K00673.01,CONFIRMED,4.41746257,3.95
K00105.01,CONFIRMED,8.981014925,3.14
K00674.01,CONFIRMED,16.33888067,10.47
K07632.01,FALSE POSITIVE,39.1307086,1.54
K00720.02,CONFIRMED,10.04157214,2.97
K00720.03,CONFIRMED,18.36974658,3.58
K00720.04,CONFIRMED,2.79590004,1.66
K00721.01,CONFIRMED,13.72462702,2.13
K00722.01,CONFIRMED,46.40626,2.66
K07634.01,CANDIDATE,80.84069,15.11
K00623.02,CONFIRMED,15.67750191,1.42
K00623.03,CONFIRMED,5.59931543,1.22
K00623.04,CONFIRMED,25.2100146,0.95
K00624.01,CONFIRMED,17.79001678,2.7
K00624.02,CONFIRMED,49.5674085,2.91
K00098.01,CONFIRMED,6.790120801,9.86
K00675.01,FALSE POSITIVE,1.655467295,2.17
K00676.01,CONFIRMED,7.972510087,3.22
K00676.02,CONFIRMED,2.453236139,2.26
K00677.01,FALSE POSITIVE,11.9710626,5.84
K00678.01,CONFIRMED,6.0404622,1.3
K00678.02,CONFIRMED,4.13852825,1.3
K00723.01,CONFIRMED,3.936993144,3.36
K00723.02,CONFIRMED,28.08185982,3.63
K00111.02,CONFIRMED,23.66834635,2.32
K00723.03,CONFIRMED,10.08881066,4.71
K07635.01,CANDIDATE,60.458443,1.59
K00724.01,FALSE POSITIVE,6.97106919,2.07
K00624.03,CONFIRMED,1.311842968,1.43
K00625.01,FALSE POSITIVE,38.13853099,68.75
K00626.01,CONFIRMED,14.58649856,2.45
K00626.02,CANDIDATE,8.0292018,0.99
K07639.01,FALSE POSITIVE,1.05569286,0.45
K00627.01,CONFIRMED,7.75192755,1.89
K00679.01,CONFIRMED,31.80475991,2.99
K00679.02,CONFIRMED,16.2580276,0.92
K00680.01,CONFIRMED,8.600153929,26.52
K00009.01,FALSE POSITIVE,3.719809197,87.21
K07633.01,FALSE POSITIVE,0.73975345,2.09
K00106.01,FALSE POSITIVE,1.612249049,50.98
K00681.01,FALSE POSITIVE,44.258173075,37.38
K04062.01,FALSE POSITIVE,3.05933906,36.0
K04063.01,FALSE POSITIVE,0.624677585,1.28
K04064.01,FALSE POSITIVE,0.759763198,1.2
K04065.01,FALSE POSITIVE,372.37369,2.68
K04066.01,CONFIRMED,126.55719,4.59
K04135.01,FALSE POSITIVE,12.435190544,0.52
K02289.02,CONFIRMED,20.0983676,1.58
K07646.01,FALSE POSITIVE,85.112898,2.21
K04136.01,CANDIDATE,2.41750021,1.19
K04136.02,CANDIDATE,4.03357434,1.23
K04137.01,FALSE POSITIVE,0.504426087,33.96
K02220.04,CANDIDATE,7.66462913,1.6
K04067.01,CONFIRMED,9.6887216,3.09
K04068.01,CONFIRMED,19.597317,3.78
K04069.01,CONFIRMED,13.06243545,1.36
K04070.01,FALSE POSITIVE,0.793663156,1.14
K04138.01,FALSE POSITIVE,2.81401302,1.51
K04139.01,CONFIRMED,3.74031708,1.38
K07650.01,FALSE POSITIVE,0.851678507,0.85
K04140.01,FALSE POSITIVE,205.30627,2.48
K04141.01,FALSE POSITIVE,0.978046982,129.67
K04142.01,FALSE POSITIVE,1.332566763,1.49
K04071.01,FALSE POSITIVE,1.89131005,6.4
K04072.01,CONFIRMED,0.692978457,2.24
K04073.01,FALSE POSITIVE,87.140633,
K04074.01,FALSE POSITIVE,185.53285,28.39
K04075.01,FALSE POSITIVE,0.885131111,0.9
K04143.01,FALSE POSITIVE,1.85447373,1.33
K04144.01,CANDIDATE,0.487656278,0.99
K07642.01,FALSE POSITIVE,0.502622858,1.41
K02298.02,CONFIRMED,31.8055128,0.63
K04145.01,CANDIDATE,3.25424652,0.96
K04146.01,CONFIRMED,3.50472344,0.8
K04076.01,CONFIRMED,124.827797,2.57
K02220.05,CANDIDATE,11.9294568,1.05
K04077.01,FALSE POSITIVE,0.786260569,15.72
K04078.01,FALSE POSITIVE,0.597934463,23.2
K04079.01,FALSE POSITIVE,360.76458,60.3
K04147.01,FALSE POSITIVE,2.15292788,1.02
K04148.01,FALSE POSITIVE,2.61585431,1.28
K04149.01,CANDIDATE,9.54699216,1.71
K04149.02,CANDIDATE,14.708641,1.82
K04150.01,CONFIRMED,31.3351094,1.99
K04080.01,FALSE POSITIVE,1.061002863,1.06
K04081.01,FALSE POSITIVE,363.35755,3.45
K04082.01,FALSE POSITIVE,0.924821319,1.1
K04083.01,FALSE POSITIVE,4.4697452,2.43
K04084.01,CONFIRMED,214.881456,2.68
K04154.02,FALSE POSITIVE,122.906853,3.55
K04155.01,FALSE POSITIVE,12.422216754,0.8
K04156.01,CONFIRMED,4.85018974,1.1
K07651.01,FALSE POSITIVE,383.43595,2.53
K04157.01,CONFIRMED,3.82315697,0.77
K04158.01,FALSE POSITIVE,0.842336445,0.9
K00142.02,FALSE POSITIVE,339.42934084,
K00255.02,CANDIDATE,13.6032081,0.75
K04085.01,FALSE POSITIVE,0.914468919,36.84
K04086.01,FALSE POSITIVE,1.54039744,1.08
K02243.02,CONFIRMED,8.45805119,2.52
K04087.01,CONFIRMED,101.1107014,1.61
K04088.01,FALSE POSITIVE,0.907943645,49.37
K04163.01,FALSE POSITIVE,94.446856,7.13
K04164.01,FALSE POSITIVE,0.92565941,0.88
K04165.01,FALSE POSITIVE,0.537110149,32.19
K04166.01,CONFIRMED,9.84262076,2.41
K04167.01,FALSE POSITIVE,2.99194823,0.78
K00435.05,CONFIRMED,62.3026877,3.05
K02175.02,CONFIRMED,72.3826983,4.21
K04019.01,FALSE POSITIVE,360.33012,2.34
K04020.01,FALSE POSITIVE,0.566803149,1.93
K07652.01,FALSE POSITIVE,15.3466028,3.64
K04021.01,CANDIDATE,7.23531329,1.53
K04089.01,FALSE POSITIVE,0.531106622,7.54
K04090.01,FALSE POSITIVE,1.332547503,1.23
K04091.01,CONFIRMED,225.585245,3.71
K04092.01,CONFIRMED,24.4972683,2.74
K07643.01,FALSE POSITIVE,4.20253859,0.71
K04093.01,FALSE POSITIVE,0.535578808,33.97
K04151.01,FALSE POSITIVE,0.89486317,1.19
K04152.01,CANDIDATE,64.1862264,8.0
K04153.01,CONFIRMED,4.62602867,1.65
K02303.02,CONFIRMED,8.93484887,1.83
K07647.01,FALSE POSITIVE,7.04716175,1.1
K04154.01,FALSE POSITIVE,368.71479,91.06
K04021.02,CANDIDATE,4.93211932,1.02
K04022.01,CANDIDATE,4.85819429,2.04
K04023.01,FALSE POSITIVE,119.0192648,4.44
K04024.01,CONFIRMED,8.40693068,1.95
K07644.01,CANDIDATE,3.39904814,0.81
K04025.01,FALSE POSITIVE,0.974479091,1.19
K04094.01,FALSE POSITIVE,3.57017774,57.36
K04095.01,FALSE POSITIVE,1.10601182,0.77
K04096.01,FALSE POSITIVE,6.873655305,1.21
K02250.02,CONFIRMED,0.626281766,1.76
K07648.01,CANDIDATE,1.183505016,0.8
K04097.01,CONFIRMED,2.790643481,0.99
K04159.01,CONFIRMED,0.971915957,0.79
K04160.01,CONFIRMED,3.03196812,0.9
K04161.01,FALSE POSITIVE,1.2940561,5.27
K04162.01,FALSE POSITIVE,0.53936593,9.19
K07640.01,FALSE POSITIVE,0.643703667,1.48
K02357.02,CANDIDATE,15.9042402,3.79
K04026.01,FALSE POSITIVE,0.735146413,168.34
K04027.01,FALSE POSITIVE,0.827351796,0.9
K02193.02,CANDIDATE,4.16288745,1.32
K04028.01,FALSE POSITIVE,0.618952198,4.96
K04029.01,FALSE POSITIVE,1.31723412,125.56
K04097.02,CANDIDATE,4.44902309,0.55
K04098.01,CANDIDATE,1.121733366,2.39
K04099.01,CONFIRMED,4.95060632,1.28
K04100.01,FALSE POSITIVE,379.08202,23.99
K04101.01,FALSE POSITIVE,366.31509,2.87
K04168.01,FALSE POSITIVE,0.536544193,0.9
K04169.01,CONFIRMED,1.005205893,0.85
K04170.01,FALSE POSITIVE,43.796785,20.79
K04171.01,FALSE POSITIVE,0.952371227,21.96
K04172.01,FALSE POSITIVE,1.089088292,1.28
K02360.02,FALSE POSITIVE,1.1518407,
K04030.01,FALSE POSITIVE,7.7553808,22.2
K04031.01,FALSE POSITIVE,0.730949487,1.27
K04032.01,CONFIRMED,3.95116635,0.83
K04032.02,CONFIRMED,2.89223998,0.7
K04033.01,FALSE POSITIVE,0.991552822,37.93
K04102.01,FALSE POSITIVE,1.89124187,0.93
K07641.01,CANDIDATE,3.79437277,1.36
K04103.01,CONFIRMED,184.77271,2.41
K04104.01,FALSE POSITIVE,392.49728,2.82
K04105.01,CANDIDATE,363.41165,3.14
K02257.02,CONFIRMED,59.284064,1.81
K04034.01,CONFIRMED,6.96704926,6.14
K04035.01,FALSE POSITIVE,8.8109721,47.94
K04036.01,CONFIRMED,168.81133,1.69
K02194.02,CONFIRMED,67.968656,1.71
K04037.01,CANDIDATE,215.956008,3.36
K04038.01,FALSE POSITIVE,2.15681538,1.06
K04106.01,FALSE POSITIVE,0.708563091,15.38
K07645.01,CANDIDATE,2.00870696,0.55
K04107.01,FALSE POSITIVE,366.24282,2.4
K04108.01,FALSE POSITIVE,1.33256418,0.81
K04109.01,CANDIDATE,0.655939788,1.48
K04110.01,FALSE POSITIVE,12.4258833,2.19
K04039.01,FALSE POSITIVE,1.387838134,1.24
K04040.01,FALSE POSITIVE,0.678349364,19.06
K04041.01,FALSE POSITIVE,1.022028468,26.91
K04042.01,FALSE POSITIVE,0.72359699,6.73
K04043.01,FALSE POSITIVE,1.6156052,34.69
K04111.01,FALSE POSITIVE,1.8913182,0.9
K07649.01,FALSE POSITIVE,494.165759,4.5
K04112.01,FALSE POSITIVE,2.43585046,2.6
K04113.01,FALSE POSITIVE,1.33255441,1.12
K04114.01,FALSE POSITIVE,359.1015,2.37
K04115.01,FALSE POSITIVE,0.941840589,27.05
K04044.01,FALSE POSITIVE,1.728521892,1.19
K04045.01,FALSE POSITIVE,1.89125855,0.81
K04046.01,FALSE POSITIVE,8.65312868,20.38
K02195.02,CONFIRMED,30.0899459,2.25
K04047.01,FALSE POSITIVE,1.39862757,2.39
K00435.06,CONFIRMED,9.91937693,1.32
K07671.01,FALSE POSITIVE,0.918510251,1.77
K02263.02,CONFIRMED,9.47850818,1.47
K04116.01,FALSE POSITIVE,0.783258387,1.28
K04117.01,CONFIRMED,4.24263096,1.1
K04118.01,FALSE POSITIVE,1.231363214,10.75
K04119.01,FALSE POSITIVE,0.755101928,0.91
K04048.01,FALSE POSITIVE,4.56447463,1.13
K04049.01,FALSE POSITIVE,1.027904857,30.48
K04050.01,FALSE POSITIVE,367.95566,3.62
K04051.01,CONFIRMED,163.692336,2.75
K04052.01,FALSE POSITIVE,1.106529843,1.91
K07672.01,FALSE POSITIVE,111.741576,6.88
K04120.01,CANDIDATE,110.461746,1.93
K04121.01,CONFIRMED,198.088873,3.24
K04122.01,FALSE POSITIVE,1.08193721,0.77
K04123.01,CANDIDATE,44.6226725,1.73
K04124.01,FALSE POSITIVE,2.43142974,1.17
K04053.01,CONFIRMED,1.41975831,0.85
K04054.01,CONFIRMED,169.135056,2.21
K04055.01,FALSE POSITIVE,0.73095491,0.88
K04056.01,CONFIRMED,3.951383138,23.51
K02195.03,CONFIRMED,6.84978728,1.83
K07673.01,CANDIDATE,80.769893,1.87
K04125.01,FALSE POSITIVE,1.111362442,2.86
K02287.02,CONFIRMED,28.9060526,0.79
K04126.01,CONFIRMED,8.10503551,1.45
K04127.01,CONFIRMED,8.82715783,1.67
K04128.01,FALSE POSITIVE,143.196381,6.64
K04057.01,FALSE POSITIVE,9.089151782,4.35
K04058.01,FALSE POSITIVE,1.87886973,1.04
K04059.01,FALSE POSITIVE,0.979161676,1.03
K04060.01,CANDIDATE,225.26213,2.36
K04061.01,FALSE POSITIVE,0.855922327,0.87
K07674.01,FALSE POSITIVE,25.9528725,1.53
K04129.01,CANDIDATE,2.31482311,0.69
K04130.01,FALSE POSITIVE,0.952374508,1.13
K04131.01,FALSE POSITIVE,0.936751792,2.07
K04132.01,FALSE POSITIVE,393.34331,2.27
K04133.01,FALSE POSITIVE,0.621361411,1.12
K04134.01,FALSE POSITIVE,250.23760741,
K04341.01,CANDIDATE,10.778313,1.25
K04342.01,FALSE POSITIVE,0.594310785,0.91
K04343.01,CONFIRMED,27.2106807,1.73
K04344.01,FALSE POSITIVE,4.31978105,3.87
K04345.01,CANDIDATE,4.32710895,26.6
K02859.04,CANDIDATE,2.90512019,0.57
K04409.01,CONFIRMED,14.2651545,1.06
K04410.01,CANDIDATE,5.04404366,1.47
K04411.01,CONFIRMED,11.17931581,1.81
K04412.01,FALSE POSITIVE,1.284991846,1.17
K04205.01,CANDIDATE,1.166960319,0.88
K07653.01,FALSE POSITIVE,324.18028,2.2
K04206.01,FALSE POSITIVE,0.530959357,0.69
K04207.01,CANDIDATE,0.701944362,0.8
K04208.01,CANDIDATE,3.05772668,1.23
K04209.01,CANDIDATE,9.9092109,2.35
K04275.01,FALSE POSITIVE,0.996864568,0.77
K07661.01,FALSE POSITIVE,0.673684895,0.7
K04276.01,CONFIRMED,56.644452,2.44
K04277.01,FALSE POSITIVE,1.710319812,0.56
K04278.01,FALSE POSITIVE,5.62978034,1.61
K04279.01,FALSE POSITIVE,1.050852976,45.89
K04346.01,CANDIDATE,6.39269778,1.21
K07664.01,FALSE POSITIVE,1.540398683,12.65
K04347.01,CONFIRMED,3.0570982,0.99
K04348.01,FALSE POSITIVE,365.25921,2.39
K02585.03,CANDIDATE,7.87845756,0.78
K04349.01,FALSE POSITIVE,372.72688,3.52
K04413.01,FALSE POSITIVE,9.9398272,101.71
K04414.01,FALSE POSITIVE,0.866346,1.24
K04415.01,FALSE POSITIVE,0.885129679,1.21
K04416.01,FALSE POSITIVE,56.898749,6.33
K04417.01,FALSE POSITIVE,0.438153876,14.0
K04210.01,FALSE POSITIVE,398.40957,3.33
K04211.01,FALSE POSITIVE,0.696286519,1.34
K04212.01,CONFIRMED,5.79179934,1.69
K00571.05,CONFIRMED,129.945392,1.18
K02433.04,CANDIDATE,27.9040511,2.19
K04280.01,FALSE POSITIVE,1.39772545,1.58
K02505.02,FALSE POSITIVE,12.4246697,168.91
K04281.01,FALSE POSITIVE,383.00806,2.2
K04282.01,FALSE POSITIVE,0.847588864,0.91
K04283.01,FALSE POSITIVE,331.81534,1.84
K04350.01,FALSE POSITIVE,1.75649346,1.62
K04351.01,CANDIDATE,0.644322147,24.39
K04352.01,FALSE POSITIVE,1.8912501,23.5
K04353.01,CANDIDATE,17.8075656,3.92
K04354.01,FALSE POSITIVE,0.996023763,18.36
K04355.01,FALSE POSITIVE,36.616669,1.68
K04418.01,CANDIDATE,333.03842,3.19
K02949.02,CANDIDATE,3.75030469,0.87
K04419.01,CANDIDATE,0.259819659,1.22
K04420.01,FALSE POSITIVE,0.566795467,0.67
K04421.01,CANDIDATE,4.72693131,0.61
K04212.02,CANDIDATE,10.0989634,1.03
K04213.01,FALSE POSITIVE,3.67515329,0.71
K04214.01,FALSE POSITIVE,0.715825886,0.58
K04215.01,CONFIRMED,26.5487294,2.54
K04216.01,FALSE POSITIVE,0.492291661,3.42
K07654.01,FALSE POSITIVE,1.6911935,6.36
K04284.01,FALSE POSITIVE,2.42803503,0.85
K04285.01,FALSE POSITIVE,372.94844,1.34
K04286.01,FALSE POSITIVE,0.787120016,23.81
K04287.01,CANDIDATE,13.12297275,1.29
K04288.01,CONFIRMED,6.28384079,0.73
K04355.02,FALSE POSITIVE,21.131609,0.94
K04355.03,FALSE POSITIVE,81.675841,1.31
K04355.04,FALSE POSITIVE,28.5463574,1.35
K02590.02,CANDIDATE,22.7909233,1.38
K04355.05,FALSE POSITIVE,72.563291,1.99
K04356.01,CONFIRMED,174.510276,1.74
K04357.01,CANDIDATE,0.681180633,2.97
K04422.01,FALSE POSITIVE,15.705388,3.3
K04423.01,FALSE POSITIVE,7.65270746,3.21
K04424.01,CONFIRMED,2.27164952,0.97
K04425.01,FALSE POSITIVE,3.84835742,0.77
K04426.01,CANDIDATE,369.13236,2.14
K04217.01,FALSE POSITIVE,1.0388961,114.1
K04218.01,FALSE POSITIVE,293.76887,1.97
K04219.01,FALSE POSITIVE,1.87885327,0.97
K04220.01,FALSE POSITIVE,0.785473311,1.61
K04221.01,FALSE POSITIVE,5.2438982,1.24
K04288.02,CANDIDATE,9.08745206,0.73
K04289.01,FALSE POSITIVE,441.877824,39.55
K07655.01,FALSE POSITIVE,2.9761504,1.02
K02529.02,CONFIRMED,64.0019669,2.48
K04290.01,CONFIRMED,4.83809469,0.79
K04291.01,FALSE POSITIVE,361.91436,1.84
K04292.01,CONFIRMED,9.3281912,0.59
K04358.01,CANDIDATE,106.957467,2.4
K04359.01,FALSE POSITIVE,0.629001455,0.81
K04360.01,CONFIRMED,2.71603664,1.05
K04361.01,CANDIDATE,75.8781344,3.39
K04362.01,FALSE POSITIVE,374.59003,1.34
K04427.01,CANDIDATE,147.661729,1.59
K04428.01,CANDIDATE,13.00291716,1.28
K07665.01,FALSE POSITIVE,319.30633,1.26
K02972.02,CANDIDATE,42.0292298,2.33
K04429.01,FALSE POSITIVE,1.75254087,1.41
K04430.01,CANDIDATE,0.505111993,1.58
K02433.05,FALSE POSITIVE,0.646745436,1.49
K04222.01,CONFIRMED,3.38557445,1.63
K04223.01,FALSE POSITIVE,2.754024,1.68
K04224.01,FALSE POSITIVE,1.975208831,1.59
K04225.01,FALSE POSITIVE,0.960843605,19.15
K04293.01,FALSE POSITIVE,4.206109,0.91
K04294.01,FALSE POSITIVE,0.962590772,31.51
K04295.01,CONFIRMED,13.3997555,1.51
K04296.01,CANDIDATE,2.49385348,0.59
K07656.01,FALSE POSITIVE,0.776950288,1.72
K04297.01,FALSE POSITIVE,5.93725628,0.86
K04363.01,CANDIDATE,18.22211768,7.45
K04364.01,CONFIRMED,4.56383697,1.22
K02722.05,CANDIDATE,16.5340022,1.17
K04365.01,FALSE POSITIVE,55.119831,1.68
K04365.02,FALSE POSITIVE,25.6416117,1.76
K04439.01,FALSE POSITIVE,1.33258455,15.89
K04440.01,FALSE POSITIVE,350.81029,2.86
K04441.01,CONFIRMED,0.341842017,1.72
K04442.01,CANDIDATE,13.9482197,2.53
K04443.01,CANDIDATE,5.67577999,1.22
K07666.01,FALSE POSITIVE,0.570953851,1.01
K04226.01,CANDIDATE,49.564693,1.63
K04227.01,FALSE POSITIVE,4.29258258,1.87
K04228.01,FALSE POSITIVE,0.960842633,67.53
K04229.01,FALSE POSITIVE,14.5893928,
K04230.01,CONFIRMED,5.49548533,1.3
K04298.01,CANDIDATE,2.89494709,1.16
K04299.01,FALSE POSITIVE,0.980505042,26.35
K02541.02,CONFIRMED,20.4853893,3.6
K04300.01,CONFIRMED,3.58273837,1.64
K04301.01,CONFIRMED,15.604841,1.57
K04365.03,FALSE POSITIVE,75.681309,1.64
K04366.01,CANDIDATE,0.762950224,1.0
K07657.01,FALSE POSITIVE,62.060783,2.11
K04367.01,CANDIDATE,170.995748,4.9
K04368.01,FALSE POSITIVE,12.4252735,2.37
K04368.02,FALSE POSITIVE,39.2820405,58.67
K04369.01,FALSE POSITIVE,361.54561249,
K04431.01,CANDIDATE,19.5650801,0.97
K04431.02,FALSE POSITIVE,355.79978,1.87
K04432.01,FALSE POSITIVE,410.99389,2.09
K04433.01,FALSE POSITIVE,2.17823752,0.64
K04434.01,FALSE POSITIVE,1.404674486,0.86
K04231.01,FALSE POSITIVE,24.9097436,2.24
K02442.02,CONFIRMED,12.3101351,1.51
K04232.01,CONFIRMED,2.61576515,1.06
K04233.01,FALSE POSITIVE,409.2452,2.1
K04234.01,CONFIRMED,6.94245216,1.34
K04302.01,CANDIDATE,5.53312006,1.05
K04303.01,CANDIDATE,200.721168,3.32
K04304.01,CONFIRMED,9.4061364,1.14
K04305.01,FALSE POSITIVE,0.935086665,1.18
K04306.01,FALSE POSITIVE,1.489457454,1.58
K04370.01,FALSE POSITIVE,1.181165291,1.52
K04371.01,CONFIRMED,66.373298,1.99
K02732.02,CONFIRMED,13.61165024,1.46
K04372.01,CONFIRMED,6.24564633,1.06
K04373.01,FALSE POSITIVE,0.945829261,0.86
K04435.01,CANDIDATE,10.8614163,1.01
K04436.01,FALSE POSITIVE,0.973160836,1.22
K04437.01,FALSE POSITIVE,4.05943749,2.11
K03004.02,CANDIDATE,7.03965141,2.72
K07662.01,CANDIDATE,4.72519164,3.98
K04438.01,FALSE POSITIVE,6.39903778,6.54
K04235.01,CANDIDATE,66.6434565,2.99
K04236.01,FALSE POSITIVE,0.739761008,9.67
K04237.01,FALSE POSITIVE,0.950735805,1.39
K04238.01,FALSE POSITIVE,369.819993,4.25
K04239.01,FALSE POSITIVE,2.17815935,1.22
K04307.01,CANDIDATE,160.850075,3.41
K04308.01,FALSE POSITIVE,0.720460644,37.33
K04309.01,FALSE POSITIVE,3.7948721,16.1
K00612.03,CONFIRMED,122.0804953,2.92
K02563.02,CANDIDATE,6.2614227,0.81
K04374.01,CANDIDATE,3.70386741,0.86
K04375.01,FALSE POSITIVE,0.638437699,2.48
K04376.01,FALSE POSITIVE,1.8912851,19.96
K04377.01,CANDIDATE,19.8751355,2.49
K04378.01,FALSE POSITIVE,343.42046,2.15
K07658.01,FALSE POSITIVE,3.47148164,0.85
K04444.01,CONFIRMED,5.94373492,1.14
K04445.01,FALSE POSITIVE,244.60373,2.1
K04446.01,CONFIRMED,85.7567919,2.99
K04447.01,CONFIRMED,2.18660188,0.98
K03043.02,CANDIDATE,7.2929891,0.73
K04240.01,FALSE POSITIVE,3.1339356,1.58
K04241.01,CONFIRMED,2.55315031,1.25
K02458.02,CONFIRMED,2.936587946,1.77
K04242.01,CANDIDATE,145.786556,1.82
K04243.01,FALSE POSITIVE,1.33254212,1.45
K04310.01,CONFIRMED,10.7769944,1.15
K07668.01,CANDIDATE,2.5093344,1.47
K04311.01,FALSE POSITIVE,0.918921494,1.49
K04312.01,CONFIRMED,7.84931877,0.81
K04313.01,FALSE POSITIVE,67.7125988,82.63
K04314.01,FALSE POSITIVE,12.4285576,2.22
K04379.01,FALSE POSITIVE,1.275511306,0.84
K04380.01,FALSE POSITIVE,5.78159956,1.7
K04381.01,FALSE POSITIVE,8.4805019,1.26
K02732.04,CANDIDATE,24.5607107,1.13
K04382.01,CONFIRMED,2.94648935,0.89
K04173.01,FALSE POSITIVE,1.227986164,1.17
K04174.01,FALSE POSITIVE,2.11548883,1.29
K07659.01,FALSE POSITIVE,358.96247,2.37
K04175.01,FALSE POSITIVE,2.17815196,1.09
K04176.01,FALSE POSITIVE,342.315407,3.15
K04177.01,FALSE POSITIVE,1.089077224,1.0
K04244.01,FALSE POSITIVE,1.288066288,34.84
K04245.01,CANDIDATE,24.6683831,1.76
K07663.01,FALSE POSITIVE,2.31894284,0.87
K04246.01,CONFIRMED,6.98472143,1.19
K04247.01,CANDIDATE,349.41047,2.41
K04248.01,FALSE POSITIVE,0.562563871,0.69
K04315.01,FALSE POSITIVE,0.93373458,0.93
K04316.01,FALSE POSITIVE,1.33251948,1.64
K04317.01,FALSE POSITIVE,168.84663,1.45
K04318.01,CANDIDATE,14.8162925,1.57
K04319.01,FALSE POSITIVE,160.4122022,4.45
K04382.02,CANDIDATE,3.98167088,0.79
K04383.01,CONFIRMED,4.34195312,0.94
K04384.01,CONFIRMED,122.358116,2.15
K04385.01,CONFIRMED,7.298142,1.6
K04386.01,CONFIRMED,18.5010898,1.62
K04178.01,CANDIDATE,7.016016,1.72
K04179.01,FALSE POSITIVE,0.569961046,1.04
K00566.03,CANDIDATE,42.068554,1.32
K04180.01,FALSE POSITIVE,1.121634781,0.6
K04181.01,FALSE POSITIVE,1.33256979,0.97
K04182.01,FALSE POSITIVE,0.536650896,18.45
K04249.01,FALSE POSITIVE,397.73699,3.05
K04250.01,FALSE POSITIVE,2.17818699,1.03
K04251.01,CANDIDATE,6.23968392,1.55
K02485.02,CONFIRMED,3.60082855,1.36
K04252.01,CONFIRMED,15.5714121,0.72
K02579.02,CONFIRMED,3.59645081,1.66
K04320.01,CONFIRMED,20.6579443,1.27
K04321.01,FALSE POSITIVE,0.760941405,1.18
K07669.01,FALSE POSITIVE,137.665706,15.41
K04322.01,FALSE POSITIVE,370.90237,1.97
K04322.02,FALSE POSITIVE,321.55087,1.68
K04387.01,FALSE POSITIVE,1.54038914,0.84
K04388.01,FALSE POSITIVE,71.76236302,25.76
K04389.01,CANDIDATE,16.3368863,1.27
K04390.01,CANDIDATE,1.63668262,103.99
K02744.02,CANDIDATE,11.615625,2.84
K02365.02,CONFIRMED,110.978266,1.86
K04183.01,FALSE POSITIVE,0.952378454,1.46
K04184.01,CONFIRMED,6.08003714,1.07
K04185.01,CONFIRMED,3.035206175,3.59
K07660.01,FALSE POSITIVE,358.96844,2.7
K04186.01,FALSE POSITIVE,2.21316437,0.95
K04253.01,CANDIDATE,173.2578372,117.29
K04254.01,FALSE POSITIVE,0.530967987,1.08
K04255.01,CONFIRMED,6.30558387,2.52
K04256.01,FALSE POSITIVE,4.2058608,1.14
K04257.01,CANDIDATE,41.6757509,2.1
K04323.01,CANDIDATE,11.49589567,1.59
K04324.01,FALSE POSITIVE,8.4803326,1.35
K04325.01,CANDIDATE,0.609926502,1.12
K04326.01,FALSE POSITIVE,0.750744255,17.07
K04327.01,CONFIRMED,0.991659646,1.19
K07670.01,CANDIDATE,8.4795266,1.18
K04391.01,CANDIDATE,49.4746966,1.62
K04392.01,FALSE POSITIVE,118.609553,2.86
K04393.01,CANDIDATE,1.62888267,0.92
K04394.01,FALSE POSITIVE,0.616386349,2.94
K04395.01,CANDIDATE,1.920062587,1.12
K04396.01,FALSE POSITIVE,88.91323139,
K04187.01,FALSE POSITIVE,7.07162308,1.42
K04188.01,CONFIRMED,6.96352699,1.4
K04189.01,CONFIRMED,64.2729088,5.38
K04190.01,CONFIRMED,3.4327371,0.75
K04191.01,FALSE POSITIVE,13.8452726,2.34
K07695.01,FALSE POSITIVE,0.687506554,8.73
K04258.01,FALSE POSITIVE,0.566801617,0.88
K04259.01,CANDIDATE,0.909127736,0.98
K04260.01,FALSE POSITIVE,371.63327,1.83
K04261.01,CONFIRMED,1.450889836,1.21
K02485.03,CONFIRMED,5.72716067,1.4
K04328.01,FALSE POSITIVE,407.59415,2.11
K02579.03,CANDIDATE,10.30148508,1.6
K04329.01,CANDIDATE,17.8007815,1.02
K04330.01,FALSE POSITIVE,358.101884,0.95
K04331.01,CANDIDATE,1.717859841,1.45
K04396.02,FALSE POSITIVE,46.0771501,
K04396.03,FALSE POSITIVE,42.62423329,
K04397.01,FALSE POSITIVE,0.447861451,1.42
K04398.01,CANDIDATE,7.3422467,1.6
K00647.02,CANDIDATE,8.1134681,0.92
K02842.03,CONFIRMED,3.036208739,1.4
K04192.01,CONFIRMED,18.0541469,1.51
K02420.02,CANDIDATE,5.4675514,1.07
K07689.01,FALSE POSITIVE,1.01530474,64.77
K04193.01,FALSE POSITIVE,94.180473,4.17
K04194.01,CONFIRMED,1.538185321,1.29
K04195.01,FALSE POSITIVE,1.332567643,0.62
K04262.01,FALSE POSITIVE,1.089076495,0.75
K04263.01,FALSE POSITIVE,1.662710314,2.16
K07696.01,FALSE POSITIVE,472.071079,2.01
K04264.01,CANDIDATE,0.888478095,1.51
K04265.01,FALSE POSITIVE,2.18242002,0.7
K04266.01,FALSE POSITIVE,0.503999678,2.97
K04332.01,FALSE POSITIVE,2.66588544,0.98
K04333.01,CANDIDATE,309.25581,2.18
K04334.01,CANDIDATE,2.44232399,1.1
K04335.01,CONFIRMED,7.61758198,1.0
K04336.01,FALSE POSITIVE,41.477908,1.09
K04399.01,CANDIDATE,42.1003351,1.42
K04400.01,CONFIRMED,2.20923119,0.84
K04401.01,FALSE POSITIVE,260.54832,1.35
K04402.01,FALSE POSITIVE,370.47678,2.37
K04403.01,CONFIRMED,5.88350251,1.27
K04196.01,FALSE POSITIVE,0.662457501,8.3
K04197.01,FALSE POSITIVE,1.33258458,1.25
K04198.01,CANDIDATE,1.182862515,1.26
K04199.01,CONFIRMED,0.539915033,0.82
K04200.01,FALSE POSITIVE,372.54353,74.14
K04267.01,CONFIRMED,2.20829637,1.36
K04268.01,CONFIRMED,0.849906734,0.59
K04269.01,CONFIRMED,26.6565737,4.15
K04269.02,CANDIDATE,4.4408541,1.74
K04270.01,FALSE POSITIVE,373.72257,67.13
K04337.01,CONFIRMED,8.18504859,0.93
K04338.01,FALSE POSITIVE,10.78438513,75.04
K02585.02,CONFIRMED,10.42317343,1.07
K04339.01,FALSE POSITIVE,0.566804221,0.85
K04340.01,FALSE POSITIVE,2.022658,1.15
K04404.01,FALSE POSITIVE,316.57747,1.47
K07679.01,CANDIDATE,1.8679943,0.7
K04405.01,CANDIDATE,8.9172863,1.39
K04406.01,FALSE POSITIVE,0.519437968,20.48
K04407.01,CANDIDATE,1.33807075,0.6
K04408.01,FALSE POSITIVE,1.105095798,0.89
K04201.01,FALSE POSITIVE,245.01902,1.98
K04202.01,CONFIRMED,153.979362,2.53
K07684.01,FALSE POSITIVE,10.2239787,24.43
K02433.03,CONFIRMED,56.4148314,2.9
K04203.01,FALSE POSITIVE,2.18079098,3.29
K04204.01,CONFIRMED,20.9254083,1.26
K02498.02,CONFIRMED,13.0600399,0.8
K04271.01,FALSE POSITIVE,0.641069613,0.86
K07690.01,FALSE POSITIVE,2.2430415,0.89
K04272.01,FALSE POSITIVE,1.21475168,5.5
K04273.01,CANDIDATE,17.3731821,1.31
K04274.01,CANDIDATE,1.97507424,1.08
K04617.01,CONFIRMED,27.4784659,1.52
K04618.01,FALSE POSITIVE,244.86662,1.46
K07697.01,FALSE POSITIVE,1.30627214,0.87
K04619.01,FALSE POSITIVE,62.366706,1.88
K04620.01,FALSE POSITIVE,0.933732791,0.9
K04621.01,FALSE POSITIVE,53.106597,2.2
K04690.01,FALSE POSITIVE,360.15417,2.99
K04691.01,CANDIDATE,3.3879165,1.09
K04692.01,FALSE POSITIVE,1.42856815,0.64
K00806.04,FALSE POSITIVE,381.850599,3.59
K03194.01,FALSE POSITIVE,10.81315417,1.46
K04479.01,FALSE POSITIVE,359.08368,29.15
K04480.01,CANDIDATE,58.7488629,1.75
K04481.01,FALSE POSITIVE,3.74784374,1.08
K07685.01,CANDIDATE,64.740274,1.35
K04482.01,CANDIDATE,5.38299284,0.78
K04483.01,FALSE POSITIVE,1.71028117,0.91
K04549.01,CANDIDATE,2.0481582,1.16
K04550.01,CONFIRMED,140.251943,1.84
K04551.01,CANDIDATE,14.7179342,1.25
K07691.01,FALSE POSITIVE,0.570828503,0.54
K04552.01,FALSE POSITIVE,134.4665,2.48
K04553.01,FALSE POSITIVE,0.909314811,0.99
K04622.01,CONFIRMED,207.24785,1.56
K04623.01,FALSE POSITIVE,186.55347,1.86
K03179.01,CONFIRMED,5.99078221,1.03
K04624.01,FALSE POSITIVE,14.0801852,1.04
K04625.01,CONFIRMED,2.440839436,21.29
K04693.01,CONFIRMED,23.6223571,1.07
K04694.01,CANDIDATE,19.2527652,1.24
K04695.01,FALSE POSITIVE,3.28931936,50.51
K04696.01,FALSE POSITIVE,1.08195208,0.47
K04697.01,FALSE POSITIVE,0.512583041,1.07
K07680.01,CANDIDATE,219.20579,2.66
K04484.01,CONFIRMED,2.29794819,0.98
K04485.01,FALSE POSITIVE,368.11581,2.11
K04486.01,FALSE POSITIVE,368.52466,3.05
K03158.02,CONFIRMED,4.54586982,0.65
K04487.01,CANDIDATE,3.48754109,0.72
K03164.01,FALSE POSITIVE,0.542498653,2.25
K04554.01,CANDIDATE,8.0772455,2.61
K04555.01,CANDIDATE,364.08733,1.39
K04556.01,FALSE POSITIVE,21.5819776,0.91
K04557.01,CANDIDATE,5.75651958,0.83
K04626.01,CANDIDATE,91.95723,2.66
K04627.01,CANDIDATE,7.51731745,1.19
K04628.01,FALSE POSITIVE,3.08723626,1.2
K04629.01,FALSE POSITIVE,0.592562969,25.97
K04630.01,CANDIDATE,44.6966177,2.46
K04698.01,CANDIDATE,8.5275894,1.28
K04699.01,CANDIDATE,3.07714195,1.08
K04700.01,CANDIDATE,3.83488354,1.2
K04701.01,FALSE POSITIVE,31.97181,0.95
K04702.01,FALSE POSITIVE,5.81289843,0.93
K04488.01,FALSE POSITIVE,6.44173995,1.41
K04489.01,FALSE POSITIVE,0.631106722,0.63
K04490.01,FALSE POSITIVE,176.17377,1.76
K04491.01,CONFIRMED,114.336052,2.09
K04492.01,FALSE POSITIVE,0.63938062,51.53
K04558.01,CANDIDATE,8.8233996,1.13
K04559.01,FALSE POSITIVE,0.566801045,1.42
K04560.01,FALSE POSITIVE,0.992799002,40.12
K04561.01,CONFIRMED,1.5184181,1.85
K04562.01,FALSE POSITIVE,0.96807117,0.72
K04631.01,FALSE POSITIVE,3.55661906,0.72
K04632.01,CANDIDATE,40.0691482,13.25
K04633.01,CANDIDATE,11.6933447,1.12
K07692.01,FALSE POSITIVE,0.56256804,0.63
K03182.01,FALSE POSITIVE,8.79991878,224.56
K04634.01,CANDIDATE,4.02745396,0.98
K03196.01,CANDIDATE,4.96061094,0.59
K04703.01,FALSE POSITIVE,349.03703,2.27
K04704.01,FALSE POSITIVE,177.8135,1.83
K04705.01,CANDIDATE,1.4733245,1.03
K04706.01,CONFIRMED,101.952048,1.31
K04493.01,FALSE POSITIVE,2.41795911,0.53
K04494.01,FALSE POSITIVE,183.854867,2.4
K04495.01,CANDIDATE,5.93218209,1.39
K04496.01,CANDIDATE,96.384483,2.41
K07681.01,CANDIDATE,6.05552018,0.92
K00701.05,CONFIRMED,12.4418003,0.57
K04563.01,CANDIDATE,54.333582,1.7
K03165.01,CANDIDATE,4.11754421,1.02
K04564.01,FALSE POSITIVE,293.60581,1.37
K04565.01,FALSE POSITIVE,2.78801663,0.91
K04566.01,CONFIRMED,3.94660745,1.4
K04635.01,FALSE POSITIVE,4.99473798,0.82
K04636.01,CANDIDATE,122.749053,6.13
K04637.01,CANDIDATE,4.37992345,0.81
K04638.01,FALSE POSITIVE,368.48518,1.98
K04639.01,FALSE POSITIVE,169.894419,2.66
K04707.01,FALSE POSITIVE,26.190289,1.05
K04708.01,FALSE POSITIVE,203.511886,2.07
K04709.01,CANDIDATE,3.70858595,1.33
K04710.01,CANDIDATE,9.4527721,1.3
K04711.01,CANDIDATE,4.3638313,1.08
K03158.03,CONFIRMED,6.18943952,0.65
K04497.01,CANDIDATE,6.83006228,1.09
K04498.01,CANDIDATE,17.1622587,22.42
K04499.01,CANDIDATE,5.19898615,1.04
K04500.01,CONFIRMED,8.70179611,1.37
K04567.01,CANDIDATE,14.74426,8.1
K04568.01,FALSE POSITIVE,0.933747395,1.24
K07682.01,FALSE POSITIVE,58.873429,76.18
K04569.01,FALSE POSITIVE,14.1166583,238.66
K04570.01,CANDIDATE,35.0175053,2.13
K04571.01,CONFIRMED,47.3128645,3.71
K04639.02,FALSE POSITIVE,29.6990126,1.93
K04640.01,CONFIRMED,6.1082945,1.06
K04641.01,FALSE POSITIVE,119.72007,1.26
K04642.01,FALSE POSITIVE,1.27839331,0.86
K03184.01,CONFIRMED,7.545922037,0.68
K04722.01,FALSE POSITIVE,0.58675746,19.91
K03197.01,CANDIDATE,22.599501,0.96
K04723.01,FALSE POSITIVE,373.74856,4.45
K04724.01,FALSE POSITIVE,20.8822079,3.63
K04725.01,CONFIRMED,7.28171395,2.59
K04726.01,FALSE POSITIVE,8.0386699,1.18
K04500.02,CONFIRMED,44.9851885,2.09
K04501.01,FALSE POSITIVE,6.67410577,1.62
K04502.01,FALSE POSITIVE,374.92478,1.67
K04503.01,CANDIDATE,5.89089509,1.54
K04504.01,CANDIDATE,4.13029832,1.44
K04572.01,FALSE POSITIVE,4.60690612,0.9
K04573.01,FALSE POSITIVE,1.50178705,0.93
K03167.01,FALSE POSITIVE,0.499664962,0.5
K04574.01,FALSE POSITIVE,17.4453935,32.01
K04575.01,CANDIDATE,201.325036,1.98
K04643.01,CANDIDATE,5.59346375,1.43
K04644.01,CANDIDATE,3.44928111,1.23
K04645.01,FALSE POSITIVE,1.4725859,0.93
K04646.01,FALSE POSITIVE,2.97607935,1.1
K04647.01,CANDIDATE,37.9043889,1.97
K04712.01,FALSE POSITIVE,1.44438449,1.08
K03196.02,CANDIDATE,6.88297756,0.77
K04713.01,CANDIDATE,8.7963166,1.36
K04714.01,CANDIDATE,2.049602348,1.08
K04715.01,CANDIDATE,53.285584,1.44
K04716.01,CANDIDATE,5.8943338,0.61
K04504.02,CANDIDATE,8.119343,1.5
K03158.04,CONFIRMED,7.74347801,0.62
K04505.01,CANDIDATE,18.0071438,1.05
K04506.01,CONFIRMED,5.60473115,1.11
K04507.01,FALSE POSITIVE,132.778041,10.38
K04508.01,CANDIDATE,2.49915311,1.02
K04576.01,FALSE POSITIVE,184.568,1.53
K04577.01,CANDIDATE,105.997107,1.83
K04578.01,FALSE POSITIVE,2.48882685,1.05
K04579.01,FALSE POSITIVE,367.19796,1.08
K04580.01,CANDIDATE,6.30432354,1.23
K04648.01,FALSE POSITIVE,17.6604653,1.76
K04649.01,CANDIDATE,3.38419892,1.2
K04650.01,FALSE POSITIVE,1.69999106,0.55
K04651.01,CANDIDATE,1.19260017,0.77
K04652.01,FALSE POSITIVE,4.2059745,0.75
K04717.01,CANDIDATE,216.456055,3.61
K04718.01,FALSE POSITIVE,0.566803216,0.54
K04719.01,FALSE POSITIVE,365.13981,1.86
K04720.01,FALSE POSITIVE,37.809539,1.79
K04721.01,FALSE POSITIVE,381.18654,2.29
K04509.01,CANDIDATE,12.003678,0.97
K04510.01,CONFIRMED,5.17624997,1.31
K04511.01,FALSE POSITIVE,370.62071,2.12
K04512.01,FALSE POSITIVE,0.589458602,0.98
K04513.01,CONFIRMED,3.91794676,0.94
K04581.01,CANDIDATE,6.0059966,0.73
K04582.01,CANDIDATE,4.22426989,0.35
K04583.01,CANDIDATE,330.906041,2.05
K03168.01,CANDIDATE,56.3479517,1.06
K04584.01,FALSE POSITIVE,0.614701901,0.82
K03185.01,FALSE POSITIVE,0.934181579,0.79
K04653.01,CANDIDATE,19.9778599,1.07
K04654.01,FALSE POSITIVE,379.65261,1.2
K04655.01,CANDIDATE,17.543847,1.15
K04656.01,CANDIDATE,3.8183717,1.39
K04727.01,FALSE POSITIVE,1.215181097,0.87
K04728.01,FALSE POSITIVE,21.5324915,1.47
K04729.01,FALSE POSITIVE,3.74779583,1.06
K04730.01,CANDIDATE,9.07829171,3.69
K04731.01,FALSE POSITIVE,0.91842238,16.07
K04514.01,FALSE POSITIVE,373.43233,1.48
K03158.05,CONFIRMED,9.74048508,0.95
K04515.01,FALSE POSITIVE,397.73781,2.2
K04516.01,FALSE POSITIVE,5.35745121,1.65
K04517.01,FALSE POSITIVE,2.16132662,0.5
K07693.01,CANDIDATE,6.41097179,1.4
K04585.01,CONFIRMED,6.76289308,1.21
K04586.01,CANDIDATE,75.2116373,2.83
K04587.01,CANDIDATE,6.36283414,1.12
K04588.01,CANDIDATE,7.53737498,0.93
K04589.01,FALSE POSITIVE,1.09844642,1.73
K07675.01,FALSE POSITIVE,25.94947,1.22
K04657.01,CANDIDATE,7.57600886,0.54
K04658.01,FALSE POSITIVE,1.8789138,1.9
K04659.01,CONFIRMED,41.8681996,1.25
K04660.01,FALSE POSITIVE,0.514771509,0.57
K04661.01,CONFIRMED,8.61742738,1.01
K04448.01,FALSE POSITIVE,35.945188,1.5
K04449.01,FALSE POSITIVE,5.00749378,1.68
K04450.01,CONFIRMED,196.436796,2.33
K04451.01,CANDIDATE,8.8303681,1.32
K04452.01,CANDIDATE,12.85755895,1.23
K04518.01,FALSE POSITIVE,0.566810643,0.52
K07685.02,CANDIDATE,33.502923,1.08
K04519.01,CANDIDATE,148.568877,5.97
K04520.01,CANDIDATE,9.3335486,1.69
K04521.01,FALSE POSITIVE,262.477098,1.92
K04522.01,FALSE POSITIVE,2.21030572,1.06
K04590.01,CANDIDATE,9.54060855,1.75
K07694.01,FALSE POSITIVE,5.99321872,1.23
K04591.01,CANDIDATE,1.80926734,0.89
K04592.01,FALSE POSITIVE,0.70544189,1.04
K04593.01,FALSE POSITIVE,0.981399749,1.21
K00750.02,CANDIDATE,5.04413987,1.18
K04662.01,FALSE POSITIVE,0.933728755,0.72
K03188.01,FALSE POSITIVE,12.607591424,1.61
K07676.01,CANDIDATE,5.3694084,0.62
K04663.01,CANDIDATE,5.65690281,0.74
K04664.01,FALSE POSITIVE,0.734573766,0.86
K04665.01,FALSE POSITIVE,289.86046,1.5
K04453.01,FALSE POSITIVE,357.13089,1.62
K04454.01,FALSE POSITIVE,370.50684,2.06
K04455.01,FALSE POSITIVE,1.332580225,2.18
K04456.01,CANDIDATE,7.4299322,1.81
K04457.01,CANDIDATE,79.334347,1.56
K04523.01,CANDIDATE,5.68251605,1.03
K04524.01,CONFIRMED,7.99144696,1.53
K03159.01,FALSE POSITIVE,2.9039446,1.17
K07686.01,FALSE POSITIVE,68.538296,25.77
K04524.02,CANDIDATE,4.52628739,1.02
K04525.01,FALSE POSITIVE,369.7985,2.53
K03172.02,FALSE POSITIVE,6.5588346,0.7
K04594.01,FALSE POSITIVE,0.643007769,0.35
K04595.01,CANDIDATE,0.597018404,1.09
K04596.01,FALSE POSITIVE,1.061937837,0.68
K04597.01,CANDIDATE,4.82025124,0.78
K04666.01,CANDIDATE,12.4019263,1.49
K04667.01,CANDIDATE,152.823896,2.45
K04668.01,FALSE POSITIVE,15.07277287,1.73
K04669.01,FALSE POSITIVE,1.71659304,1.17
K04670.01,CANDIDATE,6.80899076,89.29
K03061.02,CANDIDATE,77.915425,1.17
K04458.01,FALSE POSITIVE,358.818895,2.66
K04459.01,FALSE POSITIVE,181.3537,2.11
K04460.01,CANDIDATE,284.727213,2.02
K04461.01,FALSE POSITIVE,3.74786694,0.89
K04526.01,CANDIDATE,30.5392931,2.72
K07683.01,FALSE POSITIVE,0.913244995,0.77
K04527.01,FALSE POSITIVE,2.97599368,0.79
K04528.01,CANDIDATE,8.31224474,10.63
K04529.01,FALSE POSITIVE,0.584148495,0.87
K04530.01,CANDIDATE,12.6362048,1.1
K04598.01,FALSE POSITIVE,0.824180121,17.8
K04599.01,FALSE POSITIVE,0.579770948,2.4
K07687.01,CANDIDATE,23.266633,2.66
K04600.01,FALSE POSITIVE,0.92225589,1.29
K04601.01,CANDIDATE,7.94004281,0.98
K04602.01,CANDIDATE,2.85855049,1.23
K04671.01,FALSE POSITIVE,0.75499096,1.39
K04672.01,FALSE POSITIVE,353.40191,2.35
K03190.01,CANDIDATE,8.95294046,0.86
K04673.01,FALSE POSITIVE,1.428596987,1.62
K04674.01,CANDIDATE,4.84350003,0.9
K04462.01,CANDIDATE,45.163025,2.35
K04463.01,CANDIDATE,36.7614011,1.52
K04464.01,CANDIDATE,4.373570433,1.23
K04465.01,FALSE POSITIVE,2.21701025,1.16
K07677.01,FALSE POSITIVE,43.0759115,213.46
K04466.01,CANDIDATE,154.674369,2.29
K04531.01,FALSE POSITIVE,372.62637,2.38
K04532.01,FALSE POSITIVE,1.02087831,0.64
K04533.01,FALSE POSITIVE,1.26132769,0.14
K03161.01,FALSE POSITIVE,6.09406648,54.54
K04534.01,FALSE POSITIVE,1.1578141,1.24
K04603.01,CANDIDATE,15.9513866,1.17
K03174.01,FALSE POSITIVE,0.566800926,2.19
K04604.01,FALSE POSITIVE,24.1876477,118.8
K04605.01,CANDIDATE,7.7859111,0.68
K04606.01,FALSE POSITIVE,2.44926655,0.76
K04675.01,FALSE POSITIVE,2.17812826,0.81
K04676.01,CANDIDATE,31.183688,3.21
K04677.01,FALSE POSITIVE,1.33259494,0.89
K04678.01,FALSE POSITIVE,2.05048377,0.66
K04679.01,FALSE POSITIVE,1.19550618,0.78
K04467.01,CANDIDATE,2.94242323,1.42
K03157.01,FALSE POSITIVE,0.683082998,9.92
K04468.01,FALSE POSITIVE,0.791771167,82.71
K04469.01,FALSE POSITIVE,0.894172544,0.68
K04470.01,FALSE POSITIVE,1.68207624,1.01
K04535.01,FALSE POSITIVE,9.8480917,0.88
K04536.01,FALSE POSITIVE,0.566800593,0.48
K04537.01,FALSE POSITIVE,0.969602551,0.69
K07678.01,CANDIDATE,13.0914878,0.79
K04538.01,FALSE POSITIVE,9.25801294,1.73
K04539.01,FALSE POSITIVE,25.9554044,1.46
K04607.01,FALSE POSITIVE,3.74788208,0.94
K04608.01,FALSE POSITIVE,0.93479255,24.75
K04609.01,FALSE POSITIVE,361.43653,1.56
K04610.01,FALSE POSITIVE,0.89628253,0.76
K04611.01,FALSE POSITIVE,1.67495622,0.77
K04680.01,CANDIDATE,54.0812235,1.54
K04681.01,FALSE POSITIVE,8.2344072,1.49
K04682.01,FALSE POSITIVE,2.15052332,1.17
K03193.01,FALSE POSITIVE,32.6122381,31.96
K04683.01,FALSE POSITIVE,0.967073359,28.15
K04684.01,FALSE POSITIVE,3.5564279,0.8
K04471.01,FALSE POSITIVE,0.942997994,1.56
K04472.01,FALSE POSITIVE,0.566796775,0.61
K04473.01,CONFIRMED,13.6471211,1.25
K04474.01,CONFIRMED,16.473474,1.63
K04475.01,FALSE POSITIVE,3.74788322,1.32
K04540.01,FALSE POSITIVE,0.705455349,0.64
K07724.01,FALSE POSITIVE,488.67353,2.03
K04541.01,CANDIDATE,8.5291223,2.08
K04542.01,FALSE POSITIVE,1.08906057,0.75
K04543.01,FALSE POSITIVE,1.48922187,2.5
K03162.01,FALSE POSITIVE,0.716709761,1.42
K04612.01,FALSE POSITIVE,4.1083812,1.62
K04613.01,CONFIRMED,1.962282625,0.81
K03178.01,FALSE POSITIVE,0.523629052,46.33
K04614.01,CANDIDATE,6.4546845,1.38
K04615.01,FALSE POSITIVE,1.04588635,1.1
K04616.01,FALSE POSITIVE,51.31346091,
K04685.01,CANDIDATE,0.494247662,1.51
K04686.01,CANDIDATE,11.8299383,1.6
K04687.01,FALSE POSITIVE,419.92898,1.51
K04688.01,FALSE POSITIVE,1.23521458,0.93
K04689.01,FALSE POSITIVE,1.085229874,1.37
K04476.01,FALSE POSITIVE,1.540379557,0.81
K04477.01,CANDIDATE,5.30179786,1.22
K03158.01,CONFIRMED,3.60011712,0.5
K04477.02,CONFIRMED,9.32867952,1.62
K04478.01,CONFIRMED,6.38671206,1.19
K04544.01,FALSE POSITIVE,158.348345,372.86
K04545.01,CANDIDATE,0.849362238,0.85
K04546.01,CANDIDATE,0.741768294,72.36
K04547.01,FALSE POSITIVE,0.93376962,16.3
K07725.01,FALSE POSITIVE,322.48381,3.5
K04548.01,CANDIDATE,61.083322,1.61
K04904.01,CANDIDATE,3.5944891,0.98
K04905.01,FALSE POSITIVE,0.739404894,0.94
K04906.01,CANDIDATE,4.8608059,1.21
K04907.01,CANDIDATE,4.04481159,0.67
K04908.01,FALSE POSITIVE,25.949641315,2.06
K07702.01,FALSE POSITIVE,1.71051215,1.04
K03296.01,CONFIRMED,62.869463,1.96
K03297.01,FALSE POSITIVE,84.8062818,36.51
K03298.01,CONFIRMED,29.9632816,2.24
K03299.01,FALSE POSITIVE,17.99643716,30.08
K01196.02,CONFIRMED,11.63486009,2.61
K07712.01,CANDIDATE,4.8302364,1.06
K04763.01,CANDIDATE,56.446465,1.57
K04764.01,CANDIDATE,31.4202111,1.45
K04765.01,CONFIRMED,10.8118317,1.24
K04766.01,CANDIDATE,5.56676609,1.12
K04767.01,FALSE POSITIVE,1.208528832,1.25
K07718.01,FALSE POSITIVE,208.18711785,1.99
K04835.01,FALSE POSITIVE,0.93198504,17.72
K04836.01,FALSE POSITIVE,0.60818508,96.03
K04837.01,CANDIDATE,5.38613715,0.86
K04838.01,CANDIDATE,13.2965044,0.88
K04839.01,CANDIDATE,21.8420304,2.01
K04909.01,FALSE POSITIVE,1.65320144,0.74
K04910.01,FALSE POSITIVE,3.37487541,0.75
K03223.01,FALSE POSITIVE,0.962825082,5.18
K04911.01,FALSE POSITIVE,309.494217,2.79
K04912.01,CANDIDATE,0.876850385,1.35
K03300.01,FALSE POSITIVE,24.2382519,2.19
K03300.02,FALSE POSITIVE,24.2416103,1.61
K07703.01,CANDIDATE,413.51856,1.96
K03301.01,CANDIDATE,20.7106368,1.12
K03302.01,FALSE POSITIVE,69.3788597,2.07
K03303.01,CONFIRMED,29.3493852,2.02
K04768.01,CANDIDATE,3.43633133,1.44
K04769.01,FALSE POSITIVE,449.57274,3.08
K04770.01,FALSE POSITIVE,245.059374,1.63
K04771.01,CANDIDATE,142.703888,1.95
K04772.01,CANDIDATE,3.38080537,1.69
K04840.01,CANDIDATE,10.4716194,1.74
K03214.01,CONFIRMED,11.49500229,1.53
K04841.01,FALSE POSITIVE,0.708726708,0.92
K04842.01,FALSE POSITIVE,283.72675,1.18
K04843.01,FALSE POSITIVE,373.60683,2.5
K04913.01,CANDIDATE,6.78788113,2.44
K04914.01,CANDIDATE,5.47455167,1.4
K03224.01,CANDIDATE,3.43861067,1.01
K03225.01,CANDIDATE,4.8754765,0.8
K03226.01,FALSE POSITIVE,4.29388808,1.68
K03304.01,FALSE POSITIVE,13.5437884,32.21
K03305.01,CONFIRMED,65.6491001,2.52
K03306.01,CONFIRMED,25.1593389,1.76
K03307.01,CANDIDATE,10.5071781,1.41
K03308.01,CONFIRMED,31.7787564,1.5
K07704.01,CANDIDATE,5.4398033,1.0
K03205.01,FALSE POSITIVE,1.332568744,0.58
K04772.02,CONFIRMED,9.0194714,1.07
K04773.01,CANDIDATE,8.8493948,0.82
K04774.01,CANDIDATE,51.567801,1.3
K04775.01,CANDIDATE,16.4491515,2.75
K04844.01,CANDIDATE,0.428046051,0.87
K04845.01,FALSE POSITIVE,0.814278961,0.76
K04846.01,CANDIDATE,19.254536,1.32
K04847.01,FALSE POSITIVE,2.1890751,0.87
K04848.01,CANDIDATE,384.6961,1.78
K03227.01,FALSE POSITIVE,2.42649862,0.75
K03230.01,FALSE POSITIVE,8.80854183,2.69
K07719.01,FALSE POSITIVE,219.74735,3.24
K03231.01,FALSE POSITIVE,19.7639874,1.19
K03232.01,CONFIRMED,6.05919881,1.21
K00279.03,CONFIRMED,7.5143967,0.96
K01196.03,CONFIRMED,33.1981761,3.21
K03308.02,CONFIRMED,5.32784157,0.86
K03309.01,CANDIDATE,71.05457555,5.91
K03310.01,CANDIDATE,20.5512722,1.64
K03311.01,CONFIRMED,31.827649,4.98
K04776.01,CANDIDATE,7.5861587,1.07
K04777.01,CONFIRMED,0.824000125,0.42
K04778.01,FALSE POSITIVE,0.772152075,4.44
K07706.01,CANDIDATE,42.049523793,1.19
K04779.01,FALSE POSITIVE,1.08469871,1.11
K04780.01,CANDIDATE,6.60180003,1.25
K04849.01,CANDIDATE,3.19938075,0.62
K04850.01,CANDIDATE,3.04185157,0.71
K03216.01,FALSE POSITIVE,5.660274452,11.02
K04851.01,FALSE POSITIVE,1.23512429,0.38
K07713.01,FALSE POSITIVE,1.381257093,1.1
K04852.01,CANDIDATE,1.89873195,0.93
K01101.02,CANDIDATE,11.39110963,1.9
K03234.01,CONFIRMED,2.41810158,0.85
K03236.01,CANDIDATE,7.13044117,1.18
K03237.01,CONFIRMED,33.4203001,2.46
K03238.01,FALSE POSITIVE,58.3437362,93.55
K03239.01,FALSE POSITIVE,1.070982122,0.98
K03312.01,CANDIDATE,18.0939004,1.91
K03313.01,CANDIDATE,34.9524256,21.74
K03314.01,FALSE POSITIVE,23.81578356,8.4
K03315.01,CONFIRMED,31.1748311,1.31
K07726.01,FALSE POSITIVE,0.474811162,1.28
K03316.01,CONFIRMED,47.0568476,2.84
K04781.01,FALSE POSITIVE,367.73299,2.1
K03206.01,CANDIDATE,15.1516409,1.38
K04782.01,CANDIDATE,7.4213444,1.73
K04783.01,FALSE POSITIVE,0.743495989,11.82
K04784.01,FALSE POSITIVE,1.405887031,0.95
K04853.01,CANDIDATE,17.7412303,1.14
K04854.01,CANDIDATE,2.63527677,0.76
K04855.01,FALSE POSITIVE,1.45728997,0.93
K04856.01,CANDIDATE,147.388124,3.03
K04857.01,CANDIDATE,4.11497357,1.17
K03240.01,FALSE POSITIVE,1.245331397,1.61
K07714.01,FALSE POSITIVE,1.52593737,1.39
K03241.01,FALSE POSITIVE,8.21429932,1.66
K03242.01,FALSE POSITIVE,1.54945486,1.34
K03243.01,FALSE POSITIVE,8.42943991,1.19
K03245.01,CONFIRMED,10.60052083,1.09
K01132.02,FALSE POSITIVE,0.9570701,
K03324.01,CONFIRMED,21.8634638,2.37
K03325.01,FALSE POSITIVE,86.4392931,35.31
K01422.04,CONFIRMED,63.3354719,1.18
K03326.01,FALSE POSITIVE,14.77820911,44.48
K03327.01,FALSE POSITIVE,15.60862948,39.42
K04785.01,FALSE POSITIVE,389.14115,1.67
K04786.01,FALSE POSITIVE,365.78863,2.21
K04787.01,FALSE POSITIVE,2.4826619,0.8
K04788.01,FALSE POSITIVE,2.17811908,0.8
K04789.01,FALSE POSITIVE,1.11205787,1.02
K04858.01,FALSE POSITIVE,224.447413,2.05
K04859.01,CANDIDATE,7.5019743,1.19
K04860.01,FALSE POSITIVE,21.8660922,1.88
K03217.01,FALSE POSITIVE,5.09506,2.14
K04861.01,CANDIDATE,29.1206519,1.6
K03246.01,CONFIRMED,0.689967868,0.78
K03247.01,FALSE POSITIVE,1.89132292,0.9
K03248.01,CANDIDATE,6.91261536,0.64
K07715.01,CANDIDATE,25.8616058,1.12
K03249.01,FALSE POSITIVE,0.918420801,1.14
K03250.01,FALSE POSITIVE,0.573709256,7.05
K03318.01,CONFIRMED,13.8353959,3.78
K01404.02,CANDIDATE,18.9060921,0.87
K03318.02,CANDIDATE,25.6970688,3.83
K07720.01,FALSE POSITIVE,46.9434911,1.57
K03319.01,CONFIRMED,19.5906103,2.64
K03319.02,CONFIRMED,8.23983041,2.35
K04790.01,CANDIDATE,6.07855,1.14
K04791.01,FALSE POSITIVE,427.65334,1.97
K00806.05,FALSE POSITIVE,412.041857,3.77
K03208.01,CANDIDATE,2.131660527,0.56
K04792.01,CANDIDATE,5.75902182,0.91
K04862.01,CANDIDATE,0.903763067,1.08
K04863.01,FALSE POSITIVE,0.9628348,0.81
K04864.01,CANDIDATE,5.66494448,0.78
K04865.01,FALSE POSITIVE,1.57017249,0.82
K04866.01,FALSE POSITIVE,0.566798364,0.66
K03252.01,FALSE POSITIVE,3.22452656,24.48
K03253.01,FALSE POSITIVE,1.89127438,2.03
K03254.01,FALSE POSITIVE,1.33256944,0.46
K03255.01,CONFIRMED,66.6504521,1.56
K03256.01,FALSE POSITIVE,55.7002642,1.18
K03319.03,CONFIRMED,3.54553077,1.62
K03320.01,CANDIDATE,85.0624157,21.26
K03321.01,FALSE POSITIVE,10.882416555,29.69
K03322.01,FALSE POSITIVE,25.19830439,46.14
K03323.01,CANDIDATE,14.3196417,2.06
K07721.01,FALSE POSITIVE,0.50727675,1.7
K04793.01,CANDIDATE,5.2736268,0.89
K04794.01,CANDIDATE,24.5041103,1.03
K04795.01,FALSE POSITIVE,1.316398648,1.09
K04796.01,FALSE POSITIVE,419.4596,2.1
K04797.01,CANDIDATE,9.97202023,1.26
K04867.01,FALSE POSITIVE,14.2005007,13.28
K04868.01,FALSE POSITIVE,1.318347743,1.23
K04869.01,FALSE POSITIVE,5.5834987,1.41
K04870.01,FALSE POSITIVE,1.12401084,0.61
K03218.01,FALSE POSITIVE,1.21374652,0.59
K01151.03,CONFIRMED,5.24970432,0.67
K03257.01,FALSE POSITIVE,45.4333769,2.23
K03258.01,CANDIDATE,40.3511707,1.88
K03259.01,CANDIDATE,72.9332762,2.45
K03260.01,CONFIRMED,56.6746666,4.01
K03328.01,FALSE POSITIVE,63.9005941,25.91
K03329.01,CANDIDATE,12.6878176,2.16
K07716.01,CANDIDATE,483.36405,1.27
K03330.01,CONFIRMED,16.2951259,1.15
K03331.01,FALSE POSITIVE,18.173045009,24.39
K03332.01,FALSE POSITIVE,14.12678065,31.13
K04798.01,FALSE POSITIVE,358.56462,0.99
K04799.01,CANDIDATE,12.0729757,1.69
K07722.01,FALSE POSITIVE,1.337561836,1.11
K04800.01,FALSE POSITIVE,2.23755641,0.93
K04801.01,CANDIDATE,82.401274,2.21
K03209.01,CANDIDATE,11.91256675,2.61
K04871.01,CANDIDATE,4.08197713,0.6
K04872.01,FALSE POSITIVE,1.035268597,1.34
K04873.01,FALSE POSITIVE,359.3259,3.6
K04874.01,FALSE POSITIVE,0.566805268,0.65
K04875.01,CANDIDATE,0.912179022,0.65
K03261.01,CONFIRMED,12.27057043,1.67
K03262.01,CONFIRMED,13.2274753,1.94
K03263.01,CANDIDATE,76.87935893,7.71
K07707.01,FALSE POSITIVE,0.559517155,1.04
K03264.01,CANDIDATE,13.0151826,1.36
K03265.01,FALSE POSITIVE,29.47316279,48.98
K04732.01,FALSE POSITIVE,0.580725004,0.85
K03200.01,FALSE POSITIVE,1.94468659,69.59
K04733.01,CONFIRMED,7.28116667,1.4
K04734.01,FALSE POSITIVE,383.10017,2.18
K04735.01,CANDIDATE,2.87998334,0.85
K04802.01,FALSE POSITIVE,0.605556082,0.86
K04803.01,CONFIRMED,4.36125889,1.2
K04804.01,CANDIDATE,21.08678557,2.08
K04805.01,FALSE POSITIVE,1.19087362,0.73
K04806.01,FALSE POSITIVE,1.06484622,0.72
K04807.01,FALSE POSITIVE,0.969824139,0.49
K04876.01,FALSE POSITIVE,190.60563,1.6
K04877.01,CANDIDATE,5.19206571,0.99
K04878.01,CANDIDATE,449.01499,1.04
K04879.01,FALSE POSITIVE,8.480305,1.33
K04880.01,FALSE POSITIVE,410.11676,1.41
K03266.01,CONFIRMED,54.5091549,1.94
K01151.04,CANDIDATE,17.4532945,0.76
K03267.01,CONFIRMED,14.1959621,1.66
K03268.01,FALSE POSITIVE,11.52482874,22.56
K03269.01,FALSE POSITIVE,46.84008579,428.62
K07708.01,CANDIDATE,6.70242786,1.82
K04736.01,FALSE POSITIVE,0.992798625,29.26
K04737.01,CANDIDATE,7.79534033,1.07
K04738.01,FALSE POSITIVE,186.72243,1.84
K04739.01,FALSE POSITIVE,118.4039,3.46
K04740.01,FALSE POSITIVE,182.281992,1.67
K04808.01,CANDIDATE,2.40174996,0.65
K04809.01,FALSE POSITIVE,10.0102876,0.69
K04810.01,CANDIDATE,115.238544,3.17
K04811.01,CANDIDATE,21.7434141,2.23
K03211.01,FALSE POSITIVE,1.366964704,0.79
K04812.01,FALSE POSITIVE,0.77957913,0.71
K03219.01,FALSE POSITIVE,0.544561598,44.9
K04881.01,CANDIDATE,5.6795377,1.16
K04882.01,FALSE POSITIVE,17.4453133,5.38
K04883.01,FALSE POSITIVE,2.9788702,
K04884.01,FALSE POSITIVE,1.97515457,0.92
K04885.01,CANDIDATE,9.33955596,2.67
K03270.01,FALSE POSITIVE,21.993112,23.21
K03271.01,CONFIRMED,19.5489666,1.89
K03271.02,CANDIDATE,7.41834569,1.12
K03273.01,FALSE POSITIVE,27.6853358,3.11
K03274.01,CONFIRMED,35.6225528,2.24
K04741.01,FALSE POSITIVE,7.1403113,1.18
K07709.01,FALSE POSITIVE,2.69487041,0.97
K04742.01,CONFIRMED,112.303136,1.3
K03202.01,CANDIDATE,92.461135,2.86
K04743.01,FALSE POSITIVE,49.5387264,20.52
K04744.01,FALSE POSITIVE,3.39155966,0.49
K04813.01,CANDIDATE,9.2294726,0.82
K04814.01,FALSE POSITIVE,1.33254897,32.84
K04815.01,CANDIDATE,18.3721835,1.12
K04816.01,FALSE POSITIVE,18.2260472,1.85
K04817.01,FALSE POSITIVE,0.630539713,21.07
K04886.01,CANDIDATE,17.99562529,28.98
K04887.01,FALSE POSITIVE,1.018347376,1.92
K04888.01,FALSE POSITIVE,0.659299289,30.54
K04889.01,FALSE POSITIVE,101.97435125,
K04890.01,CANDIDATE,63.095068,11.67
K01042.02,FALSE POSITIVE,4.45540935,
K03275.01,FALSE POSITIVE,37.32483952,30.32
K03276.01,FALSE POSITIVE,25.951984,36.8
K01151.05,CANDIDATE,21.7203362,0.8
K03277.01,CONFIRMED,42.9136635,3.19
K03278.01,FALSE POSITIVE,88.1804682,2.78
K04745.01,CONFIRMED,177.668663,2.32
K04746.01,FALSE POSITIVE,0.98041685,0.75
K04747.01,CONFIRMED,92.263742,2.22
K04748.01,CONFIRMED,6.64754478,1.72
K07710.01,FALSE POSITIVE,1.23517588,1.59
K04749.01,CANDIDATE,1.97650073,0.97
K04818.01,CANDIDATE,3.79892774,1.46
K04819.01,FALSE POSITIVE,0.416995408,0.84
K04820.01,CANDIDATE,14.7401061,1.48
K04821.01,FALSE POSITIVE,256.52387,1.33
K03212.01,FALSE POSITIVE,3.0001191,0.73
K03220.01,CONFIRMED,81.4160138,4.63
K04891.01,CANDIDATE,4.7309013,1.39
K04892.01,CANDIDATE,21.3761817,1.08
K04893.01,CANDIDATE,6.58753699,1.51
K04894.01,FALSE POSITIVE,8.5900471,0.8
K07723.01,FALSE POSITIVE,357.82544,1.7
K03279.01,CONFIRMED,30.8278245,2.42
K03280.01,CONFIRMED,47.1607932,2.58
K03282.01,CONFIRMED,49.2768448,1.75
K03284.01,CONFIRMED,35.2330694,0.97
K03285.01,FALSE POSITIVE,45.3965379,1.97
K07698.01,FALSE POSITIVE,508.807642,39.59
K04750.01,CANDIDATE,36.721576,1.93
K04751.01,FALSE POSITIVE,362.69427,3.54
K04752.01,FALSE POSITIVE,370.35639,2.82
K03203.01,CANDIDATE,96.81647,3.19
K04753.01,FALSE POSITIVE,0.729724346,0.51
K04822.01,CANDIDATE,3.51413723,0.69
K04823.01,CANDIDATE,4.96504981,1.51
K04824.01,FALSE POSITIVE,0.821472455,0.92
K04825.01,FALSE POSITIVE,1.29019586,0.78
K04826.01,CANDIDATE,1.141148847,1.67
K04895.01,CANDIDATE,12.460565,1.1
K04896.01,CANDIDATE,19.5945772,1.18
K04897.01,FALSE POSITIVE,8.48032079,0.95
K04898.01,CANDIDATE,409.87844,2.72
K04899.01,FALSE POSITIVE,227.6258,1.79
K03286.01,CONFIRMED,18.1373788,1.41
K03287.01,CONFIRMED,51.1104797,1.6
K03288.01,CONFIRMED,47.9869119,3.35
K01192.02,FALSE POSITIVE,359.047933,7.76
K03289.01,FALSE POSITIVE,29.8042694,24.73
K04754.01,CANDIDATE,7.08757462,1.28
K04755.01,CANDIDATE,3.74318005,1.75
K04756.01,CANDIDATE,5.4169303,8.17
K07699.01,FALSE POSITIVE,1.003049079,42.5
K04757.01,FALSE POSITIVE,0.933157032,7.29
K04758.01,FALSE POSITIVE,37.1083458,1.71
K04827.01,CANDIDATE,31.1920226,1.65
K04828.01,FALSE POSITIVE,1.02104719,13.68
K04829.01,CANDIDATE,7.630545,2.26
K04829.02,FALSE POSITIVE,12.083457,2.09
K04830.01,FALSE POSITIVE,401.5907,1.01
K04900.01,CANDIDATE,6.6716723,1.27
K03221.01,FALSE POSITIVE,53.912783631,4.25
K04901.01,FALSE POSITIVE,1.23142395,0.77
K04902.01,CANDIDATE,409.38645,1.78
K04903.01,FALSE POSITIVE,386.828262,6.54
K03291.01,FALSE POSITIVE,15.8733803,8.15
K03292.01,FALSE POSITIVE,42.3991752,3.23
K03293.01,FALSE POSITIVE,25.95198823,39.94
K03294.01,FALSE POSITIVE,25.9522401,42.91
K03295.01,FALSE POSITIVE,14.12809896,1.6
K04759.01,CANDIDATE,17.7662938,1.54
K04760.01,FALSE POSITIVE,13.6917833,1.12
K04761.01,FALSE POSITIVE,25.95633,9.75
K04762.01,CANDIDATE,11.56722589,1.29
K03204.01,FALSE POSITIVE,0.572937573,1.57
K07700.01,CANDIDATE,631.56889,3.13
K03213.01,FALSE POSITIVE,14.15849823,90.09
K04831.01,FALSE POSITIVE,207.471349,1.57
K04832.01,FALSE POSITIVE,12.3748247,81.01
K04833.01,CANDIDATE,4.31724247,1.01
K04834.01,CANDIDATE,3.74099144,1.85
K07711.01,CANDIDATE,302.779824,1.31
K03501.01,FALSE POSITIVE,14.541781166,2722.92
K03502.01,FALSE POSITIVE,12.4261177,3.8
K03503.01,CONFIRMED,21.1876185,0.79
K03504.01,FALSE POSITIVE,12.42560404,2.52
K03505.01,FALSE POSITIVE,30.9604688,89.18
K07717.01,FALSE POSITIVE,1.041619932,30.94
K03588.01,FALSE POSITIVE,2.544594443,109.72
K03589.01,FALSE POSITIVE,56.40651043,21.93
K03590.01,FALSE POSITIVE,7.964400574,61.54
K03591.01,FALSE POSITIVE,6.399101307,51.77
K01873.02,CONFIRMED,34.9168399,2.39
K07778.01,FALSE POSITIVE,0.56678228,0.88
K03592.01,FALSE POSITIVE,8.480303653,22.25
K01613.02,CANDIDATE,94.094392,0.9
K03365.01,CONFIRMED,22.1270885,3.94
K03366.01,FALSE POSITIVE,10.6784787,1.12
K03367.01,CANDIDATE,25.3736543,1.88
K03368.01,CANDIDATE,10.08535311,1.45
K03369.01,FALSE POSITIVE,42.559265547,51.86
K03434.01,CANDIDATE,10.2856373,1.24
K03435.01,FALSE POSITIVE,24.2157996,1.58
K03436.01,CONFIRMED,44.2018402,1.14
K07746.01,CANDIDATE,393.95608,2.27
K03437.01,CONFIRMED,15.0330623,2.18
K03437.02,CANDIDATE,34.7496038,3.51
K03506.01,FALSE POSITIVE,12.62530918,87.2
K03510.01,FALSE POSITIVE,124.93576738,49.34
K01803.02,FALSE POSITIVE,12.720298433,1.37
K07764.01,CANDIDATE,227.83457,2.83
K03511.01,FALSE POSITIVE,119.67980316,193.91
K03512.01,FALSE POSITIVE,6.399107136,59.15
K03513.01,FALSE POSITIVE,8.480304281,65.0
K03593.01,FALSE POSITIVE,117.6813778,45.43
K03594.01,FALSE POSITIVE,17.72722648,35.18
K07779.01,FALSE POSITIVE,1.71024931,1.2
K03595.01,FALSE POSITIVE,100.40132734,26.0
K03596.01,FALSE POSITIVE,11.320287875,59.23
K03597.01,FALSE POSITIVE,1.219034103,40.46
K03370.01,CANDIDATE,24.352541,1.52
K03370.02,CONFIRMED,5.94228603,1.23
K07735.01,CANDIDATE,382.30306,4.05
K03371.01,CANDIDATE,58.1263775,1.32
K03372.01,CONFIRMED,26.7575866,2.28
K03373.01,FALSE POSITIVE,57.0599992,22.31
K03438.01,CONFIRMED,14.5565618,1.08
K01731.02,FALSE POSITIVE,0.837898153,1.26
K07747.01,FALSE POSITIVE,0.603086711,36.0
K03439.01,CONFIRMED,41.7084063,2.19
K03440.01,CONFIRMED,33.0257179,2.21
K03441.01,FALSE POSITIVE,25.366990665,56.02
K03514.01,FALSE POSITIVE,428.32173928,49.76
K03515.01,FALSE POSITIVE,82.137609997,197.85
K07766.01,FALSE POSITIVE,3.06026014,0.83
K03516.01,FALSE POSITIVE,24.0612744,83.77
K03517.01,FALSE POSITIVE,66.36099916,61.42
K03518.01,FALSE POSITIVE,8.939461148,153.32
K03520.01,FALSE POSITIVE,135.58607679,89.83
K03598.01,FALSE POSITIVE,18.79862195,55.07
K03599.01,FALSE POSITIVE,6.30828538,29.34
K03600.01,FALSE POSITIVE,4.80912667,44.3
K03601.01,FALSE POSITIVE,2.33211505,140.22
K01875.02,CONFIRMED,0.53835407,1.67
K03602.01,FALSE POSITIVE,249.36211832,48.69
K01627.03,CANDIDATE,3.80675878,2.75
K07736.01,FALSE POSITIVE,0.664727127,0.46
K03374.01,CONFIRMED,9.5084871,1.65
K03374.02,CANDIDATE,34.1086562,1.95
K03375.01,CONFIRMED,47.0563327,2.57
K03376.02,FALSE POSITIVE,179.85022331,
K03377.01,CANDIDATE,10.0100312,0.99
K03443.01,CONFIRMED,96.169569,2.07
K07748.01,FALSE POSITIVE,1.55090374,1.11
K03444.01,CANDIDATE,12.67143692,0.76
K03444.02,CANDIDATE,60.32668824,4.98
K03444.03,CANDIDATE,2.63595435,0.5
K03445.01,CONFIRMED,82.303914,4.47
K03521.01,FALSE POSITIVE,131.97827736,147.83
K07768.01,FALSE POSITIVE,0.789171236,0.69
K01806.02,CONFIRMED,17.9346606,2.8
K03522.01,FALSE POSITIVE,241.07074582,76.53
K03523.01,FALSE POSITIVE,106.17593813,54.91
K03524.01,FALSE POSITIVE,184.6467208,72.8
K03525.01,FALSE POSITIVE,6.282033445,144.85
K03603.01,FALSE POSITIVE,5.519188936,43.06
K07780.01,CANDIDATE,5.3360574,1.52
K03604.01,FALSE POSITIVE,4.818863794,51.32
K03605.01,FALSE POSITIVE,178.26802035,34.07
K03606.01,FALSE POSITIVE,2.181555909,91.3
K03607.01,FALSE POSITIVE,0.895276162,172.25
K03608.01,FALSE POSITIVE,244.83274973,38.3
K03379.01,CONFIRMED,30.4544418,2.6
K03380.01,FALSE POSITIVE,10.26558924,1.65
K03382.01,FALSE POSITIVE,18.9257333,16.74
K03383.01,CONFIRMED,37.8862977,2.09
K03384.01,CANDIDATE,10.54841329,3.89
K07749.01,CANDIDATE,133.6348207,1.89
K03446.01,FALSE POSITIVE,11.9615433,2.24
K03448.01,CANDIDATE,32.510844,2.62
K01747.02,FALSE POSITIVE,0.56683399,
K03449.01,FALSE POSITIVE,62.127677128,38.61
K03450.01,FALSE POSITIVE,31.9730649,1.09
K03451.01,CANDIDATE,10.90752977,1.58
K03526.01,FALSE POSITIVE,143.1188694,53.3
K03527.01,FALSE POSITIVE,76.81985465,46.61
K03528.01,FALSE POSITIVE,165.40574995,112.86
K03529.01,FALSE POSITIVE,71.661915163,55.04
K03530.01,FALSE POSITIVE,9.44942685,68.38
K07781.01,FALSE POSITIVE,0.715802309,25.52
K03531.01,FALSE POSITIVE,70.58284717,50.88
K03609.01,FALSE POSITIVE,2.995357359,112.12
K03610.01,FALSE POSITIVE,3.840485025,39.38
K03610.02,FALSE POSITIVE,1.92027188,
K01899.02,CANDIDATE,10.5226374,1.08
K03611.01,FALSE POSITIVE,10.443341795,44.35
K07737.01,FALSE POSITIVE,4.75307877,505.94
K03612.01,FALSE POSITIVE,19.515013291,53.03
K01628.02,CONFIRMED,1.772451066,1.02
K03384.02,CONFIRMED,19.9158863,1.41
K03385.01,FALSE POSITIVE,54.061328105,88.28
K03386.01,FALSE POSITIVE,34.525990182,54.35
K07750.01,CANDIDATE,494.485085,5.03
K03387.01,FALSE POSITIVE,14.2821417,1.08
K03452.01,FALSE POSITIVE,18.64532882,61.81
K03454.01,FALSE POSITIVE,20.882125422,66.27
K03455.01,CANDIDATE,14.0545718,1.45
K03456.01,CONFIRMED,30.8609783,1.08
K07769.01,FALSE POSITIVE,3.652810043,0.89
K03457.01,FALSE POSITIVE,15.65134872,118.33
K00332.02,CANDIDATE,6.86674226,0.79
K01806.03,CONFIRMED,8.37159554,2.39
K03532.01,FALSE POSITIVE,286.1755875,63.23
K03533.01,FALSE POSITIVE,152.15144795,53.89
K07783.01,FALSE POSITIVE,0.542636318,1.39
K03534.01,FALSE POSITIVE,29.911334059,47.83
K03535.01,FALSE POSITIVE,5.877122485,125.68
K03618.01,FALSE POSITIVE,10.636305846,64.91
K03619.01,FALSE POSITIVE,2.1032389,36.63
K03620.01,FALSE POSITIVE,46.698200933,38.79
K01905.02,CONFIRMED,15.99560373,1.04
K03621.01,FALSE POSITIVE,4.39451798,65.76
K03388.01,FALSE POSITIVE,25.9518795,35.1
K03389.01,CANDIDATE,29.7681831,3.98
K03390.01,FALSE POSITIVE,56.048096688,42.62
K07751.01,FALSE POSITIVE,2.25161215,1.14
K03391.01,CANDIDATE,36.7662364,1.28
K03392.01,FALSE POSITIVE,50.35545898,31.66
K03458.01,CONFIRMED,14.0328775,1.45
K03459.01,CONFIRMED,13.2226149,1.75
K01750.02,CANDIDATE,2.53742164,0.93
K07770.01,FALSE POSITIVE,3.54828691,1.69
K03460.01,CANDIDATE,62.596544,2.25
K03461.01,FALSE POSITIVE,18.79852,2.04
K03536.01,FALSE POSITIVE,156.51657398,61.44
K03537.01,FALSE POSITIVE,1.366946478,43.45
K03538.01,FALSE POSITIVE,313.09275066,47.52
K07782.01,FALSE POSITIVE,0.566813677,0.77
K03539.01,FALSE POSITIVE,157.32263943,56.66
K03540.01,FALSE POSITIVE,9.53040216,60.49
K03627.01,FALSE POSITIVE,4.218512654,16.67
K03627.02,FALSE POSITIVE,8.529991199,44.86
K03628.01,FALSE POSITIVE,3.47140045,
K03629.01,FALSE POSITIVE,1.922862476,70.65
K00352.02,CONFIRMED,16.00747237,2.99
K03393.01,CONFIRMED,54.6493679,2.64
K01650.02,CONFIRMED,100.8276725,4.35
K03394.01,CANDIDATE,15.5764061,1.79
K03395.01,CANDIDATE,10.00506974,1.11
K07753.01,FALSE POSITIVE,0.905675699,0.77
K03396.01,CANDIDATE,36.2580749,1.82
K03462.01,CANDIDATE,12.4326997,1.88
K03462.02,CANDIDATE,30.9902997,2.21
K03464.01,FALSE POSITIVE,15.9750417,90.37
K03465.01,CONFIRMED,16.0505464,0.81
K07771.01,FALSE POSITIVE,0.805267592,1.35
K03466.01,FALSE POSITIVE,11.082622625,48.38
K03541.01,FALSE POSITIVE,421.42848194,54.16
K01823.02,FALSE POSITIVE,1.096587245,168.68
K03542.01,FALSE POSITIVE,3.012476415,58.77
K03543.01,FALSE POSITIVE,204.74104758,97.39
K07727.01,FALSE POSITIVE,0.759740194,0.67
K03544.01,FALSE POSITIVE,4.664186517,278.81
K03545.01,FALSE POSITIVE,1.092066399,40.74
K03613.01,FALSE POSITIVE,3.053578643,35.35
K03614.01,FALSE POSITIVE,2.992662857,60.35
K03615.01,FALSE POSITIVE,4.664188563,52.09
K07738.01,FALSE POSITIVE,0.954873008,0.81
K03616.01,FALSE POSITIVE,0.56493412,33.4
K03617.01,FALSE POSITIVE,1.674984844,150.48
K03397.01,CANDIDATE,35.8754482,2.35
K03398.01,CONFIRMED,7.31945294,5.05
K03398.02,CONFIRMED,35.8007112,7.97
K07754.01,FALSE POSITIVE,0.790049989,0.67
K03398.03,CANDIDATE,4.32710579,3.58
K03399.01,FALSE POSITIVE,14.15402615,29.61
K03467.01,FALSE POSITIVE,33.93754213,138.25
K03468.01,CONFIRMED,20.7057153,3.22
K03469.01,CANDIDATE,60.532988,1.91
K07772.01,FALSE POSITIVE,3.7228679,0.74
K01781.03,CONFIRMED,58.0198583,3.46
K03470.01,CANDIDATE,15.0617835,1.61
K03546.01,FALSE POSITIVE,4.286103033,25.8
K03547.01,FALSE POSITIVE,290.7778719,45.27
K03548.01,FALSE POSITIVE,5.017239915,41.75
K07728.01,FALSE POSITIVE,0.937923475,0.52
K03549.01,FALSE POSITIVE,204.0329342,57.35
K03550.01,FALSE POSITIVE,2.148219541,49.6
K03551.01,FALSE POSITIVE,58.621578824,40.43
K03622.01,FALSE POSITIVE,3.125821128,110.58
K03623.01,FALSE POSITIVE,1.032068851,44.35
K07739.01,FALSE POSITIVE,6.6751871,1.09
K03624.01,FALSE POSITIVE,1.450205839,92.78
K03625.01,FALSE POSITIVE,3.224486463,79.08
K03626.01,FALSE POSITIVE,44.14579777,62.24
K03400.01,FALSE POSITIVE,33.3239576,2.55
K03401.01,CANDIDATE,17.9559673,1.96
K07756.01,FALSE POSITIVE,0.94102954,1.41
K01681.02,CONFIRMED,1.992812339,6.81
K03402.01,FALSE POSITIVE,36.514374043,33.27
K03403.01,CONFIRMED,39.818832,2.23
K03470.02,CONFIRMED,25.4337864,2.0
K03471.01,FALSE POSITIVE,67.451045,36.7
K07773.01,CANDIDATE,2.69339974,1.04
K03472.01,CANDIDATE,10.43003118,1.14
K03473.01,CANDIDATE,27.63714708,6.96
K03474.01,CONFIRMED,52.6095103,1.83
K01830.02,CONFIRMED,198.7106251,3.56
K03552.01,FALSE POSITIVE,15.873380595,630.53
K07729.01,CANDIDATE,50.563697,1.57
K03553.01,FALSE POSITIVE,65.583665567,41.22
K03554.01,FALSE POSITIVE,394.67816267,52.16
K03555.01,FALSE POSITIVE,111.31980522,63.68
K03556.01,FALSE POSITIVE,110.29512684,37.88
K03334.01,FALSE POSITIVE,95.178317934,28.75
K03335.01,CONFIRMED,31.2543238,2.29
K03336.01,FALSE POSITIVE,61.4911479,22.76
K00284.04,CONFIRMED,110.2867031,1.41
K01525.02,CONFIRMED,11.8061737,2.87
K03403.02,CONFIRMED,6.15828666,1.2
K07757.01,FALSE POSITIVE,10.828825742,0.76
K03404.01,CONFIRMED,82.292865,1.82
K03407.01,CONFIRMED,92.436978,2.89
K03408.01,CANDIDATE,65.427645,1.65
K03409.01,FALSE POSITIVE,11.08260553,7.34
K03475.01,FALSE POSITIVE,22.7832776,1.33
K03476.01,FALSE POSITIVE,23.737952838,53.27
K03477.01,FALSE POSITIVE,21.4618453,19.89
K03479.01,FALSE POSITIVE,75.13194883,26.21
K01788.02,CANDIDATE,369.069345,3.07
K03557.01,FALSE POSITIVE,243.82122131,56.63
K07730.01,FALSE POSITIVE,0.77459856,
K03558.01,FALSE POSITIVE,16.227548674,46.52
K03559.01,FALSE POSITIVE,47.189437,66.71
K03560.01,FALSE POSITIVE,1.501760172,90.92
K03561.01,FALSE POSITIVE,4.05325447,1668.79
K01833.02,CONFIRMED,7.68433346,2.58
K07740.01,FALSE POSITIVE,1.549979213,136.64
K03337.01,CANDIDATE,11.16622885,1.56
K03338.01,FALSE POSITIVE,10.99381963,40.17
K03338.02,FALSE POSITIVE,10.9938087,5.33
K03339.01,CANDIDATE,23.1334494,2.55
K03340.01,CANDIDATE,8.9539656,0.84
K03340.02,CANDIDATE,13.7281373,1.06
K03410.01,CONFIRMED,16.5860329,2.09
K03411.01,CANDIDATE,26.83771808,12.68
K03412.01,CONFIRMED,16.7525077,3.65
K01681.03,CANDIDATE,3.53105835,10.61
K03413.01,FALSE POSITIVE,49.612757516,57.08
K07774.01,CANDIDATE,6.32589574,1.14
K03480.01,CANDIDATE,11.9378354,1.15
K03481.01,CANDIDATE,32.715906,3.68
K03482.01,CONFIRMED,15.3317719,1.91
K03483.01,CANDIDATE,82.331756,2.08
K03484.01,CONFIRMED,84.704139,4.17
K07731.01,FALSE POSITIVE,0.755105584,76.26
K03562.01,FALSE POSITIVE,101.26336282,44.0
K03563.01,FALSE POSITIVE,120.58167178,41.71
K03564.01,FALSE POSITIVE,1.558544209,35.12
K03565.01,FALSE POSITIVE,2.63757408,76.02
K03566.01,FALSE POSITIVE,8.64636188,54.24
K07741.01,FALSE POSITIVE,125.288206,1.5
K03567.01,FALSE POSITIVE,112.46358893,129.04
K03341.01,CANDIDATE,27.0965146,2.13
K03341.02,CANDIDATE,11.5474983,1.48
K03342.01,FALSE POSITIVE,42.39930429,44.7
K03343.01,CANDIDATE,83.2664103,2.89
K01545.02,FALSE POSITIVE,5.91039905,
K03344.01,CONFIRMED,11.6044881,1.88
K03414.01,FALSE POSITIVE,27.009807384,22.32
K03415.01,CONFIRMED,15.0219784,1.77
K03416.01,CANDIDATE,11.8237228,1.25
K03417.01,CONFIRMED,91.078624,3.26
K03418.01,CONFIRMED,85.272459,3.85
K03485.01,FALSE POSITIVE,12.42592675,2.66
K03486.01,CANDIDATE,19.0689513,1.63
K03487.01,FALSE POSITIVE,89.7398137,38.01
K03489.01,FALSE POSITIVE,90.08255562,49.2
K07732.01,FALSE POSITIVE,0.759768478,0.64
K03490.01,FALSE POSITIVE,42.2011587,37.39
K03568.01,FALSE POSITIVE,15.65129028,78.3
K03569.01,FALSE POSITIVE,9.014220178,15.49
K03570.01,FALSE POSITIVE,1.824653341,55.44
K03571.01,FALSE POSITIVE,3.185090259,92.5
K07742.01,FALSE POSITIVE,372.76888,3.66
K01833.03,CONFIRMED,5.70940795,1.51
K03572.01,FALSE POSITIVE,2.086076372,1543.74
K03344.02,CONFIRMED,3.63898953,1.68
K03345.01,CONFIRMED,38.1303324,1.54
K03346.01,CONFIRMED,14.42735088,1.53
K07759.01,CANDIDATE,6.2253374,1.92
K03347.01,CONFIRMED,12.90235874,1.49
K03348.01,CONFIRMED,36.4337867,2.2
K03419.01,FALSE POSITIVE,58.5850357,149.98
K03420.02,CANDIDATE,12.5014905,2.24
K03421.01,CANDIDATE,40.6511021,1.7
K07775.01,CANDIDATE,89.945828,3.46
K03422.01,CANDIDATE,40.1454757,13.01
K01707.02,CONFIRMED,265.47847,4.2
K01792.02,FALSE POSITIVE,1.546222068,0.77
K03491.01,FALSE POSITIVE,89.3313828,8.02
K03492.01,FALSE POSITIVE,22.2941485,1.5
K07733.01,CANDIDATE,1.048130894,4.52
K03493.01,CONFIRMED,46.7162336,2.03
K03495.01,CANDIDATE,17.6062701,1.72
K03573.01,FALSE POSITIVE,43.56225858,80.02
K03574.01,FALSE POSITIVE,198.443477,41.72
K03575.01,FALSE POSITIVE,17.907664726,282.86
K07743.01,FALSE POSITIVE,2.4044122,0.85
K03576.01,FALSE POSITIVE,22.77196484,104.17
K03577.01,FALSE POSITIVE,184.52015392,23.38
K03349.01,CONFIRMED,82.175197,2.24
K03350.01,FALSE POSITIVE,29.015852933,1183.06
K03351.01,FALSE POSITIVE,77.36241476,41.66
K07761.01,FALSE POSITIVE,495.71095,4.41
K03352.01,CONFIRMED,10.35857039,1.68
K01562.02,CANDIDATE,20.0679247,2.25
K03423.01,CONFIRMED,30.2541186,2.8
K03424.01,FALSE POSITIVE,17.081202417,39.24
K03425.01,CONFIRMED,20.034708,2.24
K07776.01,CANDIDATE,541.92452,3.15
K03425.02,CONFIRMED,3.15722086,1.41
K03426.01,CANDIDATE,58.7701045,1.57
K03495.02,CANDIDATE,6.685438,1.25
K03496.01,CONFIRMED,23.2385587,2.18
K03496.02,CANDIDATE,8.5433774,1.58
K07734.01,FALSE POSITIVE,118.314913,7.23
K03497.01,CONFIRMED,20.35971899,0.8
K03498.01,FALSE POSITIVE,43.798566,48.52
K03578.01,FALSE POSITIVE,131.73630485,54.38
K03579.01,FALSE POSITIVE,4.301031137,93.01
K03580.01,FALSE POSITIVE,198.01379181,38.49
K03581.01,FALSE POSITIVE,10.9938268,52.69
K07744.01,CANDIDATE,11.7201693,1.34
K01837.02,CONFIRMED,1.682934607,1.06
K03582.01,FALSE POSITIVE,114.90862419,42.78
K03353.01,CONFIRMED,11.55532445,1.7
K03354.01,CANDIDATE,11.5706005,1.33
K03355.01,CANDIDATE,16.2953228,1.6
K07762.01,CANDIDATE,8.5073512,1.38
K03356.01,CONFIRMED,26.0841212,1.35
K03357.01,FALSE POSITIVE,52.802767576,75.82
K03427.01,FALSE POSITIVE,39.206808648,50.2
K03428.01,CONFIRMED,64.6589166,2.12
K03429.01,CANDIDATE,15.8283833,1.8
K07777.01,FALSE POSITIVE,27.6760342,5.15
K03429.02,CONFIRMED,8.74192361,1.94
K03429.03,FALSE POSITIVE,26.936878,1.57
K00302.02,FALSE POSITIVE,53.34418038,
K03499.01,FALSE POSITIVE,12.4281308,0.85
K01792.03,CONFIRMED,9.10969334,1.32
K03499.02,FALSE POSITIVE,0.96283264,0.74
K03500.01,CONFIRMED,73.7502765,3.78
K03500.02,CANDIDATE,4.7482669,1.57
K03583.01,FALSE POSITIVE,210.30644361,101.13
K03584.01,FALSE POSITIVE,8.268081087,50.31
K03585.01,FALSE POSITIVE,3.564614021,46.0
K07745.01,FALSE POSITIVE,533.47707,2.6
K03586.01,FALSE POSITIVE,5.877122413,45.95
K03587.01,FALSE POSITIVE,1.036592635,463.05
K03358.01,CANDIDATE,10.10404351,4.05
K03360.01,FALSE POSITIVE,91.4999978,21.86
K03361.01,CONFIRMED,65.9407869,2.33
K07763.01,FALSE POSITIVE,406.45737,1.96
K03362.01,FALSE POSITIVE,30.47639859,43.01
K03363.01,CONFIRMED,14.53260546,1.69
K01718.02,CONFIRMED,153.348739,2.14
K03430.01,CANDIDATE,13.9248005,0.9
K03431.01,CANDIDATE,19.6001405,2.08
K07808.01,FALSE POSITIVE,361.526458,5.7
K03432.01,CONFIRMED,48.0506878,2.36
K03433.01,CANDIDATE,34.08429351,36.05
K03816.01,FALSE POSITIVE,9.44942628,75.22
K03817.01,FALSE POSITIVE,0.933489066,48.01
K03818.01,FALSE POSITIVE,1.908525084,3.74
K07788.01,FALSE POSITIVE,0.798467681,0.82
K03819.01,FALSE POSITIVE,0.867721348,67.0
K03820.01,FALSE POSITIVE,161.252567,5.04
K03893.01,CONFIRMED,3.90863457,1.86
K02092.03,CONFIRMED,77.086191,29.77
K03894.01,FALSE POSITIVE,1.673662758,23.42
K03895.01,FALSE POSITIVE,5.93717724,594.32
K03896.01,FALSE POSITIVE,3.89043062,1.24
K03897.01,FALSE POSITIVE,16.8282542,2.66
K03667.01,FALSE POSITIVE,2.489549075,59.57
K01955.03,CONFIRMED,1.644221032,1.18
K03668.01,FALSE POSITIVE,4.469731089,84.63
K03669.01,FALSE POSITIVE,1.731803197,22.87
K03670.01,FALSE POSITIVE,2.64830047,126.54
K02011.02,CONFIRMED,17.2653659,1.16
K03743.01,FALSE POSITIVE,3.486318703,54.53
K03744.01,FALSE POSITIVE,1.705780649,25.95
K03745.01,FALSE POSITIVE,7.45306683,1044.28
K03746.01,FALSE POSITIVE,2.929299629,51.67
K03747.01,FALSE POSITIVE,5.50811352,34.03
K03821.01,FALSE POSITIVE,0.569115097,156.15
K03822.01,FALSE POSITIVE,2.529073751,25.8
K03823.01,CANDIDATE,202.1168173,5.8
K03824.01,FALSE POSITIVE,0.916326699,50.7
K00435.03,CONFIRMED,33.0405509,2.36
K03898.01,FALSE POSITIVE,1.306723495,27.42
K03899.01,FALSE POSITIVE,0.7967202,56.89
K03900.01,FALSE POSITIVE,359.102042,28.76
K03901.01,CONFIRMED,160.130899,6.67
K03902.01,FALSE POSITIVE,2.69634575,1.46
K03903.01,FALSE POSITIVE,2.553924603,32.67
K03671.01,FALSE POSITIVE,8.487871809,46.24
K03672.01,FALSE POSITIVE,5.50817321,39.18
K03673.01,FALSE POSITIVE,6.142812722,31.9
K03674.01,FALSE POSITIVE,175.06586091,40.63
K03675.01,FALSE POSITIVE,20.8392148,51.9
K03676.01,FALSE POSITIVE,9.50158045,73.07
K03747.02,FALSE POSITIVE,19.226055,3.52
K03748.01,FALSE POSITIVE,2.050435466,34.84
K03749.01,CANDIDATE,10.72725536,12.85
K03750.01,FALSE POSITIVE,1.507101452,39.32
K03751.01,FALSE POSITIVE,1.274841686,63.68
K02055.02,CONFIRMED,4.02582434,1.79
K03825.01,FALSE POSITIVE,2.845746618,135.99
K03826.01,FALSE POSITIVE,2.30120705,28.64
K03827.01,FALSE POSITIVE,337.377514,37.23
K03827.02,FALSE POSITIVE,389.28075044,
K03828.01,FALSE POSITIVE,8.58965725,27.86
K02093.02,CANDIDATE,2.508116,12.28
K03904.01,FALSE POSITIVE,8.56751264,23.05
K03905.01,FALSE POSITIVE,1.061934313,15.14
K03906.01,FALSE POSITIVE,2.406574511,26.22
K03907.01,FALSE POSITIVE,28.64338839,5.82
K07792.01,FALSE POSITIVE,96.231257,29.26
K03677.01,FALSE POSITIVE,30.5528701,63.57
K01955.04,CONFIRMED,26.2347447,2.76
K03678.01,CONFIRMED,160.88451966,9.09
K03679.01,FALSE POSITIVE,4.04506346,67.94
K03680.01,CONFIRMED,141.2415405,11.49
K03681.01,CONFIRMED,217.83184293,11.17
K02018.02,CANDIDATE,16.0988294,1.14
K03752.01,FALSE POSITIVE,1.433262145,5.67
K03753.01,FALSE POSITIVE,0.782046543,43.07
K03754.01,FALSE POSITIVE,5.663604992,54.55
K03755.01,FALSE POSITIVE,18.076610347,39.16
K03756.01,FALSE POSITIVE,6.47173281,13.68
K03830.01,FALSE POSITIVE,1.031100362,27.35
K03831.01,FALSE POSITIVE,0.597933142,63.46
K03832.01,FALSE POSITIVE,5.36652724,7.97
K03834.01,FALSE POSITIVE,1.540392098,17.63
K03835.01,CONFIRMED,47.1484324,2.58
K02055.03,CONFIRMED,2.50475282,1.48
K03908.01,CONFIRMED,59.3627946,2.23
K03909.01,CANDIDATE,247.891041,4.74
K03910.01,FALSE POSITIVE,2.199076661,21.72
K03911.01,CONFIRMED,1.79110997,1.29
K03912.01,FALSE POSITIVE,7.77241144,1.69
K07793.01,CANDIDATE,1.99469354,0.46
K03681.02,CONFIRMED,10.51421162,1.25
K03682.01,FALSE POSITIVE,11.344347453,62.52
K03683.01,CONFIRMED,214.3120439,9.17
K03684.01,FALSE POSITIVE,0.876826336,37.24
K03685.01,FALSE POSITIVE,208.86909724,29.95
K03685.02,CONFIRMED,7.2593226,1.57
K03757.01,FALSE POSITIVE,1.98663794,134.5
K03758.01,FALSE POSITIVE,13.54208867,26.65
K03759.01,FALSE POSITIVE,7.549303633,34.45
K03760.01,FALSE POSITIVE,0.77544539,35.53
K03761.01,CANDIDATE,164.950399,11.23
K07810.01,FALSE POSITIVE,308.255238,18.98
K03836.01,FALSE POSITIVE,3.46724809,2.52
K03837.01,FALSE POSITIVE,7.4413445,43.5
K03838.01,FALSE POSITIVE,4.618309224,25.43
K03839.01,FALSE POSITIVE,0.677761275,22.15
K03840.01,FALSE POSITIVE,2.845739012,44.7
K07789.01,FALSE POSITIVE,175.358905,2.9
K03913.01,CANDIDATE,0.582895412,5.87
K02093.03,CANDIDATE,0.496069986,10.0
K03914.01,FALSE POSITIVE,12.42618005,3.48
K03915.01,FALSE POSITIVE,2.189090653,23.25
K03916.01,CONFIRMED,5.33905606,1.9
K07794.01,FALSE POSITIVE,1.99492332,0.94
K01960.02,CONFIRMED,23.2218115,2.42
K03686.01,FALSE POSITIVE,3.351573993,24.15
K03687.01,FALSE POSITIVE,8.097050622,24.01
K03688.01,FALSE POSITIVE,2.119107262,77.23
K03689.01,CANDIDATE,5.24088367,12.74
K07800.01,FALSE POSITIVE,0.887691177,1.53
K02028.03,CONFIRMED,142.545,2.52
K03762.01,CONFIRMED,240.7990472,10.31
K03763.01,FALSE POSITIVE,0.888584158,43.7
K03765.01,FALSE POSITIVE,0.865959015,144.5
K03766.01,FALSE POSITIVE,0.594276199,266.99
K03841.01,FALSE POSITIVE,1.527491117,27.85
K07811.01,FALSE POSITIVE,0.566814046,0.56
K03842.01,FALSE POSITIVE,0.61496383,44.79
K03843.01,FALSE POSITIVE,161.253747,4.98
K03844.01,FALSE POSITIVE,2.974163938,34.74
K03845.01,FALSE POSITIVE,15.84131693,670.04
K02055.04,CANDIDATE,6.13074243,1.26
K03925.01,CONFIRMED,9.2075634,5.5
K03925.02,CONFIRMED,2.5903958,2.55
K03925.03,CONFIRMED,5.3235335,2.69
K03926.01,FALSE POSITIVE,0.831741499,41.62
K03927.01,FALSE POSITIVE,4.44737112,2.06
K03690.01,FALSE POSITIVE,12.893018017,62.52
K07795.01,CANDIDATE,5.44085762,0.97
K03691.01,FALSE POSITIVE,4.532416322,62.25
K03691.02,FALSE POSITIVE,2.26631937,
K03692.01,FALSE POSITIVE,1.160153553,60.47
K03693.01,FALSE POSITIVE,4.032760214,378.61
K03694.01,FALSE POSITIVE,3.723552982,18.83
K03767.01,CANDIDATE,6.714247798,14.78
K07801.01,FALSE POSITIVE,2.21396079,0.87
K03768.01,FALSE POSITIVE,11.35501209,8.0
K03769.01,FALSE POSITIVE,1.195515251,49.33
K03770.01,CANDIDATE,2.60720833,7.31
K03771.01,FALSE POSITIVE,5.80184753,14.0
K03772.01,FALSE POSITIVE,2.38404983,66.14
K03846.01,FALSE POSITIVE,5.24078259,24.73
K03847.01,FALSE POSITIVE,5.26641416,2.62
K03848.01,CONFIRMED,1.847892736,1.51
K03849.01,FALSE POSITIVE,0.604358764,23.28
K03850.01,FALSE POSITIVE,11.3775281,82.26
K03851.01,FALSE POSITIVE,0.7981968,62.38
K03917.01,FALSE POSITIVE,0.695954898,2.58
K03918.01,FALSE POSITIVE,0.948951607,115.31
K03919.01,FALSE POSITIVE,19.37070781,108.54
K03920.01,FALSE POSITIVE,14.46993942,85.84
K03921.01,FALSE POSITIVE,1.278555003,5.19
K01972.02,CONFIRMED,1.226223959,1.0
K03695.01,FALSE POSITIVE,2.244600029,27.47
K03696.01,FALSE POSITIVE,181.8521773,46.38
K03697.01,FALSE POSITIVE,223.1127475,46.33
K03698.01,FALSE POSITIVE,15.64064161,77.18
K02029.03,CONFIRMED,6.8873113,0.72
K03773.01,FALSE POSITIVE,1.103978,
K07802.01,FALSE POSITIVE,43.8496474,21.42
K03775.01,FALSE POSITIVE,0.752158047,106.66
K03776.01,FALSE POSITIVE,3.796488133,40.83
K03777.01,CANDIDATE,17.7476059,146.63
K03852.01,FALSE POSITIVE,1.233076007,31.39
K03853.01,FALSE POSITIVE,21.5135234,534.47
K07784.01,FALSE POSITIVE,19.4444573,1.53
K03854.01,FALSE POSITIVE,1.1910489,22.76
K03855.01,FALSE POSITIVE,0.546248198,54.23
K02059.02,CANDIDATE,2.18565886,0.44
K03856.01,FALSE POSITIVE,1.811966339,95.19
K03922.01,FALSE POSITIVE,66.1539783,9.69
K03923.01,FALSE POSITIVE,158.3226379,25.41
K00435.04,CONFIRMED,3.93276627,1.5
K02094.02,CONFIRMED,198.680859,2.79
K03924.01,FALSE POSITIVE,1.592634161,100.2
K03699.01,FALSE POSITIVE,3.31577795,27.77
K03700.01,FALSE POSITIVE,2.990252395,89.85
K03701.01,FALSE POSITIVE,2.08043378,510.48
K03702.01,FALSE POSITIVE,4.944046127,54.29
K03703.01,FALSE POSITIVE,4.464565251,43.21
K03704.01,FALSE POSITIVE,1.523298835,38.95
K03778.01,FALSE POSITIVE,3.539631353,39.34
K03779.01,FALSE POSITIVE,6.195861785,215.89
K07803.01,FALSE POSITIVE,0.566805514,0.82
K03780.01,FALSE POSITIVE,27.961084,21.5
K03782.01,FALSE POSITIVE,186.5168116,37.5
K03783.01,FALSE POSITIVE,197.1455327,72.16
K03857.01,FALSE POSITIVE,0.532087933,74.83
K03858.01,FALSE POSITIVE,3.204222652,23.55
K03859.01,FALSE POSITIVE,0.687898282,55.58
K03860.01,FALSE POSITIVE,2.178154774,19.46
K03861.01,FALSE POSITIVE,0.99466172,31.84
K03862.01,FALSE POSITIVE,359.00688,28.57
K03928.01,CONFIRMED,1.138548215,1.45
K03929.01,FALSE POSITIVE,121.0598037,1680.99
K07790.01,FALSE POSITIVE,0.721335207,0.54
K03930.01,FALSE POSITIVE,3.28274272,1.85
K03931.01,FALSE POSITIVE,1.231361934,2.93
K02098.02,CONFIRMED,89.7224125,2.21
K01986.02,CONFIRMED,7.12766417,1.21
K03705.01,FALSE POSITIVE,2.080431782,345.7
K07796.01,CANDIDATE,3.52364689,0.94
K03706.01,FALSE POSITIVE,1.157804607,118.11
K03707.01,FALSE POSITIVE,19.979098,22.98
K03708.01,FALSE POSITIVE,1.433262401,136.47
K03784.01,FALSE POSITIVE,23.8706941,49.6
K02029.04,CANDIDATE,4.78850084,0.63
K07804.01,FALSE POSITIVE,0.566769068,1.06
K03785.01,FALSE POSITIVE,6.2820426,23.76
K03786.01,FALSE POSITIVE,0.97430309,37.62
K03787.01,CANDIDATE,141.73403059,10.3
K03862.02,FALSE POSITIVE,119.686505,23.0
K03863.01,FALSE POSITIVE,53.556625,26.31
K07785.01,CANDIDATE,433.220461,2.07
K03864.01,CONFIRMED,1.210693626,0.99
K02061.02,CONFIRMED,1.090011003,1.04
K03864.02,CANDIDATE,18.2572722,0.94
K01905.03,CONFIRMED,34.2115022,1.15
K03630.01,FALSE POSITIVE,7.061149921,43.71
K03631.01,FALSE POSITIVE,2.682767439,70.67
K03632.01,FALSE POSITIVE,3.711012492,46.24
K03633.01,FALSE POSITIVE,1.780982447,60.45
K03634.01,FALSE POSITIVE,1.815632406,108.78
K03709.01,FALSE POSITIVE,205.5833309,42.69
K03710.01,FALSE POSITIVE,4.309067482,101.41
K07797.01,FALSE POSITIVE,36.4721523,0.7
K03711.01,FALSE POSITIVE,111.0396205,8.6
K03712.01,FALSE POSITIVE,3.187087241,928.96
K03713.01,FALSE POSITIVE,1.023470248,100.39
K03714.01,FALSE POSITIVE,0.875267982,39.19
K03788.01,FALSE POSITIVE,5.55260695,2674.69
K03789.01,FALSE POSITIVE,2.347479696,60.5
K07805.01,FALSE POSITIVE,1.13353095,0.49
K03790.01,FALSE POSITIVE,0.890745373,36.92
K03791.01,CONFIRMED,440.7843755,7.23
K03792.01,FALSE POSITIVE,2.723858181,7.13
K03793.01,FALSE POSITIVE,0.635441862,56.3
K03865.01,FALSE POSITIVE,3.255189932,1.39
K03866.01,FALSE POSITIVE,2.531140101,32.12
K03867.01,CONFIRMED,0.938750221,1.46
K03868.01,FALSE POSITIVE,2.992704682,7.86
K03869.01,FALSE POSITIVE,6.12810722,39.52
K03635.01,FALSE POSITIVE,2.115511511,36.16
K03636.01,FALSE POSITIVE,2.446736567,71.52
K03637.01,FALSE POSITIVE,21.3779536,173.18
K03638.01,FALSE POSITIVE,4.350460215,533.08
K03639.01,FALSE POSITIVE,22.77194512,251.93
K01915.02,CONFIRMED,67.844689,2.65
K01992.02,CONFIRMED,27.3214242,3.61
K03715.01,FALSE POSITIVE,9.84883968,63.42
K03716.01,FALSE POSITIVE,10.23335969,
K03717.01,FALSE POSITIVE,227.6625222,44.24
K03718.01,FALSE POSITIVE,1.06100873,9.14
K03719.01,FALSE POSITIVE,0.623393802,28.21
K03794.01,CONFIRMED,0.65355361,22.95
K02034.02,CONFIRMED,2.3702932,1.29
K07806.01,FALSE POSITIVE,0.566793534,122.64
K03795.01,FALSE POSITIVE,1.873380717,89.79
K03796.01,FALSE POSITIVE,1.87337894,51.11
K03797.01,FALSE POSITIVE,7.50023955,21.06
K03870.01,FALSE POSITIVE,23.6270348,21.71
K03871.01,FALSE POSITIVE,0.716709897,66.73
K03872.01,FALSE POSITIVE,2.248063246,30.38
K03873.01,FALSE POSITIVE,63.3278636,54.17
K02076.02,CONFIRMED,219.3215562,6.11
K03640.01,FALSE POSITIVE,245.4382021,19.17
K03641.01,FALSE POSITIVE,178.4129899,33.24
K03641.02,FALSE POSITIVE,178.44973004,
K03642.01,FALSE POSITIVE,2.192004364,37.56
K03643.01,FALSE POSITIVE,3.900109346,40.37
K03644.01,FALSE POSITIVE,1.471060209,165.15
K03644.02,FALSE POSITIVE,0.73553763,
K03720.01,FALSE POSITIVE,213.3990406,35.2
K03721.01,FALSE POSITIVE,6.40802979,51.44
K03722.01,CANDIDATE,2.38920105,
K03723.01,FALSE POSITIVE,0.962835804,458.02
K03724.01,FALSE POSITIVE,4.639602084,19.96
K03798.01,FALSE POSITIVE,2.991885335,3.94
K03799.01,FALSE POSITIVE,1.327471395,7.08
K07807.01,FALSE POSITIVE,0.566792595,0.5
K03800.01,FALSE POSITIVE,1.247156944,26042.9
K03801.01,CANDIDATE,288.3128666,13.21
K03802.01,FALSE POSITIVE,2.119100054,34.34
K03874.01,FALSE POSITIVE,1.466535757,4.28
K03875.01,FALSE POSITIVE,8.870415578,39.46
K07786.01,FALSE POSITIVE,1.49131759,1.26
K03876.01,CONFIRMED,19.57783279,1.96
K03877.01,FALSE POSITIVE,3.04476607,15.7
K03878.01,CONFIRMED,70.9672087,2.84
K03645.01,FALSE POSITIVE,4.45543346,51.69
K03646.01,FALSE POSITIVE,14.323889947,45.93
K03647.01,FALSE POSITIVE,20.427232317,601.32
K07791.01,CANDIDATE,106.18732,231.85
K01922.03,CONFIRMED,105.6552651,4.22
K03648.01,FALSE POSITIVE,4.029803201,47.58
K03649.01,FALSE POSITIVE,1.303858554,73.29
K00416.03,CANDIDATE,9.74765878,0.78
K02004.02,CONFIRMED,3.18899015,0.98
K07798.01,CANDIDATE,309.89103,2.15
K03725.01,FALSE POSITIVE,1.570518376,450.76
K03726.01,FALSE POSITIVE,115.9943364,13.66
K03727.01,FALSE POSITIVE,0.623441636,29.19
K03803.01,FALSE POSITIVE,14.5417471,163.25
K03804.01,FALSE POSITIVE,2.81753381,52.91
K02039.02,CONFIRMED,0.762132307,0.75
K03805.01,FALSE POSITIVE,56.6993107,539.16
K03806.01,FALSE POSITIVE,161.252247,4.49
K03879.01,FALSE POSITIVE,0.867719291,37.79
K03880.01,CANDIDATE,1.803697292,1.0
K03881.01,FALSE POSITIVE,0.84112187,39.34
K03882.01,FALSE POSITIVE,0.828326025,49.67
K03883.01,FALSE POSITIVE,1.219324537,60.62
K03650.01,FALSE POSITIVE,2.401751509,268.75
K03651.01,FALSE POSITIVE,36.97709537,59.66
K03652.01,FALSE POSITIVE,16.371883638,70.73
K03653.01,FALSE POSITIVE,2.617284592,162.67
K03654.01,FALSE POSITIVE,10.14873521,71.11
K03655.01,FALSE POSITIVE,2.897436854,64.69
K03728.01,CONFIRMED,5.546083089,22.27
K03729.01,FALSE POSITIVE,6.87366398,12.01
K03729.02,FALSE POSITIVE,6.87366412,
K03730.01,FALSE POSITIVE,0.668483494,138.76
K03731.01,FALSE POSITIVE,1.070272827,28.73
K07799.01,FALSE POSITIVE,0.977170246,5.08
K03732.01,FALSE POSITIVE,1.135930136,52.05
K03807.01,FALSE POSITIVE,1.801863222,145.36
K03808.01,FALSE POSITIVE,54.77145968,34.32
K03809.01,FALSE POSITIVE,1.674690886,29.78
K03810.01,CANDIDATE,1.013774136,18.59
K03811.01,CANDIDATE,290.1401717,11.58
K02078.02,CONFIRMED,161.515617,2.88
K03884.01,FALSE POSITIVE,2.112405306,19.01
K03885.01,FALSE POSITIVE,1.870990236,26.1
K03886.01,FALSE POSITIVE,5.56648691,43.67
K07787.01,FALSE POSITIVE,1.33253834,0.64
K03887.01,FALSE POSITIVE,1.241483276,27.25
K03656.01,FALSE POSITIVE,3.01551943,155.81
K03657.01,FALSE POSITIVE,2.112395777,115.26
K01932.02,CONFIRMED,14.8444836,2.49
K03658.01,FALSE POSITIVE,2.252417903,27.09
K03659.01,FALSE POSITIVE,2.900613144,38.63
K03660.01,FALSE POSITIVE,174.7697122,38.79
K03733.01,FALSE POSITIVE,31.43284649,57.21
K02004.03,CANDIDATE,1.72110057,0.7
K03734.01,FALSE POSITIVE,9.72675447,995.22
K03735.01,FALSE POSITIVE,8.096939227,68.48
K03736.01,FALSE POSITIVE,0.64234865,25.76
K03737.01,FALSE POSITIVE,130.4194187,57.51
K03812.01,FALSE POSITIVE,1.78526527,41.19
K03813.01,FALSE POSITIVE,4.8591441,6.9
K03814.01,FALSE POSITIVE,5.95077813,32.26
K02048.02,FALSE POSITIVE,99.673478,576.14
K03815.01,CANDIDATE,4.7425521,7.27
K03888.01,FALSE POSITIVE,0.955297055,18.16
K03889.01,FALSE POSITIVE,280.476576,3.16
K03890.01,FALSE POSITIVE,152.8255989,34.85
K03891.01,CANDIDATE,47.1096306,78.98
K03892.01,CONFIRMED,2.41660149,0.92
K03661.01,FALSE POSITIVE,4.252082243,33.14
K03662.01,FALSE POSITIVE,14.180228311,62.41
K03663.01,CONFIRMED,282.5253558,8.98
K03664.01,FALSE POSITIVE,1.87887673,148.25
K03665.01,FALSE POSITIVE,17.79391159,33.3
K03666.01,FALSE POSITIVE,7.942583252,219.02
K03738.01,FALSE POSITIVE,15.85231085,679.44
K03739.01,FALSE POSITIVE,2.415925551,300.82
K03740.01,FALSE POSITIVE,0.656201038,112.77
K03741.01,FALSE POSITIVE,2.617280959,395.94
K03741.02,CANDIDATE,18.577903,1.36
K03742.01,FALSE POSITIVE,1.412524016,68.92
K01776.01,FALSE POSITIVE,5.77676732,26.2
K01792.01,CONFIRMED,88.40678718,4.55
K02027.01,FALSE POSITIVE,3.635723653,1.23
K07848.01,FALSE POSITIVE,369.181947,2.6
K01859.01,FALSE POSITIVE,45.3968385,21.23
K01953.01,FALSE POSITIVE,15.160166,2.09
K02088.01,FALSE POSITIVE,2.63009438,25.55
K02089.01,FALSE POSITIVE,9.40527028,25.39
K02112.01,FALSE POSITIVE,4.15713766,1.17
K02118.01,FALSE POSITIVE,3.2136904,1.22
K02127.01,FALSE POSITIVE,2.87066026,1.72
K01312.02,FALSE POSITIVE,31.24611088,
K01408.02,FALSE POSITIVE,82.37208458,
K03964.01,FALSE POSITIVE,0.991105114,36.87
K03965.01,FALSE POSITIVE,12.425580393,21.34
K03966.01,CONFIRMED,138.944022,2.57
K03967.01,FALSE POSITIVE,12.4260454,2.64
K03967.02,FALSE POSITIVE,12.4260002,2.39
K03968.01,FALSE POSITIVE,1.50650136,0.8
K01666.01,CANDIDATE,0.968026356,1.78
K01667.01,FALSE POSITIVE,1.179969562,120.02
K01668.01,FALSE POSITIVE,10.10176739,26.09
K01670.01,CANDIDATE,10.57910009,2.03
K01671.01,CONFIRMED,1.480283464,0.97
K01782.01,FALSE POSITIVE,15.420409367,16.62
K01821.01,CONFIRMED,9.97682072,2.85
K01844.01,FALSE POSITIVE,61.4913415,4.57
K07849.01,CANDIDATE,5.0263815,0.84
K01993.01,FALSE POSITIVE,16.00351679,18.01
K01865.01,FALSE POSITIVE,1.86390886,77.99
K02320.01,FALSE POSITIVE,2.03743942,0.82
K02322.01,FALSE POSITIVE,332.74984,2.55
K02326.01,FALSE POSITIVE,45.60304785,
K02330.01,FALSE POSITIVE,2.4681015,1.22
K02334.01,FALSE POSITIVE,12.53449909,
K02349.01,FALSE POSITIVE,215.15218,1.36
K02359.01,FALSE POSITIVE,3.17275711,1.27
K02158.02,CANDIDATE,6.68231249,2.09
K03969.01,FALSE POSITIVE,0.73619448,1.84
K03970.01,FALSE POSITIVE,10.18670759,0.95
K03971.01,FALSE POSITIVE,365.994154,2.87
K03972.01,FALSE POSITIVE,0.54028956,21.45
K01673.01,FALSE POSITIVE,2.49047468,1.53
K01674.01,FALSE POSITIVE,2.17257963,13.55
K01676.01,FALSE POSITIVE,3.307669761,3.87
K01678.01,FALSE POSITIVE,3.183961388,37.22
K07837.01,FALSE POSITIVE,48.507991,2.06
K01679.01,FALSE POSITIVE,0.759766456,29.02
K01785.01,FALSE POSITIVE,1.219034472,9.82
K01954.01,FALSE POSITIVE,7.37339245,13.73
K01742.01,FALSE POSITIVE,4.70847097,19.58
K01806.01,FALSE POSITIVE,2.404556949,4.69
K07850.01,CANDIDATE,66.119119,3.0
K01745.01,CANDIDATE,0.982090079,29.95
K01795.01,FALSE POSITIVE,2.972047661,24.74
K02362.01,FALSE POSITIVE,2.237180102,1.75
K02391.01,FALSE POSITIVE,0.93374232,18.29
K02394.01,FALSE POSITIVE,134.76308997,
K02396.01,FALSE POSITIVE,0.495434094,1.57
K02446.01,FALSE POSITIVE,8.48031302,2.74
K00439.02,FALSE POSITIVE,5.40534383,
K02480.01,CANDIDATE,0.66682654,1.49
K03973.01,FALSE POSITIVE,0.882131829,8.13
K03974.01,FALSE POSITIVE,0.489682339,37.47
K03975.01,CONFIRMED,364.751562,2.89
K03976.01,FALSE POSITIVE,2.189098506,29.7
K03977.01,FALSE POSITIVE,0.7088055,41.08
K01682.01,FALSE POSITIVE,88.821421,234.99
K01689.01,FALSE POSITIVE,1.507761203,31.77
K01690.01,FALSE POSITIVE,1.506019633,1.08
K07838.01,FALSE POSITIVE,0.572513875,0.52
K01691.01,FALSE POSITIVE,35.14578122,32.5
K01694.01,FALSE POSITIVE,3.690317047,20.23
K01846.01,CONFIRMED,105.9566815,3.79
K01966.01,FALSE POSITIVE,2.95600563,0.81
K01796.01,FALSE POSITIVE,11.805707539,18.48
K07851.01,FALSE POSITIVE,25.3710555,1.43
K01957.01,CANDIDATE,1.38680229,29.33
K01827.01,FALSE POSITIVE,8.58966893,155.18
K01823.01,FALSE POSITIVE,4.468456599,24.81
K02500.01,FALSE POSITIVE,0.933754669,1.48
K02502.01,FALSE POSITIVE,86.79876649,
K02515.01,FALSE POSITIVE,164.57506747,
K02568.01,FALSE POSITIVE,1.71030803,1.32
K02570.01,FALSE POSITIVE,79.9201319,1.81
K02575.01,FALSE POSITIVE,199.3113,1.64
K02584.01,FALSE POSITIVE,157.82131,1.59
K03978.01,FALSE POSITIVE,2.28612573,22.63
K02162.02,CONFIRMED,199.66876,1.45
K03979.01,FALSE POSITIVE,1.33254971,1.36
K03980.01,FALSE POSITIVE,0.469334634,2.4
K03981.01,FALSE POSITIVE,0.849277809,20.11
K01695.01,CONFIRMED,71.4523167,2.19
K01696.01,FALSE POSITIVE,1.752564549,1.38
K07839.01,FALSE POSITIVE,0.566816802,0.68
K01697.01,FALSE POSITIVE,1.752553762,1.06
K01698.01,FALSE POSITIVE,2.065351521,1.03
K01699.01,FALSE POSITIVE,2.253551793,1.7
K01981.01,CONFIRMED,1.06378861,1.61
K01926.01,FALSE POSITIVE,123.11494773,
K01896.01,FALSE POSITIVE,1.854493861,29.39
K07852.01,FALSE POSITIVE,1.020713389,0.9
K01763.01,FALSE POSITIVE,2.1990638,1.33
K01807.01,FALSE POSITIVE,132.1331011,75.08
K01999.01,FALSE POSITIVE,1.120646438,89.35
K02653.01,FALSE POSITIVE,1.710279417,1.57
K02661.01,FALSE POSITIVE,65.238281,5.18
K07817.01,FALSE POSITIVE,0.56679641,0.46
K02663.01,CONFIRMED,9.88736642,0.68
K02728.01,CONFIRMED,42.3520039,6.3
K02742.01,CONFIRMED,0.789160884,0.91
K03982.01,FALSE POSITIVE,2.399081606,40.6
K03983.01,FALSE POSITIVE,5.14072621,19.28
K07829.01,FALSE POSITIVE,0.566798545,0.53
K03984.01,CONFIRMED,1.44445234,2.03
K03985.01,FALSE POSITIVE,3.55653637,1.7
K03986.01,FALSE POSITIVE,9.60853601,31.99
K03987.01,FALSE POSITIVE,0.933747751,2.07
K01703.01,FALSE POSITIVE,3.17463577,9.32
K07840.01,FALSE POSITIVE,0.902222843,48.23
K01709.01,FALSE POSITIVE,22.4685309,20.05
K01712.01,FALSE POSITIVE,10.16104834,2.72
K01714.01,FALSE POSITIVE,2.743978797,38.11
K01719.01,FALSE POSITIVE,1.332561398,2.16
K01963.01,CANDIDATE,12.89623554,2.55
K07853.01,FALSE POSITIVE,364.14397,2.2
K01887.01,FALSE POSITIVE,21.78769087,71.95
K01804.01,CONFIRMED,5.90741476,5.1
K01774.01,FALSE POSITIVE,2.368173896,10.92
K02015.01,FALSE POSITIVE,5.73865933,1.84
K01771.01,FALSE POSITIVE,91.05641908,53.1
K07818.01,CANDIDATE,2.52443998,1.53
K02793.01,CONFIRMED,4.49686066,1.93
K02796.01,CANDIDATE,0.5374094,0.96
K02806.01,CONFIRMED,24.7543849,2.1
K02814.01,FALSE POSITIVE,0.475068516,1.03
K02818.01,FALSE POSITIVE,1.79683793,3.37
K02843.01,FALSE POSITIVE,187.51251276,
K03988.01,FALSE POSITIVE,12.425484,1.55
K02163.02,CONFIRMED,17.7838298,1.6
K03989.01,FALSE POSITIVE,1.204529346,1.4
K03990.01,FALSE POSITIVE,2.15839583,14.28
K03991.01,CANDIDATE,1.570592397,1.37
K07841.01,FALSE POSITIVE,371.1495,2.07
K01635.01,FALSE POSITIVE,3.374684854,49.25
K01636.01,FALSE POSITIVE,2.61841046,1.12
K01638.01,FALSE POSITIVE,4.593594819,8.85
K01639.01,FALSE POSITIVE,125.0426,1.2
K01640.01,FALSE POSITIVE,6.17039154,2.17
K01642.01,FALSE POSITIVE,0.364860478,0.68
K01947.01,CANDIDATE,6.422943288,1.66
K01983.01,FALSE POSITIVE,6.90522317,4.54
K02041.01,FALSE POSITIVE,1.5259105,2.63
K02139.01,FALSE POSITIVE,4.27121961,2.17
K02141.01,CANDIDATE,1.306984786,18.33
K07819.01,FALSE POSITIVE,0.769358923,1.93
K02591.01,FALSE POSITIVE,0.755109106,0.85
K02599.01,FALSE POSITIVE,25.3239215,19.02
K02612.01,CONFIRMED,4.61225043,0.51
K02614.01,CONFIRMED,7.99022379,1.97
K02630.01,FALSE POSITIVE,4.1749166,0.61
K07830.01,FALSE POSITIVE,0.56678694,0.63
K03992.01,FALSE POSITIVE,0.73094701,15.83
K03993.01,FALSE POSITIVE,0.686994057,35.3
K03994.01,FALSE POSITIVE,1.324247867,1.3
K03995.01,FALSE POSITIVE,0.780632043,79.67
K03996.01,FALSE POSITIVE,0.730947169,14.43
K01645.01,FALSE POSITIVE,41.16676097,17.82
K01652.01,FALSE POSITIVE,1.083736642,237.84
K01653.01,FALSE POSITIVE,2.45570369,55.95
K01735.01,FALSE POSITIVE,0.64234875,2.78
K01729.01,FALSE POSITIVE,5.204286663,16.0
K01730.01,FALSE POSITIVE,6.352090869,18.9
K02142.01,FALSE POSITIVE,1.877350712,1.46
K02157.01,FALSE POSITIVE,2.11552348,21.43
K02161.01,FALSE POSITIVE,2.84573962,3.63
K02165.01,FALSE POSITIVE,7.01476115,1.02
K02170.01,FALSE POSITIVE,0.941603153,2.29
K02176.01,FALSE POSITIVE,24.40213373,
K07821.01,FALSE POSITIVE,1.13357304,0.59
K02772.01,FALSE POSITIVE,0.643468999,0.88
K02782.01,FALSE POSITIVE,112.645961,35.36
K02783.01,FALSE POSITIVE,0.526887517,0.58
K02784.01,FALSE POSITIVE,4.14244748,1.82
K02788.01,FALSE POSITIVE,0.777663575,0.95
K03997.01,FALSE POSITIVE,0.552834211,18.09
K03998.01,FALSE POSITIVE,0.758354475,149.44
K02167.03,CONFIRMED,76.5369531,3.73
K03999.01,FALSE POSITIVE,3.43525124,25.43
K04000.01,FALSE POSITIVE,0.962828092,40.82
K07842.01,CANDIDATE,3.11141514,0.7
K01734.01,FALSE POSITIVE,1.878156188,2.51
K01987.01,FALSE POSITIVE,7.81153999,23.56
K01949.01,FALSE POSITIVE,0.993488979,17.9
K01759.01,FALSE POSITIVE,1.334104585,44.9
K01994.01,FALSE POSITIVE,2.115498574,25.84
K07812.01,FALSE POSITIVE,3.40076682,0.69
K02178.01,FALSE POSITIVE,6.49676881,3.74
K02184.01,FALSE POSITIVE,2.057499811,1.27
K02187.01,FALSE POSITIVE,10.5856758,1.49
K02188.01,FALSE POSITIVE,2.69633621,15.78
K02190.01,FALSE POSITIVE,11.2580745,2.14
K07822.01,FALSE POSITIVE,0.566795586,0.66
K02847.01,FALSE POSITIVE,1.099291188,1.37
K02858.01,FALSE POSITIVE,0.47462889,1.43
K02860.01,CONFIRMED,103.4269873,3.16
K02874.01,CANDIDATE,0.352515897,1.0
K02875.01,FALSE POSITIVE,0.299697755,2.03
K02879.01,CANDIDATE,0.339069751,2.09
K07831.01,FALSE POSITIVE,0.56681727,0.42
K04001.01,FALSE POSITIVE,1.081935491,0.99
K04002.01,CONFIRMED,0.524175803,1.27
K04003.01,FALSE POSITIVE,1.89129881,0.86
K04004.01,CONFIRMED,4.94330596,1.41
K04005.01,CONFIRMED,178.139072,2.25
K07843.01,CANDIDATE,0.619023176,0.79
K01772.01,CANDIDATE,120.00336404,15.08
K01766.01,FALSE POSITIVE,4.067371428,68.81
K01903.01,FALSE POSITIVE,1.540395781,0.94
K01912.01,FALSE POSITIVE,32.9045733,28.34
K01811.01,FALSE POSITIVE,2.46353343,21.49
K01791.01,FALSE POSITIVE,22.91339043,24.11
K02192.01,FALSE POSITIVE,1.541350116,1.5
K02196.01,FALSE POSITIVE,1.205412526,12.6
K02197.01,FALSE POSITIVE,1.710316235,23.38
K02198.01,CONFIRMED,23.9210408,3.01
K02199.01,CONFIRMED,9.03326435,1.96
K03932.01,FALSE POSITIVE,356.535835,28.27
K03933.01,CONFIRMED,3.490785878,1.32
K03934.01,FALSE POSITIVE,1.92149487,79.14
K03935.01,CONFIRMED,1.093665854,1.29
K03936.01,CANDIDATE,141.608555,2.98
K07832.01,CANDIDATE,3.6092231,0.68
K04006.01,FALSE POSITIVE,12.4247333,1.47
K04007.01,CANDIDATE,11.4927112,25.01
K04008.01,FALSE POSITIVE,70.7511986,27.74
K02172.02,CONFIRMED,116.583183,2.91
K04009.01,CONFIRMED,175.13892,3.06
K07844.01,FALSE POSITIVE,1.302061421,92.86
K01768.01,FALSE POSITIVE,55.25178622,27.32
K01757.01,FALSE POSITIVE,5.548250634,21.49
K01775.01,FALSE POSITIVE,4.442520831,3.98
K01936.01,FALSE POSITIVE,1.339670241,1.27
K01777.01,FALSE POSITIVE,2.685223546,28.98
K02203.01,FALSE POSITIVE,1.99042642,1.17
K02207.01,FALSE POSITIVE,67.230028,2.44
K02211.01,FALSE POSITIVE,0.805259637,1.93
K02050.01,FALSE POSITIVE,75.3787816,1.6
K02231.01,FALSE POSITIVE,2.464160779,36.93
K07823.01,FALSE POSITIVE,0.566781152,0.54
K03936.02,CONFIRMED,13.0267964,2.08
K03937.01,FALSE POSITIVE,4.93129874,21.42
K03938.01,FALSE POSITIVE,5.59187448,104.18
K03939.01,FALSE POSITIVE,1.88665445,43.81
K03940.01,FALSE POSITIVE,14.53682228,73.15
K07833.01,CANDIDATE,172.820248,2.22
K04010.01,FALSE POSITIVE,1.72853003,2.43
K04011.01,FALSE POSITIVE,2.19068738,1.68
K04012.01,FALSE POSITIVE,372.16478,5.68
K04013.01,FALSE POSITIVE,0.947730124,2.82
K04014.01,CONFIRMED,234.240739,3.41
K07845.01,FALSE POSITIVE,341.01495,1.72
K01755.01,FALSE POSITIVE,6.14631207,4.79
K01991.01,FALSE POSITIVE,27.36432337,39.49
K01836.01,FALSE POSITIVE,10.26231992,1.98
K01778.01,FALSE POSITIVE,1.519529227,11.12
K01780.01,FALSE POSITIVE,6.487525901,21.23
K07813.01,FALSE POSITIVE,0.56676437,0.92
K02234.01,FALSE POSITIVE,2.35197616,21.19
K02235.01,FALSE POSITIVE,0.861643331,1.88
K02239.01,FALSE POSITIVE,12.1097626,1.09
K02240.01,FALSE POSITIVE,63.909601,0.76
K02244.01,FALSE POSITIVE,19.7352868,49.24
K07824.01,FALSE POSITIVE,0.566799125,0.56
K02135.02,CANDIDATE,20.1890396,1.39
K03941.01,FALSE POSITIVE,1.061935973,24.17
K03942.01,FALSE POSITIVE,1.485898163,14.96
K03943.01,CONFIRMED,38.5763483,2.05
K03944.01,FALSE POSITIVE,1.845610523,77.83
K07834.01,CANDIDATE,7.3812344,1.0
K04015.01,CONFIRMED,133.303247,2.67
K04016.01,CONFIRMED,125.4132302,3.14
K04017.01,FALSE POSITIVE,21.5702917,29.53
K04018.01,FALSE POSITIVE,0.868723418,1.87
K00266.01,CONFIRMED,25.30893566,1.77
K00065.01,FALSE POSITIVE,27.25471993,
K00383.01,FALSE POSITIVE,34.10787519,
K00860.01,FALSE POSITIVE,16.61474421,
K01789.01,FALSE POSITIVE,1.412526202,36.77
K01956.01,FALSE POSITIVE,2.759573341,6.42
K01834.01,FALSE POSITIVE,3.79188234,1.95
K01995.01,FALSE POSITIVE,14.38724729,29.24
K01855.01,FALSE POSITIVE,58.4302648,3.45
K07814.01,FALSE POSITIVE,0.566717263,0.43
K02249.01,FALSE POSITIVE,13.37935853,6.65
K02251.01,FALSE POSITIVE,13.26255423,3.55
K02254.01,FALSE POSITIVE,20.5696575,28.96
K02258.01,FALSE POSITIVE,4.52342256,1.7
K02054.01,FALSE POSITIVE,22.32423657,4.56
K03945.01,FALSE POSITIVE,0.723947772,52.16
K03946.01,CONFIRMED,308.544422,3.28
K03947.01,FALSE POSITIVE,0.905679492,35.74
K03947.02,FALSE POSITIVE,22.735911,5.07
K03948.01,FALSE POSITIVE,0.909310626,48.79
K03949.01,FALSE POSITIVE,0.648774274,1.08
K00562.01,FALSE POSITIVE,32.63286247,
K00364.01,CANDIDATE,173.92851338,
K00879.01,FALSE POSITIVE,25.64384513,
K00885.01,FALSE POSITIVE,25.58546721,
K00589.01,FALSE POSITIVE,17.47702,0.93
K00594.01,FALSE POSITIVE,16.88954693,
K00962.01,FALSE POSITIVE,26.77891391,
K00973.01,FALSE POSITIVE,13.33386985,
K01026.01,FALSE POSITIVE,94.10628163,
K01027.01,FALSE POSITIVE,14.71266408,
K01131.01,FALSE POSITIVE,0.696125302,28.44
K01137.01,FALSE POSITIVE,302.38867822,40.73
K01411.01,CANDIDATE,305.0762469,7.82
K01744.01,FALSE POSITIVE,5.24372504,20.41
K01740.01,FALSE POSITIVE,18.795269797,30.77
K01918.01,FALSE POSITIVE,42.2625935,12.62
K01748.01,FALSE POSITIVE,3.549386251,24.15
K01943.01,CONFIRMED,29.92208104,3.09
K07815.01,FALSE POSITIVE,0.566812588,0.71
K02262.01,FALSE POSITIVE,9.94221873,19.64
K02267.01,FALSE POSITIVE,9.06557317,1.46
K02268.01,FALSE POSITIVE,4.9432827,1.21
K02270.01,FALSE POSITIVE,7.35390869,2.29
K02275.01,FALSE POSITIVE,15.7455586,1.41
K07825.01,FALSE POSITIVE,0.566796615,0.59
K02135.03,CONFIRMED,8.48651582,1.34
K03950.01,FALSE POSITIVE,2.189092892,33.45
K03951.01,FALSE POSITIVE,2.40435335,3.05
K03952.01,FALSE POSITIVE,220.9290121,5.24
K03953.01,FALSE POSITIVE,3.1877519,19.66
K07835.01,CANDIDATE,3.76565247,0.87
K01351.01,FALSE POSITIVE,10.72396374,39.84
K01195.01,FALSE POSITIVE,119.67747,36.8
K01483.01,FALSE POSITIVE,185.9526325,50.98
K00111.04,FALSE POSITIVE,103.62650922,
K01611.01,FALSE POSITIVE,41.077590334,23.2
K01624.01,FALSE POSITIVE,2.99540439,65.37
K07846.01,CANDIDATE,10.5994606,1.28
K01817.01,FALSE POSITIVE,63.934965,44.59
K01869.01,FALSE POSITIVE,38.4769457,4.79
K01951.01,CONFIRMED,37.3228722,35.34
K02030.01,FALSE POSITIVE,1.664980224,3.68
K01752.01,FALSE POSITIVE,16.6094904,1.82
K07816.01,FALSE POSITIVE,0.566789505,3.37
K02277.01,FALSE POSITIVE,2.62982665,17.88
K02284.01,FALSE POSITIVE,2.69787749,1.5
K02292.01,FALSE POSITIVE,5.23340265,1.15
K02301.01,FALSE POSITIVE,3.51289168,1.12
K02061.01,CONFIRMED,14.092583189,1.82
K07826.01,FALSE POSITIVE,9.087508013,1.37
K03954.01,FALSE POSITIVE,0.65244373,2.17
K03955.01,FALSE POSITIVE,1.332564704,30.04
K03956.01,FALSE POSITIVE,2.636899795,49.84
K03957.01,FALSE POSITIVE,0.660629055,17.38
K03958.01,FALSE POSITIVE,0.885123683,1.14
K07836.01,FALSE POSITIVE,471.65421,4.11
K01625.01,FALSE POSITIVE,1.221204888,1.1
K01617.01,FALSE POSITIVE,135.90795753,
K01620.01,FALSE POSITIVE,0.959853772,1.3
K01631.01,CANDIDATE,0.592243731,6.77
K01634.01,FALSE POSITIVE,46.882525,1.91
K01614.01,FALSE POSITIVE,20.7191626,1.85
K07847.01,CANDIDATE,399.37587,3.93
K01919.01,FALSE POSITIVE,16.60973843,6.64
K01743.01,FALSE POSITIVE,54.323118,5.06
K01741.01,FALSE POSITIVE,5.803127153,19.04
K01767.01,FALSE POSITIVE,35.51619219,719.49
K01769.01,FALSE POSITIVE,0.589049151,39.51
K02065.01,CONFIRMED,80.2321467,3.24
K02068.01,CANDIDATE,41.88970036,32.16
K02070.01,FALSE POSITIVE,1.791406261,4.51
K02077.01,FALSE POSITIVE,1.25483232,2.89
K02085.01,FALSE POSITIVE,5.71483873,1.26
K07828.01,FALSE POSITIVE,17.5859472,2.24
K03959.01,FALSE POSITIVE,1.332567005,27.36
K02147.02,CONFIRMED,10.32736351,1.25
K03960.01,FALSE POSITIVE,2.54557259,1.97
K03961.01,FALSE POSITIVE,0.704541784,1.72
K03962.01,FALSE POSITIVE,0.697996932,28.06
K03963.01,FALSE POSITIVE,6.63449721,85.25
K01623.01,FALSE POSITIVE,110.9215892,3.71
K01657.01,FALSE POSITIVE,3.88673217,21.04
K01658.01,CONFIRMED,1.544928892,13.43
K01663.01,FALSE POSITIVE,11.76921923,3.12
K01664.01,FALSE POSITIVE,44.638983058,50.33
K03104.01,CANDIDATE,1.236866732,1.75
K03118.01,FALSE POSITIVE,174.95980475,
K03121.01,FALSE POSITIVE,1.926888595,1.31
K01422.05,CONFIRMED,34.1420506,1.06
K03133.01,FALSE POSITIVE,0.241842544,1.16
K03134.01,FALSE POSITIVE,0.865759153,1.53
K03137.01,CANDIDATE,1.332035996,0.85
K03138.01,CONFIRMED,8.68910764,0.49
K03139.01,FALSE POSITIVE,0.63624396,
K03143.01,FALSE POSITIVE,4.4040248,
K03149.01,FALSE POSITIVE,9.81101738,
K00351.05,CONFIRMED,8.71980135,1.53
K00351.06,CONFIRMED,7.00821787,1.29
K02881.01,FALSE POSITIVE,0.903583394,33.18
K02893.01,FALSE POSITIVE,0.99014722,1.34
K02902.01,FALSE POSITIVE,138.61227705,
K02909.01,FALSE POSITIVE,0.77359329,0.82
K02916.01,FALSE POSITIVE,0.306937807,0.82
K02925.01,CANDIDATE,0.716531851,1.11
K02934.01,FALSE POSITIVE,0.637487312,1.75
K00918.02,FALSE POSITIVE,5.71489488,1.41
K00966.02,FALSE POSITIVE,7.76967007,
K01961.02,FALSE POSITIVE,76.642481,1.36
K02037.02,CANDIDATE,5.47715718,2.17
K02473.02,FALSE POSITIVE,73.45736853,
K02533.02,FALSE POSITIVE,9.49361221,
K02570.02,FALSE POSITIVE,4.4296786,
K02586.02,FALSE POSITIVE,5.9703813,1.69
K02612.02,CANDIDATE,7.57299816,0.53
K02631.02,FALSE POSITIVE,3.95383243,
K01871.02,CONFIRMED,32.376183,2.26
K01783.02,CONFIRMED,284.063137,6.36
K02940.01,FALSE POSITIVE,129.68366098,
K02941.01,FALSE POSITIVE,4.30908594,1.62
K02947.01,FALSE POSITIVE,57.104588,0.98
K02950.01,FALSE POSITIVE,0.422015793,6.69
K02953.01,FALSE POSITIVE,0.945825494,1.14
K02954.01,FALSE POSITIVE,0.676715927,1.29
K02957.01,CANDIDATE,4.64490141,0.76
K02974.01,FALSE POSITIVE,0.576441813,0.82
K02983.01,FALSE POSITIVE,0.423854275,0.58
K02988.01,FALSE POSITIVE,2.43731228,
K02993.01,FALSE POSITIVE,0.692693892,32.44
K03001.01,FALSE POSITIVE,0.768934934,4.09
K03006.01,FALSE POSITIVE,0.998212785,1.1
K03009.01,CONFIRMED,0.764863517,1.04
K03016.01,FALSE POSITIVE,0.710894157,1.16
K03024.01,FALSE POSITIVE,0.537839241,1.49
K03044.01,FALSE POSITIVE,0.373684977,2.25
K03046.01,FALSE POSITIVE,1.10118564,
K03054.01,FALSE POSITIVE,0.544962596,1.03
K03062.01,FALSE POSITIVE,0.769127296,0.9
K03076.01,FALSE POSITIVE,225.56791218,
K03077.01,CONFIRMED,4.09578199,1.64
K00351.04,CONFIRMED,91.9401253,2.62
K03079.01,FALSE POSITIVE,92.57337995,
K03080.01,FALSE POSITIVE,185.0097245,
K03094.01,CONFIRMED,4.5770016,1.33
K03096.01,CONFIRMED,14.4540329,0.72
K03100.01,FALSE POSITIVE,0.812587678,1.54
K03102.01,CANDIDATE,9.3210841,0.61
K03103.01,FALSE POSITIVE,19.3073774,1.21
K00068.01,FALSE POSITIVE,1.000840564,80.25
K01599.02,CONFIRMED,13.6164547,22.29
K02793.02,CONFIRMED,1.766789509,1.4
K03077.02,CANDIDATE,7.55842923,1.46
K00339.03,CONFIRMED,35.8656484,2.44
K00577.02,CONFIRMED,0.638162933,0.91
K07854.01,FALSE POSITIVE,1.72929014,0.86
K05148.01,FALSE POSITIVE,40.301684,2.38
K05149.01,CANDIDATE,43.681309,1.33
K05150.01,FALSE POSITIVE,26.524553,2.19
K05151.01,FALSE POSITIVE,26.1537851,1.47
K05152.01,FALSE POSITIVE,0.944598153,37.61
K05153.01,FALSE POSITIVE,354.63284,0.9
K05154.01,FALSE POSITIVE,35.40103336,
K05155.01,CANDIDATE,230.180357,7.57
K05272.01,FALSE POSITIVE,5.2433865,0.75
K05273.01,FALSE POSITIVE,5.2435703,12.68
K05274.01,CANDIDATE,55.7583803,1.59
K05275.01,CANDIDATE,3.781123,1.16
K05276.01,CANDIDATE,220.720142,2.0
K05277.01,FALSE POSITIVE,634.84739,20.5
K05278.01,CANDIDATE,281.5921577,7.22
K05279.01,CANDIDATE,103.722152,1.95
K03376.01,FALSE POSITIVE,29.9756697,1.84
K03381.02,FALSE POSITIVE,387.56519,4.02
K03447.01,FALSE POSITIVE,31.5073649,0.74
K03453.01,FALSE POSITIVE,18.1118457,31.25
K03463.01,CANDIDATE,32.5474295,1.42
K03478.01,CONFIRMED,33.4969115,2.97
K05030.01,CANDIDATE,411.8969,2.61
K05031.01,FALSE POSITIVE,34.33339948,
K05032.01,FALSE POSITIVE,1.389947459,3.39
K05033.01,CANDIDATE,127.671711,5.52
K05034.01,FALSE POSITIVE,282.5363563,70.53
K05035.01,CANDIDATE,115.23145073,
K05036.01,FALSE POSITIVE,289.490952,2.87
K05037.01,CANDIDATE,349.58811,134.79
K05156.01,CANDIDATE,1.680254289,30.88
K05157.01,FALSE POSITIVE,0.782068488,21.02
K05158.01,CANDIDATE,151.13008,4.41
K05159.01,FALSE POSITIVE,440.65087204,
K05160.01,CANDIDATE,258.63797782,
K05161.01,FALSE POSITIVE,289.76961138,
K05162.01,CANDIDATE,628.15844,0.95
K05163.01,FALSE POSITIVE,273.223848,8.0
K05280.01,FALSE POSITIVE,0.650701055,281.62
K05281.01,CANDIDATE,263.90141,23.91
K05282.01,FALSE POSITIVE,59.742966,16.91
K05283.01,CANDIDATE,18.7821603,0.83
K05284.01,CANDIDATE,389.316341,27.61
K05285.01,FALSE POSITIVE,405.32064,1.34
K05286.01,FALSE POSITIVE,342.830882,10.76
K05287.01,CANDIDATE,3.98916186,28.1
K03494.01,CONFIRMED,42.8774169,2.67
K03508.01,CANDIDATE,190.800788,1.67
K03509.01,FALSE POSITIVE,2.97601892,164.46
K03781.01,FALSE POSITIVE,2.882424694,399.44
K03791.02,CONFIRMED,220.142913,5.94
K04920.01,FALSE POSITIVE,473.95103,3.32
K05038.01,FALSE POSITIVE,0.534109403,2.28
K05039.01,FALSE POSITIVE,168.77118,2825.04
K05040.01,CANDIDATE,29.6094263,2.87
K05041.01,FALSE POSITIVE,22.9138322,30.24
K05042.01,FALSE POSITIVE,538.36855,2.37
K05043.01,FALSE POSITIVE,65.5327181,1.79
K05044.01,CANDIDATE,161.537665,1.37
K05045.01,FALSE POSITIVE,1.018360336,107.0
K05164.01,CANDIDATE,209.967521,1.16
K05165.01,CANDIDATE,369.73011,1.66
K05166.01,FALSE POSITIVE,78.04064906,
K05167.01,FALSE POSITIVE,396.349253,2.39
K05168.01,FALSE POSITIVE,0.502807253,26.81
K05169.01,CANDIDATE,21.3684341,1.72
K05170.01,FALSE POSITIVE,149.526152,1.69
K05171.01,FALSE POSITIVE,2.845736321,402.16
K05288.01,CANDIDATE,29.5632952,1.9
K05289.01,CANDIDATE,181.81214,2.04
K05290.01,CANDIDATE,435.50635,2.06
K05291.01,CANDIDATE,525.560452,12.74
K05292.01,FALSE POSITIVE,43.60012467,
K05293.01,FALSE POSITIVE,1.710299164,57.97
K05294.01,FALSE POSITIVE,252.04444,2.49
K05295.01,FALSE POSITIVE,1.39508873,
K04921.01,CANDIDATE,95.688682,28.41
K04922.01,FALSE POSITIVE,153.521361,3.09
K04923.01,CANDIDATE,38.168652,1.4
K04924.01,FALSE POSITIVE,3.0031801,4.7
K04925.01,FALSE POSITIVE,2.96384168,43.7
K04926.01,CANDIDATE,69.089357,1.47
K04927.01,FALSE POSITIVE,43.142257,37.88
K04928.01,CONFIRMED,3.290304098,4.91
K05046.01,CANDIDATE,40.9882124,1.44
K05047.01,FALSE POSITIVE,326.70552,2.83
K05048.01,CANDIDATE,138.333748,6.28
K05049.01,FALSE POSITIVE,343.49816,1.27
K05050.01,FALSE POSITIVE,11.2582311,1.24
K05051.01,FALSE POSITIVE,139.54219147,
K05052.01,FALSE POSITIVE,155.046089,444.08
K05053.01,FALSE POSITIVE,14.3641542,0.98
K05172.01,FALSE POSITIVE,12.4276185,1.14
K05173.01,FALSE POSITIVE,12.427076,0.82
K05174.01,CANDIDATE,22.4932751,6.04
K05175.01,FALSE POSITIVE,315.502534,19.71
K05176.01,CANDIDATE,215.732414,1.26
K05177.01,FALSE POSITIVE,276.54167976,
K05178.01,CONFIRMED,4.13960513,1.24
K05296.01,FALSE POSITIVE,200.79976002,48.77
K05297.01,CANDIDATE,8.0906952,0.8
K05298.01,FALSE POSITIVE,1.195515364,156.91
K05299.01,FALSE POSITIVE,210.971635,2.04
K05300.01,CANDIDATE,188.954072,2.46
K05301.01,FALSE POSITIVE,42.02646,1.5
K05302.01,FALSE POSITIVE,372.04697,2.7
K05303.01,FALSE POSITIVE,438.81524,1.36
K04929.01,FALSE POSITIVE,18.622214,20.83
K04930.01,FALSE POSITIVE,27.8923345,2.1
K04931.01,CANDIDATE,579.81521,2.71
K04932.01,CANDIDATE,19.12788374,
K04933.01,FALSE POSITIVE,452.10093,2.08
K04934.01,FALSE POSITIVE,0.7906069,17.97
K04935.01,FALSE POSITIVE,24.5714867,3.04
K04936.01,FALSE POSITIVE,0.681137796,45.75
K05054.01,FALSE POSITIVE,3.722404453,144.2
K05055.01,FALSE POSITIVE,230.385488,10.13
K05056.01,FALSE POSITIVE,222.84909312,
K05057.01,CANDIDATE,493.74242,7.15
K05058.01,FALSE POSITIVE,1.714414962,116.92
K05059.01,FALSE POSITIVE,646.28789332,43.47
K05060.01,FALSE POSITIVE,290.438547,1.11
K05061.01,FALSE POSITIVE,0.766298172,15.64
K05179.01,FALSE POSITIVE,1.049468616,0.84
K05180.01,FALSE POSITIVE,2.362348096,89.55
K05181.01,FALSE POSITIVE,136.830243,17.22
K05182.01,FALSE POSITIVE,103.284757,1.96
K05183.01,FALSE POSITIVE,36.1904638,1.69
K05184.01,FALSE POSITIVE,419.75224,2.82
K05185.01,FALSE POSITIVE,419.95929,1.53
K05304.01,FALSE POSITIVE,206.309658,2.36
K05305.01,FALSE POSITIVE,8.46184728,4.92
K05306.01,FALSE POSITIVE,681.01756,1.69
K05307.01,FALSE POSITIVE,2.19509634,1.32
K05308.01,CANDIDATE,9.942228056,22.15
K05309.01,FALSE POSITIVE,141.00582791,
K05310.01,CANDIDATE,22.2903562,1.13
K05311.01,FALSE POSITIVE,73.9239955,1.64
K04937.01,FALSE POSITIVE,1.8437362,25.26
K04938.01,CANDIDATE,55.180772,2.37
K04939.01,FALSE POSITIVE,281.36926,56.94
K04940.01,CANDIDATE,84.6405853,1.72
K04941.01,FALSE POSITIVE,262.71162,3.69
K04942.01,FALSE POSITIVE,6.0353643,1.88
K04943.01,CANDIDATE,15.2024426,113.97
K04944.01,FALSE POSITIVE,1.52327807,22.88
K05062.01,FALSE POSITIVE,260.31119904,
K05063.01,FALSE POSITIVE,574.37064,3.11
K05064.01,FALSE POSITIVE,253.87706,1.81
K05065.01,FALSE POSITIVE,523.36921,17.45
K05066.01,CANDIDATE,110.089267,2.4
K05067.01,CANDIDATE,219.931324,2.3
K05068.01,CANDIDATE,385.29212,1.57
K05186.01,FALSE POSITIVE,80.292171,1.33
K05187.01,FALSE POSITIVE,1.049406508,27.45
K05188.01,CANDIDATE,455.195496,2.09
K05189.01,FALSE POSITIVE,3.58957045,2.49
K05190.01,FALSE POSITIVE,2.40435325,24.16
K05191.01,FALSE POSITIVE,37.078668,0.8
K05192.01,CANDIDATE,50.55398,0.94
K05193.01,FALSE POSITIVE,228.196872,1.42
K05328.01,FALSE POSITIVE,44.714450094,50.54
K05329.01,CANDIDATE,200.2350497,10.99
K05330.01,FALSE POSITIVE,40.8801539,0.92
K05331.01,CANDIDATE,31.5034587,1.17
K05332.01,CANDIDATE,22.2381062,1.09
K05333.01,CANDIDATE,20.5477769,1.67
K07855.01,FALSE POSITIVE,25.166806,2.72
K05334.01,FALSE POSITIVE,323.972022,2.96
K05335.01,FALSE POSITIVE,1.752562808,124.23
K04945.01,FALSE POSITIVE,45.5827119,2.42
K04946.01,FALSE POSITIVE,1.89140138,25.67
K04947.01,FALSE POSITIVE,6.70258007,403.01
K04948.01,FALSE POSITIVE,6.2095391,30.47
K07856.01,FALSE POSITIVE,363.17077,9.82
K04949.01,FALSE POSITIVE,615.16033,4.48
K04950.01,FALSE POSITIVE,1.89124738,1.2
K04951.01,FALSE POSITIVE,1.89125883,23.6
K05069.01,FALSE POSITIVE,362.1273,1.68
K05070.01,FALSE POSITIVE,353.36705,2.6
K05071.01,CANDIDATE,180.4118581,8.86
K05072.01,FALSE POSITIVE,4.750256809,12.35
K05073.01,FALSE POSITIVE,623.005238,66.64
K05074.01,FALSE POSITIVE,45.41810604,
K05075.01,FALSE POSITIVE,1.878877205,109.55
K05076.01,FALSE POSITIVE,0.938857507,1148.7
K05194.01,FALSE POSITIVE,287.46579664,
K05195.01,FALSE POSITIVE,32.245486,1.18
K05196.01,CANDIDATE,392.47291,5.46
K05197.01,FALSE POSITIVE,142.20400109,
K05198.01,FALSE POSITIVE,149.237142,2.22
K05199.01,FALSE POSITIVE,501.51698,1.99
K05200.01,FALSE POSITIVE,357.77096,1.42
K05201.01,FALSE POSITIVE,531.33282,2.67
K05312.01,FALSE POSITIVE,396.048721,13.52
K05313.01,FALSE POSITIVE,326.370361,22.6
K05314.01,FALSE POSITIVE,148.666527,6.81
K05315.01,FALSE POSITIVE,163.104677,2.58
K05316.01,FALSE POSITIVE,1.10656965,1.09
K05317.01,FALSE POSITIVE,46.270524872,35.98
K05318.01,FALSE POSITIVE,13.4256161,1.66
K05319.01,FALSE POSITIVE,590.44065,1.62
K04952.01,FALSE POSITIVE,28.88008607,
K04953.01,FALSE POSITIVE,2.858879267,515.07
K04954.01,FALSE POSITIVE,241.647602,1.88
K04955.01,FALSE POSITIVE,528.07962334,
K04956.01,FALSE POSITIVE,25.2218929,
K04957.01,FALSE POSITIVE,105.52127462,
K04958.01,CANDIDATE,581.729006,2.74
K04959.01,FALSE POSITIVE,420.92920358,62.76
K05077.01,FALSE POSITIVE,393.946106,18.07
K05078.01,FALSE POSITIVE,194.896925,8.98
K05079.01,CANDIDATE,56.001782,1.54
K05080.01,FALSE POSITIVE,471.95076253,
K05081.01,FALSE POSITIVE,101.928291,1.7
K05082.01,FALSE POSITIVE,379.63135,1.67
K05083.01,CANDIDATE,69.932459,8.25
K05084.01,CONFIRMED,287.377314,11.67
K05202.01,CANDIDATE,535.93723,1.83
K05203.01,FALSE POSITIVE,367.72767,1.96
K05204.01,FALSE POSITIVE,4.20601251,0.82
K05205.01,CANDIDATE,313.051405,2.91
K05206.01,FALSE POSITIVE,4.18236124,69.37
K05207.01,CANDIDATE,18.9828305,0.72
K05208.01,FALSE POSITIVE,186.59466,2.66
K05209.01,FALSE POSITIVE,7.87173698,0.54
K05320.01,CANDIDATE,357.437578,3.13
K05321.01,CANDIDATE,215.634356,1.92
K05322.01,CANDIDATE,30.928898,8.1
K05323.01,FALSE POSITIVE,7.155547398,48.93
K05324.01,CANDIDATE,293.392635,6.84
K05325.01,FALSE POSITIVE,63.024229,1.5
K05326.01,FALSE POSITIVE,506.771836,1.8
K05327.01,CANDIDATE,5.43361347,2.09
K04960.01,CANDIDATE,47.82278681,
K04961.01,CANDIDATE,348.96347,2.04
K04962.01,FALSE POSITIVE,57.1143966,1.82
K04963.01,CANDIDATE,59.4037839,1.65
K04964.01,FALSE POSITIVE,485.91276,3.61
K04965.01,FALSE POSITIVE,20.5311708,1.39
K04966.01,FALSE POSITIVE,2.31164074,39.73
K04967.01,CANDIDATE,43.581043,1.94
K05085.01,CANDIDATE,327.063,2.82
K05086.01,FALSE POSITIVE,21.92866538,65.97
K05087.01,CANDIDATE,651.07431,1.55
K05088.01,CANDIDATE,49.1782244,1.79
K05089.01,FALSE POSITIVE,545.54618,2.01
K05090.01,FALSE POSITIVE,1.928420823,79.4
K05091.01,FALSE POSITIVE,328.84846,2.23
K05092.01,CANDIDATE,271.790292,2.38
K05210.01,FALSE POSITIVE,125.95781975,
K05211.01,CANDIDATE,3.5645249,0.6
K05212.01,FALSE POSITIVE,426.34444,1.33
K05213.01,CANDIDATE,48.2455501,0.64
K05214.01,FALSE POSITIVE,256.846143,46743.4
K05215.01,FALSE POSITIVE,146.931518,2.89
K05216.01,CANDIDATE,377.311149,2.56
K05336.01,CANDIDATE,265.741374,3.24
K05337.01,CANDIDATE,470.65357,2.99
K05338.01,FALSE POSITIVE,309.19347,3.07
K05339.01,FALSE POSITIVE,1.541530919,115.49
K05340.01,FALSE POSITIVE,122.713036,1.79
K05341.01,CANDIDATE,15.18575582,2.26
K05342.01,FALSE POSITIVE,25.50236699,
K05343.01,FALSE POSITIVE,290.625016,2.86
K04968.01,FALSE POSITIVE,2.945414866,38.32
K04969.01,CANDIDATE,59.14382117,
K04970.01,FALSE POSITIVE,232.822285,48.88
K04971.01,FALSE POSITIVE,146.355097,0.82
K04972.01,CANDIDATE,26.092284,1.35
K04973.01,FALSE POSITIVE,0.523493764,1.82
K04974.01,FALSE POSITIVE,514.14221,2.98
K04975.01,CANDIDATE,47.0628978,4.1
K05093.01,FALSE POSITIVE,26.737139497,29.28
K05094.01,FALSE POSITIVE,310.61299,3.04
K05095.01,FALSE POSITIVE,461.1417,7.1
K05096.01,FALSE POSITIVE,0.987069622,2.43
K05097.01,FALSE POSITIVE,329.71491,1.39
K05098.01,CANDIDATE,100.345648,1.57
K05099.01,CANDIDATE,111.187116,1.51
K05100.01,FALSE POSITIVE,1.23708565,36.31
K05217.01,FALSE POSITIVE,498.24938,14.02
K05218.01,FALSE POSITIVE,1.573020098,31.6
K05219.01,CANDIDATE,27.765596,1.2
K05220.01,FALSE POSITIVE,1.534679933,18.39
K05221.01,FALSE POSITIVE,71.59889,4.49
K05222.01,CANDIDATE,367.6758,2.77
K05223.01,CANDIDATE,354.21154,8.41
K05224.01,CANDIDATE,171.028691,2.49
K04976.01,CANDIDATE,624.90338,2.77
K04977.01,CANDIDATE,25.5338535,1.18
K04978.01,CANDIDATE,339.18998,2.75
K04979.01,FALSE POSITIVE,77.66967809,
K04980.01,FALSE POSITIVE,2.976012511,79.99
K04981.01,CANDIDATE,349.73652,2.32
K04982.01,FALSE POSITIVE,1.606003121,360.08
K04983.01,FALSE POSITIVE,61.438007,14.79
K05101.01,CANDIDATE,436.18813,1.64
K05102.01,FALSE POSITIVE,147.863607,2.03
K05103.01,FALSE POSITIVE,586.91711807,
K05104.01,CANDIDATE,21.1579573,1.63
K05105.01,FALSE POSITIVE,19.545185,0.76
K05106.01,FALSE POSITIVE,215.044269,1.89
K05107.01,CANDIDATE,169.330666,16.68
K05108.01,FALSE POSITIVE,1.174683069,3.06
K05225.01,FALSE POSITIVE,33.2948005,1.46
K05226.01,CANDIDATE,249.35154,4.42
K05227.01,CANDIDATE,371.56492,1.89
K05228.01,CANDIDATE,546.53309,1.03
K05229.01,CANDIDATE,364.63189,2.06
K05230.01,CANDIDATE,330.738115,4.42
K05231.01,CANDIDATE,78.876125,2.03
K05232.01,FALSE POSITIVE,476.39752,1.82
K04984.01,FALSE POSITIVE,231.364508,2.45
K04985.01,FALSE POSITIVE,106.779168,1.94
K04986.01,CANDIDATE,444.04257,1.48
K04987.01,FALSE POSITIVE,12.5748872,1.03
K04988.01,FALSE POSITIVE,484.172005,2.38
K04989.01,FALSE POSITIVE,277.77499,2.48
K04990.01,FALSE POSITIVE,561.08191,1.93
K04991.01,CANDIDATE,211.330867,2.09
K05109.01,FALSE POSITIVE,28.615014,1.69
K05110.01,CANDIDATE,105.5904748,8.16
K05111.01,FALSE POSITIVE,3.017155419,38.71
K05112.01,FALSE POSITIVE,94.818136,
K05113.01,FALSE POSITIVE,52.6727624,1.64
K05114.01,FALSE POSITIVE,34.4886903,0.71
K05115.01,FALSE POSITIVE,2.6228301,70.62
K05116.01,FALSE POSITIVE,222.068928,29.97
K05233.01,FALSE POSITIVE,0.56493398,30.51
K05234.01,FALSE POSITIVE,246.12174,7233.87
K05235.01,FALSE POSITIVE,159.05846,1.54
K05236.01,CANDIDATE,550.86514,2.06
K05237.01,CANDIDATE,380.39474,1.84
K05238.01,FALSE POSITIVE,419.21314,5.06
K05239.01,FALSE POSITIVE,350.98474,1.97
K05240.01,FALSE POSITIVE,298.4688,11.33
K04992.01,CANDIDATE,12.5747207,1.45
K04993.01,FALSE POSITIVE,43.22793081,
K04994.01,FALSE POSITIVE,528.10984,0.77
K04995.01,FALSE POSITIVE,63.12379762,
K04996.01,FALSE POSITIVE,358.54455552,
K04997.01,FALSE POSITIVE,119.669671,2.21
K04998.01,FALSE POSITIVE,598.31791,1.27
K05117.01,CANDIDATE,33.3726538,1.95
K05118.01,FALSE POSITIVE,18.40783671,
K05119.01,CANDIDATE,143.163697,20.03
K05120.01,FALSE POSITIVE,250.4858,2.1
K05121.01,FALSE POSITIVE,401.38712,2.04
K05122.01,FALSE POSITIVE,49.312677,2.84
K05123.01,FALSE POSITIVE,288.94276,1.05
K05241.01,FALSE POSITIVE,273.6857427,37.15
K05242.01,FALSE POSITIVE,28.1117095,1.19
K05243.01,FALSE POSITIVE,17.745456135,116.14
K05244.01,FALSE POSITIVE,603.3102,2.6
K05245.01,CONFIRMED,7.20281185,3.06
K05246.01,FALSE POSITIVE,36.4772788,1.65
K05247.01,CANDIDATE,282.0309,3.22
K05248.01,CANDIDATE,179.25465,1.35
K04999.01,CANDIDATE,65.752109,2.0
K05000.01,FALSE POSITIVE,249.61377295,
K05001.01,CANDIDATE,59.9655175,1.92
K05002.01,FALSE POSITIVE,399.49671,1.39
K05003.01,CANDIDATE,112.951287,15.19
K05004.01,CANDIDATE,103.363691,2.0
K05005.01,FALSE POSITIVE,251.958533,1.4
K05124.01,CANDIDATE,276.879492,11.67
K05125.01,FALSE POSITIVE,389.169027,15.36
K05126.01,CANDIDATE,418.04355,13.73
K05127.01,FALSE POSITIVE,18.78970984,44.01
K05128.01,FALSE POSITIVE,0.915782856,32.86
K05129.01,FALSE POSITIVE,0.66882716,124.42
K05130.01,CANDIDATE,370.05918,1.9
K05131.01,FALSE POSITIVE,43.5428781,17.47
K05249.01,CANDIDATE,19.4534296,1.25
K05250.01,FALSE POSITIVE,3.72273683,0.52
K05251.01,FALSE POSITIVE,3.7229369,0.46
K05252.01,FALSE POSITIVE,1.80455062,0.65
K05253.01,FALSE POSITIVE,10.1955065,1.02
K05254.01,CANDIDATE,232.916142,1.2
K05255.01,FALSE POSITIVE,3.66115536,0.81
K00701.04,CONFIRMED,267.282521,1.43
K02045.03,CONFIRMED,16.9348104,1.31
K02150.02,CANDIDATE,44.7055876,72.59
K02422.02,CANDIDATE,57.3888262,1.88
K05006.01,CANDIDATE,126.51457638,
K05007.01,CANDIDATE,14.5168151,1.82
K05008.01,FALSE POSITIVE,225.43420422,
K05009.01,CANDIDATE,359.98653,1.76
K05010.01,FALSE POSITIVE,1.540399732,0.58
K05011.01,FALSE POSITIVE,1.540389045,32.54
K05012.01,FALSE POSITIVE,1.540393027,2.17
K05013.01,FALSE POSITIVE,0.888045184,2.04
K05132.01,FALSE POSITIVE,43.9311596,58.37
K05133.01,FALSE POSITIVE,494.62409,1.04
K05134.01,CANDIDATE,573.23826,6.93
K05135.01,CANDIDATE,314.765374,2.0
K05136.01,FALSE POSITIVE,110.75214125,
K05137.01,FALSE POSITIVE,121.1825045,
K05138.01,FALSE POSITIVE,78.60436061,34.8
K05139.01,FALSE POSITIVE,294.202469,2.61
K05256.01,FALSE POSITIVE,588.10504,1.77
K05257.01,FALSE POSITIVE,116.170346,1.68
K05258.01,FALSE POSITIVE,452.30053,2.29
K05259.01,FALSE POSITIVE,39.5931053,1.22
K05260.01,FALSE POSITIVE,1.55935718,1.39
K05261.01,FALSE POSITIVE,100.629443,1.75
K05262.01,CANDIDATE,438.98396,32.58
K05263.01,FALSE POSITIVE,273.169948,2.8
K02473.03,CONFIRMED,14.5123622,2.08
K03156.02,FALSE POSITIVE,1.434200327,44.76
K03156.03,FALSE POSITIVE,8.653098686,77.15
K03175.01,FALSE POSITIVE,2.302365255,63.06
K07857.01,FALSE POSITIVE,0.575445783,1.3
K03244.01,FALSE POSITIVE,214.715417,71.79
K03272.01,FALSE POSITIVE,23.0295222,20.81
K05014.01,FALSE POSITIVE,359.04147,27.1
K05015.01,FALSE POSITIVE,0.52363021,52.26
K05016.01,FALSE POSITIVE,0.523632451,1.08
K05017.01,FALSE POSITIVE,492.25299,1.8
K05018.01,FALSE POSITIVE,293.5056071,48.59
K05019.01,FALSE POSITIVE,25.95247,1.56
K05020.01,FALSE POSITIVE,4.34573349,0.86
K05021.01,CANDIDATE,288.07937,3.01
K05140.01,FALSE POSITIVE,484.58335927,
K05141.01,FALSE POSITIVE,288.285213,2.2
K05142.01,CANDIDATE,198.895864,3.33
K05143.01,FALSE POSITIVE,19.93826636,
K05144.01,FALSE POSITIVE,491.08027,1.86
K05145.01,FALSE POSITIVE,3.350209754,1447.13
K05146.01,FALSE POSITIVE,628.592314,6.99
K05147.01,FALSE POSITIVE,471.37787,1.31
K05264.01,CANDIDATE,52.69092296,
K05265.01,FALSE POSITIVE,425.22927,1.4
K05266.01,CANDIDATE,37.71508287,
K05267.01,CANDIDATE,5.1779065,2.93
K05268.01,CANDIDATE,474.22897,2.0
K05269.01,CANDIDATE,371.50631,2.88
K05270.01,FALSE POSITIVE,606.91488768,
K05271.01,FALSE POSITIVE,5.24331899,0.83
K03281.01,CONFIRMED,47.0320478,1.98
K03290.01,FALSE POSITIVE,10.31453308,29.6
K03317.01,FALSE POSITIVE,15.52861675,1.96
K03333.01,FALSE POSITIVE,53.501860974,55.23
K03359.01,FALSE POSITIVE,10.692230094,65.42
K07858.01,FALSE POSITIVE,1.60375114,0.82
K03364.01,FALSE POSITIVE,15.7397651,1.18
K05022.01,CANDIDATE,117.26808432,
K05023.01,FALSE POSITIVE,73.3377984,73.06
K05024.01,FALSE POSITIVE,282.159571,3.09
K05025.01,FALSE POSITIVE,6.58729511,58.09
K05026.01,FALSE POSITIVE,459.23193,2.64
K05027.01,CANDIDATE,62.312419,6.15
K05028.01,FALSE POSITIVE,25.9493253,1.04
K05029.01,FALSE POSITIVE,212.76701,1.08
K05646.01,FALSE POSITIVE,386.62189,1.44
K05647.01,FALSE POSITIVE,84.644104,34.61
K05648.01,FALSE POSITIVE,575.95408,2.92
K05649.01,CANDIDATE,426.942225,2.32
K05650.01,FALSE POSITIVE,117.844963,2.52
K05651.01,CANDIDATE,83.499618,1.72
K05652.01,CANDIDATE,91.507044,1.43
K05653.01,CANDIDATE,188.664098,2.02
K05772.01,CANDIDATE,75.636309,1.32
K05773.01,FALSE POSITIVE,24.614775,1.28
K05774.01,FALSE POSITIVE,1.21374744,96.19
K05775.01,CANDIDATE,492.23808,2.19
K05776.01,CANDIDATE,198.6004,4.6
K05777.01,FALSE POSITIVE,372.30881,2.09
K05778.01,FALSE POSITIVE,454.244158,2.93
K05779.01,FALSE POSITIVE,112.48226,1.37
K05400.01,FALSE POSITIVE,218.56734012,
K05401.01,FALSE POSITIVE,229.948531,1.09
K05402.01,FALSE POSITIVE,403.5637828,
K05403.01,FALSE POSITIVE,2.41172358,50.53
K05404.01,FALSE POSITIVE,92.9314146,
K05405.01,FALSE POSITIVE,103.22293786,
K05406.01,CANDIDATE,5.71966537,0.82
K05527.01,FALSE POSITIVE,209.06299275,72.26
K05528.01,CANDIDATE,201.621794,2.02
K05529.01,FALSE POSITIVE,70.335879746,29.56
K05530.01,FALSE POSITIVE,591.37382,2.2
K05531.01,FALSE POSITIVE,559.28332,2.54
K05532.01,CANDIDATE,24.6777128,6.04
K05533.01,CANDIDATE,113.05980069,
K05534.01,FALSE POSITIVE,136.355967,1.42
K05654.01,CANDIDATE,54.6957124,3.28
K05655.01,FALSE POSITIVE,532.9307,4.68
K05656.01,CANDIDATE,169.84787744,
K05657.01,CANDIDATE,284.699924,2.0
K05658.01,FALSE POSITIVE,171.69799,39.78
K05659.01,FALSE POSITIVE,444.89411,4.7
K05660.01,CANDIDATE,402.20969,10.03
K05661.01,FALSE POSITIVE,229.86928,9.57
K05780.01,FALSE POSITIVE,5.14108479,25.74
K05781.01,FALSE POSITIVE,179.27230765,
K05782.01,CANDIDATE,584.55603,6.69
K05783.01,FALSE POSITIVE,200.83849979,
K05784.01,FALSE POSITIVE,40.1043796,1.5
K05785.01,CANDIDATE,70.31252504,
K05786.01,FALSE POSITIVE,30.114681501,56.45
K05787.01,CANDIDATE,69.775633,1.19
K05407.01,CANDIDATE,58.5029431,1.54
K05408.01,CANDIDATE,415.748785,3.24
K05409.01,FALSE POSITIVE,36.1826854,56.41
K05410.01,CANDIDATE,24.1527864,0.97
K05411.01,CANDIDATE,11.1734401,1.4
K05412.01,FALSE POSITIVE,472.2265706,48.18
K05413.01,CANDIDATE,428.379308,2.0
K05414.01,FALSE POSITIVE,1.507099289,26.56
K05535.01,FALSE POSITIVE,253.652263,1169.79
K05536.01,CANDIDATE,392.72811,1.85
K05537.01,FALSE POSITIVE,128.66825288,
K05538.01,FALSE POSITIVE,485.57785,2.18
K05539.01,CANDIDATE,374.05697,2.34
K05540.01,FALSE POSITIVE,643.4528,2.03
K05541.01,CANDIDATE,339.633833,2.04
K05542.01,FALSE POSITIVE,1.061934307,18.7
K05662.01,FALSE POSITIVE,9.5497037,1.45
K05663.01,CANDIDATE,140.884533,1.52
K05664.01,FALSE POSITIVE,77.138911,3.39
K05665.01,CANDIDATE,100.494129,1.33
K05666.01,CANDIDATE,182.453195,1.26
K05667.01,FALSE POSITIVE,0.536551592,12.88
K05668.01,FALSE POSITIVE,68.54443156,
K05669.01,FALSE POSITIVE,130.110715,1.32
K05788.01,FALSE POSITIVE,242.484764,1.58
K05789.01,CANDIDATE,383.26217,1.57
K05790.01,CANDIDATE,178.266978,3.71
K05791.01,FALSE POSITIVE,385.593209,2.37
K05792.01,FALSE POSITIVE,215.737826,8.71
K05793.01,FALSE POSITIVE,507.48249,1.22
K05794.01,CANDIDATE,30.9771151,4.3
K05795.01,CANDIDATE,19.11280242,
K05415.01,FALSE POSITIVE,30.2111162,4.44
K05416.01,CONFIRMED,76.377855,6.28
K05417.01,FALSE POSITIVE,55.249007325,60.79
K05418.01,CANDIDATE,14.2673439,1.21
K05419.01,FALSE POSITIVE,22.52907,1.39
K05420.01,FALSE POSITIVE,66.247851,16.67
K05421.01,FALSE POSITIVE,370.91308,1.74
K05422.01,CANDIDATE,360.64485255,
K05543.01,FALSE POSITIVE,7.41505161,91.09
K05544.01,FALSE POSITIVE,2.742590902,176.4
K05545.01,CANDIDATE,541.04472,1.08
K05546.01,CANDIDATE,514.271499,3.01
K05547.01,CANDIDATE,571.14302,2.22
K05548.01,FALSE POSITIVE,216.453511,2.91
K05549.01,FALSE POSITIVE,37.0488669,
K05550.01,CANDIDATE,540.39267,3.63
K05670.01,FALSE POSITIVE,542.16158927,
K05671.01,CANDIDATE,190.905243,1.73
K05672.01,FALSE POSITIVE,11.0153889,65.27
K05673.01,FALSE POSITIVE,28.34230575,
K05674.01,FALSE POSITIVE,231.521608,1.96
K05675.01,FALSE POSITIVE,180.890384,2.47
K05676.01,FALSE POSITIVE,60.0546149,5.24
K05677.01,CANDIDATE,20.5142642,1.14
K05796.01,CANDIDATE,495.854189,2.41
K05797.01,FALSE POSITIVE,2.037453129,136.3
K05798.01,CANDIDATE,318.25858,2.03
K05799.01,CANDIDATE,184.883155,2.82
K05800.01,CANDIDATE,11.006795,1.34
K05801.01,CANDIDATE,177.37583,1.96
K05802.01,FALSE POSITIVE,35.164087,62.03
K05803.01,FALSE POSITIVE,107.11003503,
K05423.01,CANDIDATE,366.55705,2.63
K05424.01,FALSE POSITIVE,462.26052152,
K05425.01,CANDIDATE,39.42516213,
K05426.01,CANDIDATE,124.887214,1.78
K05427.01,FALSE POSITIVE,0.533000886,40.94
K05428.01,FALSE POSITIVE,200.35091012,
K05429.01,FALSE POSITIVE,114.32859485,
K05430.01,FALSE POSITIVE,99.97889,1.84
K05551.01,FALSE POSITIVE,374.71687,5.56
K05552.01,CANDIDATE,295.958914,2.1
K05553.01,CANDIDATE,120.938669,2.32
K05554.01,CANDIDATE,362.22202,0.96
K05555.01,FALSE POSITIVE,42.070868,1.82
K05556.01,CANDIDATE,631.99116,1.86
K05557.01,FALSE POSITIVE,401.73243,2.88
K05558.01,FALSE POSITIVE,428.1186,2.18
K05678.01,FALSE POSITIVE,37.3683802,10.58
K05679.01,FALSE POSITIVE,615.81928,1.24
K05680.01,CANDIDATE,557.92882,2.97
K05681.01,CANDIDATE,77.51257,28199.3
K05682.01,CANDIDATE,46.969389,7.45
K05683.01,FALSE POSITIVE,0.512581525,42.41
K05684.01,CANDIDATE,206.801125,24.34
K05685.01,CANDIDATE,14.0019064,17.96
K05804.01,FALSE POSITIVE,1.42796645,39.76
K05805.01,CANDIDATE,525.757041,11.07
K05806.01,CANDIDATE,313.82752,1.26
K05807.01,CANDIDATE,236.09799849,
K05808.01,FALSE POSITIVE,70.61977122,
K05809.01,FALSE POSITIVE,216.10910854,
K05810.01,CANDIDATE,425.593391,2.25
K05811.01,FALSE POSITIVE,44.51439331,
K05431.01,CANDIDATE,43.08410127,
K05432.01,FALSE POSITIVE,230.80401566,
K05433.01,CANDIDATE,237.819002,2.55
K05434.01,CANDIDATE,581.87357,2.96
K05435.01,CANDIDATE,15.9961296,1.71
K05436.01,FALSE POSITIVE,28.297207229,54.15
K05437.01,CANDIDATE,213.63312404,
K05438.01,FALSE POSITIVE,412.227551,21.53
K05559.01,FALSE POSITIVE,586.63177,1.18
K05560.01,FALSE POSITIVE,364.95068,3.69
K05561.01,FALSE POSITIVE,44.36123319,
K05562.01,FALSE POSITIVE,438.00974,0.73
K05563.01,CANDIDATE,7.62210397,3.8
K05564.01,FALSE POSITIVE,3.479508244,444.46
K05565.01,FALSE POSITIVE,406.29695,1.85
K05566.01,CANDIDATE,0.9886684,3.18
K05686.01,FALSE POSITIVE,3.34465934,1.17
K05687.01,FALSE POSITIVE,513.14417,1.3
K05688.01,CANDIDATE,14.5555096,2.03
K05689.01,CANDIDATE,114.12716,2.76
K05690.01,CANDIDATE,17.0497376,45.89
K05691.01,FALSE POSITIVE,13.0366377,2.23
K05692.01,CANDIDATE,2.64181261,0.59
K05828.01,FALSE POSITIVE,270.98477,11761.1
K05829.01,CANDIDATE,583.8531,1.97
K05830.01,CANDIDATE,72.782432,11.19
K05831.01,CANDIDATE,10.552241908,1.75
K05832.01,FALSE POSITIVE,2.74703312,61.97
K05833.01,CANDIDATE,440.171272,5.97
K05834.01,CANDIDATE,37.537859,1.77
K05835.01,CANDIDATE,474.96952,2.44
K05439.01,FALSE POSITIVE,0.864651455,0.69
K05440.01,CANDIDATE,74.624063,1.75
K05441.01,FALSE POSITIVE,25.4805211,1.25
K05442.01,FALSE POSITIVE,512.11636,1.47
K05443.01,FALSE POSITIVE,348.61891,2.4
K05444.01,FALSE POSITIVE,368.70839,2.87
K05445.01,FALSE POSITIVE,7.1091096,1.08
K05446.01,CANDIDATE,416.9504,7.35
K05567.01,FALSE POSITIVE,397.3958488,64.56
K05568.01,CONFIRMED,62.134919,6.71
K05569.01,FALSE POSITIVE,1.667482003,15.15
K05570.01,CANDIDATE,574.65297,2.28
K05571.01,FALSE POSITIVE,5.29730786,1.49
K05572.01,CANDIDATE,21.9578446,0.78
K05573.01,FALSE POSITIVE,77.395279,6.16
K05574.01,CANDIDATE,373.41509,2.55
K05693.01,FALSE POSITIVE,612.882452,2.42
K05694.01,CANDIDATE,107.904526,1.26
K05695.01,FALSE POSITIVE,11.03571773,70.42
K05696.01,FALSE POSITIVE,42.093314,2.19
K05697.01,FALSE POSITIVE,274.10859251,
K05698.01,CANDIDATE,282.029084,2.33
K05699.01,FALSE POSITIVE,339.18109,1.7
K05700.01,FALSE POSITIVE,3.55650976,283.93
K05812.01,CANDIDATE,3.1318392,1.5
K05813.01,FALSE POSITIVE,38.27772448,
K05814.01,FALSE POSITIVE,25.285232337,69.68
K05815.01,CANDIDATE,207.767894,3.52
K05816.01,CANDIDATE,82.508054,14.04
K05817.01,CANDIDATE,113.083522,1.59
K05818.01,FALSE POSITIVE,1.23138339,0.82
K05819.01,CANDIDATE,381.37504,1.24
K05447.01,FALSE POSITIVE,322.55663046,
K05448.01,FALSE POSITIVE,7.2269859,0.79
K05449.01,FALSE POSITIVE,0.762724045,41.02
K05450.01,FALSE POSITIVE,206.76425774,
K05451.01,CANDIDATE,529.39169,4.4
K05452.01,FALSE POSITIVE,362.49906,2.51
K05453.01,FALSE POSITIVE,190.65896,2.54
K05454.01,CONFIRMED,509.997402,2.62
K05575.01,FALSE POSITIVE,1.50650036,0.81
K05576.01,FALSE POSITIVE,194.48732212,
K05577.01,CANDIDATE,495.51899,2.94
K05578.01,CANDIDATE,388.048463,3.0
K05579.01,CANDIDATE,34.0269868,1.57
K05580.01,CANDIDATE,173.219879,2.41
K05581.01,CONFIRMED,374.878133,4.27
K05582.01,FALSE POSITIVE,5.2362026,75.83
K05701.01,FALSE POSITIVE,48.55059299,
K05702.01,CANDIDATE,511.882,2.56
K05703.01,FALSE POSITIVE,247.372131,2.47
K05704.01,CANDIDATE,96.16705,1.15
K05705.01,FALSE POSITIVE,95.254421,2.2
K05706.01,CONFIRMED,425.483539,3.2
K05707.01,CANDIDATE,208.800733,2.88
K05708.01,FALSE POSITIVE,7.863361238,22.7
K05820.01,FALSE POSITIVE,120.16983803,
K05821.01,CANDIDATE,113.71363032,
K05822.01,CANDIDATE,17.634272,1.69
K05823.01,FALSE POSITIVE,0.745086745,1.29
K05824.01,FALSE POSITIVE,247.47724314,
K05825.01,CANDIDATE,208.047137,2.05
K05826.01,CANDIDATE,30.561533,1.53
K05827.01,CONFIRMED,6.10968225,0.79
K05455.01,CANDIDATE,292.09809,2.09
K05456.01,FALSE POSITIVE,11.8045536,0.94
K05457.01,CANDIDATE,578.21623,3.54
K05458.01,CANDIDATE,56.648588,2.19
K05459.01,CANDIDATE,53.554546,3.1
K05460.01,FALSE POSITIVE,3.1748772,8.8
K05461.01,CANDIDATE,119.079642,17.89
K05462.01,FALSE POSITIVE,371.18648,2.06
K05583.01,CANDIDATE,20.5858591,1.31
K05584.01,FALSE POSITIVE,10.90962154,149.1
K05585.01,CANDIDATE,113.573945,3.45
K05586.01,FALSE POSITIVE,27.0779813,2.03
K05587.01,FALSE POSITIVE,1.827660875,42.1
K05588.01,CANDIDATE,542.91133,2.27
K05589.01,FALSE POSITIVE,376.554588,2.0
K05590.01,FALSE POSITIVE,538.4263,3.2
K05709.01,FALSE POSITIVE,94.20561159,
K05710.01,FALSE POSITIVE,378.70643955,
K05711.01,FALSE POSITIVE,78.4286313,85.77
K05712.01,CANDIDATE,287.75613,3.4
K05713.01,FALSE POSITIVE,2.53021,41.44
K05714.01,FALSE POSITIVE,2.249000963,59.61
K05715.01,CANDIDATE,189.961729,1.93
K05716.01,FALSE POSITIVE,121.62387378,
K05836.01,CANDIDATE,202.18722766,
K05837.01,CANDIDATE,280.92070688,
K05838.01,FALSE POSITIVE,432.074696,2.39
K05839.01,CANDIDATE,169.415073,2.32
K05840.01,FALSE POSITIVE,460.77905,4.24
K05841.01,FALSE POSITIVE,3.21318517,8.24
K05842.01,CANDIDATE,57.7749373,1.85
K05843.01,FALSE POSITIVE,331.78248134,
K05463.01,FALSE POSITIVE,1.20608769,44.46
K05464.01,FALSE POSITIVE,613.82905,2.85
K05465.01,FALSE POSITIVE,476.80454,1.12
K05466.01,CONFIRMED,4.09513876,1.75
K05467.01,CANDIDATE,502.8356901,
K05468.01,CANDIDATE,81.704814,1.65
K05469.01,FALSE POSITIVE,0.779615874,0.83
K05470.01,CANDIDATE,578.21805,2.44
K05591.01,CANDIDATE,317.009388,4.03
K05592.01,CANDIDATE,482.51701,2.3
K05593.01,FALSE POSITIVE,224.469892,2.35
K05594.01,FALSE POSITIVE,113.556471,6.76
K05595.01,FALSE POSITIVE,208.02789,1.04
K05596.01,FALSE POSITIVE,308.024953,3.55
K05597.01,CANDIDATE,7.77710639,0.73
K05717.01,FALSE POSITIVE,1.33261458,3.65
K05718.01,CANDIDATE,233.64574,5.2
K05719.01,CANDIDATE,27.285315,2.19
K05720.01,FALSE POSITIVE,105.895315,2.69
K05721.01,FALSE POSITIVE,61.224558,2.76
K05722.01,FALSE POSITIVE,28.507877538,27.79
K05723.01,FALSE POSITIVE,444.46522,30.17
K05724.01,FALSE POSITIVE,8.48039,1.23
K05344.01,CANDIDATE,445.351255,3.66
K05345.01,FALSE POSITIVE,72.0153825,6.94
K05346.01,FALSE POSITIVE,21.12752693,20.93
K05347.01,FALSE POSITIVE,23.9341825,1.03
K05348.01,FALSE POSITIVE,87.775799,2.44
K05349.01,FALSE POSITIVE,65.67350728,
K05350.01,FALSE POSITIVE,222.06409878,
K05351.01,FALSE POSITIVE,35.882272887,35.21
K05471.01,FALSE POSITIVE,8.780603773,52.34
K05472.01,CANDIDATE,97.5137491,5.27
K05473.01,CANDIDATE,549.42772,2.64
K05474.01,CANDIDATE,284.666844,8.98
K05475.01,CONFIRMED,224.150923,2.41
K05476.01,CANDIDATE,148.179343,2.52
K05477.01,FALSE POSITIVE,551.49832,4.89
K05478.01,FALSE POSITIVE,351.2878737,38.47
K05598.01,CANDIDATE,376.934014,2.13
K05599.01,FALSE POSITIVE,46.50446209,
K05600.01,CANDIDATE,17.168095,4.81
K05601.01,FALSE POSITIVE,124.091252,1.3
K05602.01,CANDIDATE,403.163148,2.49
K05603.01,CANDIDATE,341.557931,6.81
K05604.01,CANDIDATE,476.91977,2.49
K05605.01,CANDIDATE,9.011888,7.04
K05725.01,CANDIDATE,351.25069,2.23
K05726.01,FALSE POSITIVE,212.771978,2.84
K05727.01,CANDIDATE,65.3558881,2.61
K05728.01,FALSE POSITIVE,18.0766788,19.47
K05729.01,FALSE POSITIVE,1.33255577,0.97
K05730.01,FALSE POSITIVE,1.33259275,0.97
K05731.01,FALSE POSITIVE,36.6092739,52.42
K05732.01,CANDIDATE,39.399926,1.52
K05352.01,CANDIDATE,270.1430241,
K05353.01,FALSE POSITIVE,0.812592362,25.84
K05354.01,FALSE POSITIVE,81.871309,1.12
K05355.01,FALSE POSITIVE,0.566805859,1.25
K05356.01,FALSE POSITIVE,326.36595188,
K05357.01,FALSE POSITIVE,520.58269,1.94
K05358.01,CANDIDATE,126.586058,1.54
K05359.01,CANDIDATE,2.7200197,1.53
K05479.01,CANDIDATE,18.347081,5.65
K05480.01,CANDIDATE,57.140035,5.78
K05481.01,FALSE POSITIVE,0.718643659,50.85
K05482.01,CANDIDATE,31.707574649,2.96
K05483.01,FALSE POSITIVE,17.946328114,66.65
K05484.01,FALSE POSITIVE,204.818268,5.18
K05485.01,CANDIDATE,9.3589254,17.37
K05486.01,CANDIDATE,4.15472242,23.47
K05606.01,FALSE POSITIVE,23.81490574,63.1
K05607.01,FALSE POSITIVE,1.3274511,0.66
K05608.01,CANDIDATE,87.565484,2.12
K05609.01,CANDIDATE,535.1515,2.7
K05610.01,CANDIDATE,495.40462,152.21
K05611.01,FALSE POSITIVE,209.238576,1.43
K05612.01,CANDIDATE,353.65927,2.58
K05613.01,CANDIDATE,346.4174,2.41
K05733.01,FALSE POSITIVE,1.166835206,96.28
K05734.01,FALSE POSITIVE,230.70578883,
K05735.01,FALSE POSITIVE,4.99471597,2.2
K05736.01,CANDIDATE,161.651504,2.22
K05737.01,CANDIDATE,376.24253,1.32
K05738.01,FALSE POSITIVE,27.659607786,50.7
K05739.01,FALSE POSITIVE,476.727302,23.42
K05740.01,CANDIDATE,21.7997515,1.01
K05360.01,CANDIDATE,54.595746,2.0
K05361.01,FALSE POSITIVE,22.0495604,1.9
K05362.01,FALSE POSITIVE,150.70039392,
K05363.01,FALSE POSITIVE,44.48477463,
K05364.01,FALSE POSITIVE,93.6452481,
K05365.01,CANDIDATE,585.64118,2.2
K05366.01,FALSE POSITIVE,574.69029,1.26
K05367.01,CANDIDATE,502.98283916,
K05487.01,CANDIDATE,48.8130123,2.95
K05488.01,FALSE POSITIVE,280.1604956,19.25
K05489.01,FALSE POSITIVE,370.46262,2.03
K05490.01,FALSE POSITIVE,116.301793,2.18
K05491.01,FALSE POSITIVE,480.19416,1.79
K05492.01,FALSE POSITIVE,368.49828,1.86
K05493.01,FALSE POSITIVE,6.993576155,101.15
K05494.01,FALSE POSITIVE,223.52131732,
K05614.01,FALSE POSITIVE,1.811461128,373.77
K05615.01,FALSE POSITIVE,2.17491508,193.73
K05616.01,CANDIDATE,441.61919,1.71
K05617.01,FALSE POSITIVE,24.5002702,0.73
K05618.01,CANDIDATE,318.49078,3.01
K05619.01,FALSE POSITIVE,2.16402661,
K05620.01,FALSE POSITIVE,392.89275632,
K05621.01,FALSE POSITIVE,114.734287,1.1
K05741.01,CANDIDATE,362.0619,2.12
K05742.01,FALSE POSITIVE,1.340649911,127.25
K05743.01,FALSE POSITIVE,30.69537638,19.39
K05744.01,FALSE POSITIVE,30.69533113,69.4
K05745.01,CANDIDATE,11.374442708,22.86
K05746.01,FALSE POSITIVE,49.873958,1.5
K05747.01,CANDIDATE,411.447056,2.86
K05748.01,CANDIDATE,29.9371143,1.19
K05368.01,FALSE POSITIVE,114.25041494,
K05369.01,CANDIDATE,651.358046,14.58
K05370.01,FALSE POSITIVE,407.97623,4.63
K05371.01,CANDIDATE,33.3037881,1.14
K05372.01,CANDIDATE,212.60398,1.64
K05373.01,CANDIDATE,50.550788,5.0
K05374.01,FALSE POSITIVE,239.25578975,
K05375.01,CANDIDATE,285.374561,5.94
K05495.01,FALSE POSITIVE,6.279888981,196.78
K05496.01,FALSE POSITIVE,37.47695717,
K05497.01,CANDIDATE,93.359737,1.05
K05498.01,FALSE POSITIVE,519.80221867,40.88
K05499.01,CANDIDATE,122.58481,1.19
K05500.01,CANDIDATE,84.934357,1.6
K05501.01,FALSE POSITIVE,48.9200563,1.71
K05502.01,CANDIDATE,421.98194,2.02
K05622.01,CONFIRMED,469.61309,3.24
K05623.01,FALSE POSITIVE,583.73632,2.65
K05624.01,FALSE POSITIVE,502.658,0.69
K05625.01,CANDIDATE,116.454312,3.33
K05626.01,CANDIDATE,397.499229,6.57
K05627.01,FALSE POSITIVE,243.954706,1.35
K05628.01,CANDIDATE,24.9093027,1.32
K05629.01,CANDIDATE,192.138741,1.93
K05749.01,CANDIDATE,281.95332,2.31
K05750.01,FALSE POSITIVE,12.71368909,1.09
K05751.01,FALSE POSITIVE,25.26363805,
K05752.01,FALSE POSITIVE,1.391716834,36.19
K05753.01,FALSE POSITIVE,70.516233809,52.74
K05754.01,FALSE POSITIVE,2.645596805,167.05
K05755.01,CANDIDATE,388.67155,1.49
K05756.01,FALSE POSITIVE,105.6327297,
K05376.01,FALSE POSITIVE,274.553579,1.66
K05377.01,FALSE POSITIVE,251.02304011,
K05378.01,FALSE POSITIVE,1.80774253,5.29
K05379.01,CANDIDATE,520.655224,7.58
K05380.01,CANDIDATE,369.93355,3.24
K05381.01,FALSE POSITIVE,28.7369766,1.95
K05382.01,FALSE POSITIVE,2.45649061,14.14
K05383.01,FALSE POSITIVE,98.51783198,
K05503.01,FALSE POSITIVE,457.513348,25.18
K05504.01,FALSE POSITIVE,224.02589924,
K05505.01,FALSE POSITIVE,323.77153,1.44
K05506.01,CANDIDATE,641.60204,1.61
K05507.01,FALSE POSITIVE,40.0389613,0.95
K05508.01,FALSE POSITIVE,22.571972634,46.14
K05509.01,CANDIDATE,28.406342,1.41
K05510.01,FALSE POSITIVE,1.018861199,93.47
K05630.01,FALSE POSITIVE,80.519237,1.08
K05631.01,FALSE POSITIVE,149.356804,2.92
K05632.01,CANDIDATE,264.466625,2.61
K05633.01,CANDIDATE,151.77884,4.35
K05634.01,FALSE POSITIVE,50.47759052,
K05635.01,CANDIDATE,113.993156,2.23
K05636.01,FALSE POSITIVE,2.79123954,2.22
K05637.01,FALSE POSITIVE,223.31769215,
K05757.01,FALSE POSITIVE,44.637111,1.28
K05758.01,CANDIDATE,102.493119,2.7
K05759.01,CANDIDATE,284.94212784,
K05760.01,FALSE POSITIVE,365.620697,12.75
K05761.01,CANDIDATE,6.13292733,1.56
K05762.01,CANDIDATE,12.63063129,1.37
K05763.01,FALSE POSITIVE,191.272501,1.59
K05764.01,CANDIDATE,286.02266,2.03
K05384.01,CANDIDATE,7.95445779,9.5
K05385.01,CANDIDATE,331.70918,6815.75
K05386.01,FALSE POSITIVE,575.42002,1.91
K05387.01,CANDIDATE,297.78282,1.17
K05388.01,CANDIDATE,137.396194,3.38
K05389.01,CANDIDATE,365.739893,1.73
K05390.01,CANDIDATE,104.198102,5.13
K05391.01,FALSE POSITIVE,368.72715,1.55
K05511.01,CANDIDATE,74.833577,1.68
K05512.01,CANDIDATE,8.5852872,3.02
K05513.01,FALSE POSITIVE,100.303613,78.77
K05514.01,CANDIDATE,102.100752,2.63
K05515.01,CANDIDATE,6.263491873,6.46
K05516.01,FALSE POSITIVE,0.83620025,65.64
K05517.01,CANDIDATE,335.43143,7.12
K05518.01,CANDIDATE,558.21886,3.1
K05638.01,CANDIDATE,290.02002,1.56
K05639.01,CANDIDATE,279.21957,4.92
K05640.01,CANDIDATE,348.665961,9.56
K05641.01,FALSE POSITIVE,616.34132,2.11
K05642.01,CANDIDATE,222.28056,2.56
K05643.01,CANDIDATE,570.01886,1.62
K05644.01,CANDIDATE,378.93139106,
K05645.01,CANDIDATE,580.85326788,
K05765.01,FALSE POSITIVE,390.40832,0.63
K05766.01,FALSE POSITIVE,191.528018,1.32
K05767.01,FALSE POSITIVE,386.59946,1.89
K05768.01,FALSE POSITIVE,15.4032765,1.32
K05769.01,CANDIDATE,7.58062893,0.97
K05770.01,FALSE POSITIVE,61.0011095,2.55
K05771.01,FALSE POSITIVE,198.232389,2.28
K05392.01,FALSE POSITIVE,0.66062715,26.13
K05393.01,CANDIDATE,248.421771,18.92
K05394.01,FALSE POSITIVE,456.5734,7.88
K05395.01,FALSE POSITIVE,601.13797,1.81
K05396.01,FALSE POSITIVE,344.06248,5.26
K05397.01,FALSE POSITIVE,39.94344731,
K05398.01,CANDIDATE,551.22396,2.1
K05399.01,FALSE POSITIVE,466.90824,2.19
K05519.01,FALSE POSITIVE,361.30991,7.07
K05520.01,FALSE POSITIVE,199.4424134,56.11
K05521.01,FALSE POSITIVE,31.59115876,72.91
K05522.01,FALSE POSITIVE,356.99135,2.47
K05523.01,FALSE POSITIVE,96.120478,2.08
K05524.01,FALSE POSITIVE,9.63647672,2.02
K05525.01,FALSE POSITIVE,45.680876,14.5
K05526.01,FALSE POSITIVE,43.169798,1.47
K05897.01,CANDIDATE,395.94327,2.53
K05898.01,CANDIDATE,76.37924,1.73
K05899.01,CANDIDATE,58.669218,1.28
K05900.01,CANDIDATE,355.84731,1.68
K05901.01,CANDIDATE,61.611129,1.29
K05902.01,CANDIDATE,150.728285,1.27
K05903.01,CANDIDATE,253.790434,2.06
K05904.01,FALSE POSITIVE,322.544807,0.68
K05905.01,CANDIDATE,35.6606167,
K05906.01,FALSE POSITIVE,22.57494749,49.49
K05907.01,CANDIDATE,587.38162,36.77
K05908.01,FALSE POSITIVE,85.5692223,6.85
K05909.01,CANDIDATE,7.07987663,1.36
K05910.01,CANDIDATE,91.240335,1.75
K05911.01,CANDIDATE,357.41382,3.01
K05912.01,CANDIDATE,359.854745,2.25
K05913.01,CANDIDATE,89.366114,1.97
K05914.01,FALSE POSITIVE,422.255426,5.09
K05915.01,CANDIDATE,37.6259039,1.81
K05916.01,CANDIDATE,100.41475198,
K05917.01,CANDIDATE,41.9934673,1.56
K05918.01,CANDIDATE,94.67782,1.46
K05919.01,CANDIDATE,290.196139,2.35
K05920.01,FALSE POSITIVE,471.39698,1.87
K05921.01,CANDIDATE,175.452812,3.96
K05922.01,CANDIDATE,367.07446,2.15
K05923.01,CANDIDATE,366.684634,10.75
K05924.01,CANDIDATE,291.306507,2.49
K05925.01,CANDIDATE,93.006,1.97
K05926.01,CANDIDATE,26.46288074,
K05927.01,FALSE POSITIVE,436.42852,1.26
K05928.01,CANDIDATE,20.69920737,
K05929.01,CANDIDATE,466.002988,4.92
K05930.01,CANDIDATE,302.77571,1.0
K05931.01,CANDIDATE,115.19952922,
K05932.01,CANDIDATE,355.86134,2.79
K05933.01,CANDIDATE,236.506437,10.37
K05934.01,CANDIDATE,19.3854894,6.13
K05935.01,CANDIDATE,416.87893121,
K05936.01,CANDIDATE,48.38798413,
K05937.01,CANDIDATE,357.588538,3.53
K05938.01,CANDIDATE,545.205601,1.66
K05939.01,CANDIDATE,105.053389,1.52
K05940.01,CANDIDATE,24.7967294,3.14
K05941.01,CANDIDATE,44.7060191,60.47
K05942.01,CANDIDATE,125.277815,15.75
K05943.01,CANDIDATE,27.2020672,1.87
K05944.01,FALSE POSITIVE,64.713168094,62.03
K05945.01,CANDIDATE,40.7282314,4.58
K05946.01,CANDIDATE,183.38048452,
K05947.01,FALSE POSITIVE,1.036592136,293.01
K05948.01,CANDIDATE,398.51312,1.23
K05949.01,CANDIDATE,559.785594,1.88
K05950.01,CANDIDATE,109.43946,1.0
K05951.01,CANDIDATE,194.25835342,
K05952.01,CANDIDATE,164.507439,2.15
K05953.01,CANDIDATE,370.84786,4.03
K05954.01,CANDIDATE,73.908995,0.94
K05955.01,CANDIDATE,96.32561456,
K05956.01,CANDIDATE,212.646179,3.19
K05957.01,FALSE POSITIVE,371.54879,1.13
K05958.01,FALSE POSITIVE,226.499243,0.89
K05959.01,CANDIDATE,251.48808,1.74
K05960.01,CANDIDATE,32.4185265,1.62
K05961.01,CANDIDATE,19.159760875,25.24
K05962.01,FALSE POSITIVE,2.61594288,0.92
K05963.01,FALSE POSITIVE,1.686009643,1.81
K05964.01,CANDIDATE,32.033211,0.85
K05965.01,CANDIDATE,43.3975622,1.69
K05966.01,CANDIDATE,478.79185021,
K05844.01,FALSE POSITIVE,344.961485,1.61
K05845.01,CANDIDATE,22.2659599,1.18
K05846.01,CANDIDATE,199.064336,6.12
K05847.01,CANDIDATE,277.114286,17.56
K05848.01,CANDIDATE,323.159363,3.41
K05849.01,CANDIDATE,21.512259,1.13
K05850.01,CANDIDATE,303.226376,3.66
K05967.01,CANDIDATE,22.8631517,4.84
K05968.01,CANDIDATE,97.942437,2.29
K05969.01,FALSE POSITIVE,163.820347,2.59
K05970.01,FALSE POSITIVE,151.577009,3.67
K05971.01,CANDIDATE,493.30572,1.08
K05972.01,CANDIDATE,449.87203,2.59
K05973.01,CANDIDATE,419.93373,1.82
K05851.01,CANDIDATE,322.221973,2.18
K05852.01,CANDIDATE,235.413973,3.2
K05853.01,CANDIDATE,366.68293,3.15
K05854.01,CANDIDATE,240.57135,2.93
K05855.01,CANDIDATE,217.792748,6.15
K05856.01,CONFIRMED,259.34304,6.04
K05857.01,CANDIDATE,388.03884851,
K05858.01,FALSE POSITIVE,8.34410791,1.75
K05974.01,CANDIDATE,4.76815507,0.49
K05975.01,FALSE POSITIVE,545.45623972,
K05976.01,FALSE POSITIVE,2.709570339,223.75
K05977.01,CANDIDATE,49.49059818,
K05978.01,CANDIDATE,364.18129,1.78
K05979.01,CANDIDATE,37.7935113,0.89
K05980.01,FALSE POSITIVE,0.855294909,49.03
K05981.01,FALSE POSITIVE,350.609298,3.88
K05859.01,CANDIDATE,172.621943,26.09
K05860.01,CANDIDATE,264.708077,6.17
K05861.01,FALSE POSITIVE,452.40428,1.58
K05862.01,FALSE POSITIVE,0.699985822,46.27
K05863.01,CANDIDATE,8.67237968,0.87
K05864.01,CANDIDATE,35.9216912,1.38
K05865.01,FALSE POSITIVE,35.8726918,62.51
K05866.01,CANDIDATE,102.300622,35.36
K05867.01,CANDIDATE,359.8455,14.76
K05868.01,CANDIDATE,22.7783121,1.89
K05869.01,CANDIDATE,114.406187,2.42
K05870.01,CANDIDATE,132.114,0.75
K05871.01,CANDIDATE,623.2344,2.04
K05872.01,CANDIDATE,46.16051579,
K05873.01,CANDIDATE,217.170081,109061.0
K05874.01,CANDIDATE,287.33114,2.07
K05875.01,CONFIRMED,9.8788502,2.64
K05876.01,CANDIDATE,189.456089,2.2
K05877.01,CANDIDATE,230.358183,2.87
K05878.01,CANDIDATE,211.54114,1.88
K05879.01,CANDIDATE,88.523517,1.6
K05880.01,FALSE POSITIVE,386.22400908,
K05881.01,CANDIDATE,134.35872,1.27
K05882.01,CANDIDATE,55.01469183,
K05883.01,CANDIDATE,198.781156,1.69
K05884.01,FALSE POSITIVE,588.63759,1.52
K05885.01,CANDIDATE,111.149082,1.87
K05886.01,CANDIDATE,284.87177,1.84
K05887.01,FALSE POSITIVE,9.8338474,0.98
K05888.01,CANDIDATE,190.860818,1.84
K05889.01,CANDIDATE,374.41813,2.42
K05890.01,CANDIDATE,263.30198,2.19
K05891.01,CANDIDATE,370.31761,2.98
K05892.01,CANDIDATE,37.959659,1.41
K05893.01,CANDIDATE,405.6296,1.4
K05894.01,FALSE POSITIVE,1.080695116,155.22
K05895.01,CANDIDATE,11.8307724,1.16
K05896.01,CANDIDATE,434.28175,1.94
K06178.02,CANDIDATE,33.814176,1.49
K06179.01,CANDIDATE,16.2957847,2.13
K06180.01,CANDIDATE,28.201998,
K06180.02,CANDIDATE,58.92565,1.5
K06181.01,FALSE POSITIVE,24.0733775,27.78
K06182.01,CANDIDATE,19.2405821,1.19
K01608.03,CONFIRMED,232.040326,2.05
K06182.02,CANDIDATE,28.684308,1.35
K00492.02,CANDIDATE,265.29617,2.99
K03410.02,CONFIRMED,61.569765,2.44
K03440.02,CANDIDATE,58.940569,2.48
K03444.04,CANDIDATE,14.1502311,0.74
K03456.02,CANDIDATE,486.12702,1.18
K03479.02,FALSE POSITIVE,1.71029474,1.04
K03503.02,CONFIRMED,31.8245304,0.8
K03504.02,CANDIDATE,140.24408749,
K04568.02,CANDIDATE,48.04066636,
K04647.02,CANDIDATE,12.008552,2.08
K04657.02,CANDIDATE,10.4314847,0.77
K04895.02,CANDIDATE,47.5571352,1.85
K05982.01,FALSE POSITIVE,1.838514245,57.6
K05983.01,FALSE POSITIVE,8.412008943,50.83
K05984.01,FALSE POSITIVE,3.912679136,1794.2
K05985.01,FALSE POSITIVE,7.544804312,63.99
K06093.02,CANDIDATE,27.2497521,4.49
K06094.01,FALSE POSITIVE,2.283466438,218.79
K06095.01,FALSE POSITIVE,0.692807507,46.44
K06096.01,FALSE POSITIVE,17.279290765,27.66
K01015.03,CANDIDATE,16.9972894,3.14
K06097.01,CANDIDATE,93.05654364,
K06097.02,CANDIDATE,88.433122,1.7
K06097.03,CANDIDATE,282.34315,2.35
K06183.01,FALSE POSITIVE,4.326946311,106.99
K06184.01,FALSE POSITIVE,527.29093,1.3
K06185.01,FALSE POSITIVE,168.858303,2.41
K06186.01,CONFIRMED,5.34264143,1.72
K06187.01,FALSE POSITIVE,19.38444245,28.3
K06188.01,CANDIDATE,1.645319649,2.46
K06189.01,FALSE POSITIVE,2.179924994,60.99
K06190.01,FALSE POSITIVE,10.135401047,89.16
K03748.02,FALSE POSITIVE,2.02487934,1.0
K03878.02,CANDIDATE,15.3573445,1.42
K03954.02,CONFIRMED,5.71668787,1.92
K00520.04,CONFIRMED,51.1658019,1.51
K03956.02,FALSE POSITIVE,12.4249559,0.88
K04000.02,FALSE POSITIVE,12.427135,1.05
K04009.02,CANDIDATE,77.792718,2.17
K04030.02,CANDIDATE,163.51489847,
K05986.01,FALSE POSITIVE,1.946198513,52.58
K05987.01,CANDIDATE,5.288547653,55.28
K00600.02,CANDIDATE,294.055263,2.8
K05988.01,FALSE POSITIVE,30.4838006,23.87
K05989.01,FALSE POSITIVE,5.7584367,66.22
K05990.01,FALSE POSITIVE,25.9522913,2.03
K05991.01,FALSE POSITIVE,8.58599537,39.03
K05992.01,FALSE POSITIVE,9.892240848,40.38
K06097.04,CANDIDATE,126.505657,1.51
K06098.01,FALSE POSITIVE,1.129848432,120.13
K06099.01,FALSE POSITIVE,7.244778994,25.68
K06099.02,FALSE POSITIVE,110.1552727,
K06100.01,FALSE POSITIVE,0.730964241,0.99
K06100.02,CANDIDATE,117.684591,1.52
K06101.01,FALSE POSITIVE,17.734020239,93.52
K01053.02,CANDIDATE,46.245164,2.46
K06191.01,CANDIDATE,9.7043379,1.19
K01616.02,CANDIDATE,34.775371,0.67
K07859.01,CANDIDATE,0.306702491,0.93
K06191.02,CANDIDATE,12.7713826,1.26
K06192.01,FALSE POSITIVE,0.829019343,90.08
K06193.01,FALSE POSITIVE,1.1080999,124.19
K06194.01,CANDIDATE,42.294739,140.14
K06194.02,FALSE POSITIVE,215.778765,14.71
K06195.01,CANDIDATE,1.444486083,1.73
K04032.03,CONFIRMED,5.99273265,0.91
K04032.04,CONFIRMED,5.10110666,0.85
K04034.02,CANDIDATE,11.6089351,46.44
K04046.02,FALSE POSITIVE,94.22498,1.84
K04103.02,CANDIDATE,14.2378417,1.1
K04131.02,FALSE POSITIVE,241.0122,4.41
K00521.02,CANDIDATE,10.8206034,1.19
K04181.02,FALSE POSITIVE,164.689421,2.24
K05993.01,FALSE POSITIVE,4.264729569,29.95
K05994.01,FALSE POSITIVE,4.804469712,30.97
K05995.01,FALSE POSITIVE,6.150529292,49.79
K05996.01,FALSE POSITIVE,4.944927575,19.43
K05997.01,FALSE POSITIVE,4.442517008,26.08
K00649.02,CANDIDATE,10.2090268,0.92
K05998.01,FALSE POSITIVE,62.7356439,90.12
K05999.01,FALSE POSITIVE,7.035518449,24.91
K06102.01,CANDIDATE,54.2916336,1.67
K06103.01,CONFIRMED,453.54212,9.23
K07860.01,FALSE POSITIVE,0.579516759,0.6
K06103.02,CANDIDATE,122.8054416,118.62
K06104.01,FALSE POSITIVE,16.2480865,2.38
K06104.02,FALSE POSITIVE,466.9407,2.9
K06105.01,FALSE POSITIVE,289.788624,5.51
K06106.01,FALSE POSITIVE,55.00402906,
K06107.01,FALSE POSITIVE,2.873657901,110.29
K06196.01,FALSE POSITIVE,1.680425996,102.31
K06197.01,FALSE POSITIVE,0.53345831,
K06198.01,FALSE POSITIVE,20.686460198,184.22
K06199.01,FALSE POSITIVE,131.68018,5.96
K01628.03,CANDIDATE,37.8404232,1.76
K06200.01,FALSE POSITIVE,200.762693,15056.9
K06201.01,FALSE POSITIVE,1.123258617,150.94
K06202.01,CANDIDATE,47.25643291,
K04192.02,CANDIDATE,32.0273169,1.14
K04246.02,CANDIDATE,8.75630628,1.12
K04287.02,CANDIDATE,9.6183111,0.85
K04323.02,FALSE POSITIVE,12.4250319,0.89
K04385.02,CONFIRMED,386.370512,2.96
K07865.01,CANDIDATE,0.518060209,61.49
K04385.03,CANDIDATE,17.3695112,1.45
K04435.02,CANDIDATE,17.8693759,0.81
K04541.02,CANDIDATE,17.236085,1.98
K06000.01,FALSE POSITIVE,12.4297161,1.26
K06001.01,FALSE POSITIVE,12.4288476,1.12
K06002.01,FALSE POSITIVE,12.4258252,1.27
K07872.01,FALSE POSITIVE,153.725848,259.36
K06003.01,FALSE POSITIVE,12.4257907,1.27
K06004.01,FALSE POSITIVE,12.4253356,2.02
K06005.01,FALSE POSITIVE,12.4254201,0.84
K06006.01,FALSE POSITIVE,12.424995,2.06
K06007.01,FALSE POSITIVE,12.4227918,1.44
K06108.01,CANDIDATE,485.92297,1.07
K06109.01,FALSE POSITIVE,22.913446297,81.61
K01082.04,CANDIDATE,9.6550473,1.45
K06109.02,FALSE POSITIVE,10.0046881,1.9
K06110.01,FALSE POSITIVE,8.65315602,1.37
K06111.01,CANDIDATE,228.65412,3.63
K06112.01,FALSE POSITIVE,2.243015737,92.34
K06113.01,FALSE POSITIVE,4.694218481,35.81
K06203.01,FALSE POSITIVE,0.87683182,
K06204.01,FALSE POSITIVE,0.953734449,47.65
K06205.01,FALSE POSITIVE,2.073873563,274.78
K06206.01,FALSE POSITIVE,15.713787218,27.64
K06207.01,FALSE POSITIVE,7.964440392,18.98
K07866.01,FALSE POSITIVE,0.518071538,42.1
K06208.01,FALSE POSITIVE,2.151214629,14.54
K06209.01,CANDIDATE,12.7143635,2.2
K01839.02,CANDIDATE,80.4103783,4.93
K07873.01,CANDIDATE,1.93188768,0.57
K00651.02,FALSE POSITIVE,320.18471858,
K06008.01,FALSE POSITIVE,12.426469,1.66
K06009.01,FALSE POSITIVE,12.4262889,1.23
K06010.01,FALSE POSITIVE,12.424747,1.35
K06011.01,FALSE POSITIVE,12.4255705,1.37
K06012.01,FALSE POSITIVE,12.426173,2.67
K06013.01,FALSE POSITIVE,12.4244306,1.59
K06014.01,FALSE POSITIVE,6.71738328,37.65
K06114.01,FALSE POSITIVE,24.955998503,36.91
K07863.01,CANDIDATE,5.2449156,0.52
K06115.01,CANDIDATE,168.66934782,
K06116.01,FALSE POSITIVE,4.426942241,5.43
K06118.01,CANDIDATE,571.280892,3.65
K06118.02,CANDIDATE,4.66185924,1.16
K01250.02,CANDIDATE,1.213672208,697.14
K06119.01,FALSE POSITIVE,3.454241684,75.11
K06120.01,CANDIDATE,90.097375,1.7
K06209.02,CANDIDATE,7.72966941,2.1
K06210.01,CANDIDATE,51.85656556,
K06211.01,FALSE POSITIVE,1.457256942,98.16
K06212.01,FALSE POSITIVE,10.818248422,11.71
K06213.01,FALSE POSITIVE,2.559236603,37.66
K06214.01,FALSE POSITIVE,281.35877,4.22
K06214.02,CANDIDATE,154.536881,4.1
K06215.01,FALSE POSITIVE,462.12345,1.9
K03283.03,CANDIDATE,87.707513,1.72
K03741.03,CONFIRMED,5.1117547,2.81
K03741.04,CONFIRMED,9.6310258,2.9
K04260.02,FALSE POSITIVE,101.889228,1.43
K04396.04,CANDIDATE,437.51586139,
K04777.02,FALSE POSITIVE,48.5023669,906.03
K04781.02,FALSE POSITIVE,524.14139,1.88
K04913.02,CANDIDATE,8.97377221,2.96
K06015.01,FALSE POSITIVE,41.86539723,31.14
K06016.01,FALSE POSITIVE,4.553370029,25.84
K06017.01,FALSE POSITIVE,5.262652179,35.99
K00736.03,FALSE POSITIVE,345.98207283,
K06018.01,FALSE POSITIVE,16.621853404,22.32
K06019.01,FALSE POSITIVE,19.741616041,82.98
K06020.01,FALSE POSITIVE,5.455766383,28.2
K06021.01,FALSE POSITIVE,22.44620704,58.2
K06120.02,CANDIDATE,205.41415,1.67
K06121.01,FALSE POSITIVE,1.237147407,106.18
K06122.01,FALSE POSITIVE,1.28619671,1.27
K06123.01,FALSE POSITIVE,2.649026189,32.7
K06124.01,FALSE POSITIVE,6.932281325,90.57
K06125.01,FALSE POSITIVE,2.151384476,66.2
K07874.01,FALSE POSITIVE,0.562273947,0.73
K06126.01,FALSE POSITIVE,17.4352218,67.91
K06127.01,CANDIDATE,114.27173902,
K06216.01,CANDIDATE,26.40805532,
K06216.02,CANDIDATE,46.07931317,
K01860.04,CANDIDATE,24.8434837,1.58
K06217.01,CANDIDATE,7.7016694,4.44
K06218.01,FALSE POSITIVE,117.634213,3.78
K06219.01,FALSE POSITIVE,21.025447023,135.84
K06220.01,FALSE POSITIVE,0.933753371,1.44
K06221.01,FALSE POSITIVE,1.72153588,12.89
K04567.02,CANDIDATE,4.67250377,1.11
K06022.01,FALSE POSITIVE,2.765621941,34.42
K06023.01,FALSE POSITIVE,3.664964374,30.98
K06024.01,FALSE POSITIVE,6.8072842,31.15
K06025.01,FALSE POSITIVE,2.136577151,43.89
K06026.01,FALSE POSITIVE,2.638432816,49.77
K06027.01,FALSE POSITIVE,11.991000357,78.78
K00744.02,FALSE POSITIVE,2.03746414,1.12
K06028.01,FALSE POSITIVE,37.80694072,72.01
K07875.01,CANDIDATE,21.9711574,1.32
K01310.02,CANDIDATE,144.688915,3.33
K06128.01,FALSE POSITIVE,12.42555055,3.79
K06129.01,FALSE POSITIVE,12.42592247,79.21
K06130.01,CANDIDATE,1.54287434,1.05
K06131.01,FALSE POSITIVE,12.4237327,1.12
K06131.02,FALSE POSITIVE,94.38163,2.04
K06132.01,CANDIDATE,33.3200908,13.0
K06132.02,CONFIRMED,7.5844241,5.83
K06222.01,FALSE POSITIVE,210.899577,4.85
K06223.01,FALSE POSITIVE,3.103730697,75.28
K06224.01,CANDIDATE,91.20573037,
K06224.02,FALSE POSITIVE,253.40538,2.69
K06225.01,FALSE POSITIVE,5.110771787,26.98
K01996.02,CANDIDATE,7.07394528,0.84
K06226.01,FALSE POSITIVE,1.463773705,21.79
K06227.01,FALSE POSITIVE,4.46255312,52.74
K00099.02,FALSE POSITIVE,79.87804945,
K00750.03,CANDIDATE,14.516741,1.45
K03283.02,CANDIDATE,20.5718107,1.34
K06029.01,FALSE POSITIVE,3.026764871,26.36
K06030.01,FALSE POSITIVE,3.840130917,33.44
K06031.01,FALSE POSITIVE,5.554227226,31.71
K06032.01,FALSE POSITIVE,1.570919281,59.12
K06033.01,FALSE POSITIVE,35.08976902,33.1
K06034.01,FALSE POSITIVE,5.233450136,70.33
K06035.01,FALSE POSITIVE,3.6037011,66.94
K06036.01,FALSE POSITIVE,3.518356021,64.49
K06132.03,CANDIDATE,11.867172,4.03
K06133.01,FALSE POSITIVE,2.6160943,0.81
K06134.01,FALSE POSITIVE,2.404386969,79.72
K01319.02,CANDIDATE,142.685885,2.76
K06135.01,FALSE POSITIVE,4.390513938,41.83
K06136.01,FALSE POSITIVE,3.86963822,
K06137.01,CANDIDATE,12.4970599,1.44
K06137.02,FALSE POSITIVE,7.384681,1.22
K06228.01,CONFIRMED,21.0907909,1.88
K06229.01,FALSE POSITIVE,3.371796653,306.28
K06230.01,FALSE POSITIVE,1.927177921,28.94
K07867.01,FALSE POSITIVE,0.575925434,38.24
K06231.01,FALSE POSITIVE,496.17566,3.46
K06232.01,FALSE POSITIVE,6.256352128,30.76
K06233.01,CONFIRMED,16.17803,2.25
K06234.01,FALSE POSITIVE,2.37795507,92.61
K06235.01,FALSE POSITIVE,2.053866175,158.25
K00750.04,FALSE POSITIVE,36.5521313,0.9
K00983.02,FALSE POSITIVE,5.177577252,73.82
K00989.04,FALSE POSITIVE,4.08029328,2.92
K02311.03,CONFIRMED,104.3519624,1.39
K02433.06,CANDIDATE,6.06330298,1.64
K02433.07,CANDIDATE,86.431871,2.85
K02533.03,CANDIDATE,26.1152887,2.38
K07861.01,FALSE POSITIVE,469.52303,2.1
K02768.03,FALSE POSITIVE,11.83271013,1.17
K06037.01,FALSE POSITIVE,32.669962587,1.37
K00841.04,CANDIDATE,269.306232,24.0
K06038.01,FALSE POSITIVE,19.93364711,75.88
K06039.01,FALSE POSITIVE,1.071911311,40.32
K06040.01,FALSE POSITIVE,18.019651402,31.77
K07864.01,FALSE POSITIVE,117.934158,3.76
K06041.01,FALSE POSITIVE,4.032762189,35.22
K06042.01,FALSE POSITIVE,2.371589507,88.22
K06043.01,FALSE POSITIVE,5.09112124,3.58
K06138.01,FALSE POSITIVE,4.206070484,172.66
K06139.01,FALSE POSITIVE,0.905677864,325.51
K06141.01,CANDIDATE,96.509214,860.3
K06142.01,CANDIDATE,69.64679311,
K06142.02,CANDIDATE,111.65546,2121.0
K06142.03,CANDIDATE,86.13201864,
K01330.02,FALSE POSITIVE,94.219289,2.15
K06143.01,FALSE POSITIVE,297.113395,5.37
K02012.02,CONFIRMED,180.921729,2.3
K06236.01,FALSE POSITIVE,4.478116695,38.85
K07876.01,FALSE POSITIVE,0.579108481,0.42
K06236.02,FALSE POSITIVE,1.27620899,1.46
K06237.01,FALSE POSITIVE,528.50344,2.2
K06237.02,CANDIDATE,47.14404783,
K06238.01,CANDIDATE,197.05431574,
K06239.01,CANDIDATE,406.496216,1.77
K06239.02,CANDIDATE,491.61516814,
K06044.01,FALSE POSITIVE,2.027383251,31.12
K06045.01,FALSE POSITIVE,10.73370737,18.7
K06046.01,FALSE POSITIVE,9.449438672,60.59
K06047.01,FALSE POSITIVE,8.752913958,119.91
K00841.05,CANDIDATE,499.47338,3.71
K06048.01,FALSE POSITIVE,1.985586627,105.22
K06049.01,FALSE POSITIVE,16.579028045,49.01
K07868.01,FALSE POSITIVE,513.42784,14.87
K06050.01,FALSE POSITIVE,2.064900876,38.19
K06144.01,FALSE POSITIVE,9.751720174,182.09
K06145.01,CONFIRMED,19.672324,4.07
K06145.02,CONFIRMED,32.657035,3.73
K06145.03,CANDIDATE,7.3138454,2.73
K06146.01,FALSE POSITIVE,4.592401261,52.18
K07877.01,FALSE POSITIVE,6.70995253,1.1
K06147.01,FALSE POSITIVE,5.776794344,129.2
K06148.01,FALSE POSITIVE,23.19923256,
K06149.01,FALSE POSITIVE,0.503199724,1.06
K06240.01,FALSE POSITIVE,4.768540307,1.84
K06241.01,FALSE POSITIVE,73.91858615,89.96
K06242.01,CANDIDATE,212.43503674,
K00353.03,CANDIDATE,11.1619384,1.97
K07862.01,FALSE POSITIVE,2.38793696,25.56
K02081.02,FALSE POSITIVE,589.17968,4.91
K06242.02,CANDIDATE,76.83994597,
K06242.03,CANDIDATE,78.86684,1.3
K06243.01,FALSE POSITIVE,4.618767943,32.36
K06051.01,FALSE POSITIVE,3.60727417,221.55
K06052.01,FALSE POSITIVE,2.565717939,180.8
K06053.01,FALSE POSITIVE,22.05274533,32.56
K06054.01,FALSE POSITIVE,2.881338104,31.58
K06055.01,FALSE POSITIVE,4.078355243,16.73
K06056.01,FALSE POSITIVE,7.73590441,21.3
K06057.01,FALSE POSITIVE,3.530164642,35.71
K00896.03,CANDIDATE,28.8672107,1.51
K06150.01,CANDIDATE,48.9528113,
K01334.02,FALSE POSITIVE,94.225938,1.93
K06151.01,CANDIDATE,431.78556,1.36
K06152.01,FALSE POSITIVE,395.07333,230.33
K06153.01,FALSE POSITIVE,1.51918335,128.17
K06154.01,FALSE POSITIVE,13.59940118,
K06155.01,FALSE POSITIVE,2.745910734,61.16
K06156.01,FALSE POSITIVE,1.608363345,19.36
K06244.01,FALSE POSITIVE,5.746017234,29.32
K06245.01,CANDIDATE,144.102562,1.67
K06245.02,CANDIDATE,112.317402,1.77
K06246.01,CANDIDATE,9.13315062,1.48
K06247.01,FALSE POSITIVE,3.963787093,28.11
K06248.01,FALSE POSITIVE,1.759208679,66.06
K06249.01,FALSE POSITIVE,1.6031794,
K02086.04,CANDIDATE,335.56311,1.83
K06058.01,FALSE POSITIVE,6.496031958,32.33
K06059.01,FALSE POSITIVE,4.012537983,9.96
K06060.01,FALSE POSITIVE,1.594162001,26.11
K06061.01,FALSE POSITIVE,10.238939876,22.09
K06062.01,FALSE POSITIVE,5.499941387,23.34
K06063.01,FALSE POSITIVE,8.667826242,37.51
K06064.01,FALSE POSITIVE,265.2996227,33.81
K06065.01,FALSE POSITIVE,265.2999623,25.56
K06157.01,FALSE POSITIVE,98.1020983,1.97
K06158.01,FALSE POSITIVE,182.467019,3.73
K06158.02,FALSE POSITIVE,126.57837267,
K06159.01,FALSE POSITIVE,11.41437505,44.08
K00337.02,CANDIDATE,154.607419,1.56
K01519.02,CANDIDATE,57.132855,1.81
K06160.01,FALSE POSITIVE,151.31847,1.13
K06161.01,FALSE POSITIVE,10.4032399,51.47
K06250.01,FALSE POSITIVE,1.853209359,32.99
K06251.01,FALSE POSITIVE,14.66769462,145.18
K02163.03,CANDIDATE,28.2251049,1.59
K02183.03,CANDIDATE,150.381954,2.26
K02184.02,CANDIDATE,95.906433,2.17
K07869.01,FALSE POSITIVE,11.4132144,1.03
K02194.03,CANDIDATE,445.21685,1.37
K02203.02,FALSE POSITIVE,172.178768,2.29
K02209.02,CANDIDATE,35.502865,2.18
K06066.01,FALSE POSITIVE,13.787520532,25.33
K06067.01,FALSE POSITIVE,8.2904597,23.96
K00945.03,CANDIDATE,66.789347,2.07
K06068.01,CANDIDATE,6.150251376,100.03
K06069.01,FALSE POSITIVE,8.214204254,42.29
K06070.01,FALSE POSITIVE,15.71377375,10.85
K06071.01,FALSE POSITIVE,5.918619554,29.98
K06072.01,FALSE POSITIVE,3.319523463,38.37
K06162.01,FALSE POSITIVE,5.874197307,59.2
K06163.01,FALSE POSITIVE,19.7959731,3.47
K06164.01,CANDIDATE,29.5126153,1.84
K06164.02,FALSE POSITIVE,209.00055019,
K06165.01,FALSE POSITIVE,5.614892073,1192.79
K06166.01,CONFIRMED,12.2064304,5.41
K06166.02,CONFIRMED,6.6513189,4.81
K06167.01,FALSE POSITIVE,3.905532605,21.37
K02210.02,CONFIRMED,210.631486,3.23
K02281.02,CANDIDATE,455.27405,1.54
K00365.02,CANDIDATE,117.761,0.62
K02327.02,CANDIDATE,46.331703,1.39
K02393.02,CONFIRMED,0.766691517,1.22
K02404.02,FALSE POSITIVE,5.2438528,1.11
K02432.02,FALSE POSITIVE,93.6273251,
K02450.02,CANDIDATE,7.1931193,1.12
K06073.01,FALSE POSITIVE,6.474202359,28.96
K06074.01,FALSE POSITIVE,8.4803048,4.13
K06075.01,FALSE POSITIVE,8.947426242,45.87
K06076.01,FALSE POSITIVE,9.93443795,35.54
K06077.01,FALSE POSITIVE,2.173552528,23.51
K00266.02,CANDIDATE,47.7439509,1.74
K00992.02,CANDIDATE,4.57834367,1.44
K06078.01,FALSE POSITIVE,10.157715971,42.27
K01522.02,CANDIDATE,12.654896,1.02
K06168.01,CANDIDATE,131.258668,1.59
K07870.01,CANDIDATE,92.552007,2.1
K06168.02,CANDIDATE,75.072964,1.09
K06168.03,FALSE POSITIVE,404.701927,1.94
K06169.01,FALSE POSITIVE,0.779609509,1.07
K06170.01,FALSE POSITIVE,15.80529628,
K06171.01,FALSE POSITIVE,2.103239235,64.15
K06172.01,CANDIDATE,31.8134892,1.18
K02610.02,CANDIDATE,115.230655,4.02
K02714.03,CONFIRMED,184.262741,2.57
K02719.02,CANDIDATE,106.25976,1.5
K02828.02,CANDIDATE,505.462916,3.46
K02869.02,CANDIDATE,274.743032,2.16
K00423.02,CANDIDATE,360.477635,11943.8
K02871.03,CANDIDATE,18.0811429,0.75
K02926.03,CONFIRMED,20.9569985,2.38
K06079.01,FALSE POSITIVE,15.249335907,45.92
K06080.01,FALSE POSITIVE,4.816610903,26.15
K06081.01,FALSE POSITIVE,2.305903447,39.04
K06082.01,FALSE POSITIVE,1.814128042,426.98
K07871.01,FALSE POSITIVE,1.247121237,18.39
K06083.01,FALSE POSITIVE,4.128795314,52.0
K06084.01,FALSE POSITIVE,3.269176601,164.61
K06085.01,CANDIDATE,5.902596818,25.8
K06086.01,FALSE POSITIVE,15.995094054,17.09
K06173.01,CANDIDATE,214.013044,1.54
K06174.01,FALSE POSITIVE,0.70914232,7.27
K06175.01,FALSE POSITIVE,9.86869589,21.68
K01541.02,FALSE POSITIVE,66.34455122,
K06176.01,CANDIDATE,143.09688,1.48
K06176.02,CANDIDATE,73.4567573,
K06177.01,FALSE POSITIVE,0.978362973,1.04
K06178.01,CANDIDATE,13.0327301,1.64
K02926.04,CONFIRMED,37.6333868,2.25
K02971.02,CANDIDATE,31.9533679,1.65
K03028.02,CANDIDATE,458.16754,2.11
K03088.02,CANDIDATE,67.8766605,1.92
K03090.02,FALSE POSITIVE,15.0367776,8.02
K03214.02,CANDIDATE,25.0901574,1.35
K03371.02,CONFIRMED,12.25384348,1.0
K03401.02,CANDIDATE,326.6708,2.2
K00129.02,CANDIDATE,143.21109362,
K00238.03,CANDIDATE,362.97828,1.96
K00593.04,CANDIDATE,240.192808,2.68
K06087.01,FALSE POSITIVE,22.16127178,69.44
K00993.03,CANDIDATE,86.723653,1.43
K06088.01,FALSE POSITIVE,2.745121487,9.55
K06089.01,FALSE POSITIVE,282.9656538,71.61
K06090.01,FALSE POSITIVE,37.32030954,36.96
K07878.01,CANDIDATE,36.566324,15.41
K06091.01,FALSE POSITIVE,5.889372452,50.78
K06092.01,FALSE POSITIVE,2.581595167,40.94
K06093.01,CANDIDATE,20.5736113,3.86
K03163.01,FALSE POSITIVE,0.566801886,0.54
K03169.01,FALSE POSITIVE,180.71809,1.28
K03172.01,FALSE POSITIVE,6.5583706,39.06
K03173.01,FALSE POSITIVE,434.39148,1.59
K03180.01,FALSE POSITIVE,71.1577054,
K03181.01,FALSE POSITIVE,73.26417,1.32
K03184.02,CONFIRMED,11.3220104,0.91
K03186.01,FALSE POSITIVE,681.9363102,61.52
K03187.01,FALSE POSITIVE,0.705891195,1.0
K03191.01,FALSE POSITIVE,377.88909,3.17
K03192.01,FALSE POSITIVE,199.21638,2.36
K03195.01,FALSE POSITIVE,121.70747,3.02
K03198.01,FALSE POSITIVE,273.528359,115.4
K03199.01,FALSE POSITIVE,3.88258905,0.78
K03201.01,FALSE POSITIVE,135.57186,0.83
K03207.01,CANDIDATE,0.954388314,2.27
K03210.01,FALSE POSITIVE,173.06929,30.29
K03215.01,FALSE POSITIVE,1.039046871,0.48
K03222.01,FALSE POSITIVE,0.607538435,1.34
K03228.01,FALSE POSITIVE,0.98762513,1.14
K03233.01,FALSE POSITIVE,113.0707574,
K03235.01,FALSE POSITIVE,66.713573,0.98
K03251.01,FALSE POSITIVE,135.223193,0.92
K03283.01,FALSE POSITIVE,195.7093855,
K03378.01,FALSE POSITIVE,27.6775212,23.04
K03381.01,FALSE POSITIVE,35.2340413,2.21
K03405.01,FALSE POSITIVE,20.9794338,24.76
K03406.01,FALSE POSITIVE,15.6937855,1.99
K03420.01,CANDIDATE,5.77451117,1.87
K03442.01,FALSE POSITIVE,20.73376301,54.58
K03488.01,FALSE POSITIVE,63.571688,2.14
K03507.01,FALSE POSITIVE,338.20075,2.08
K00351.07,CONFIRMED,124.922516,3.37
K03764.01,FALSE POSITIVE,1.303570451,235.58
K03774.01,FALSE POSITIVE,3.72277264,22.78
K03829.01,FALSE POSITIVE,3.886730304,61.58
K03833.01,FALSE POSITIVE,49.5740154,5.01
K01231.02,FALSE POSITIVE,10.42360821,1.67
K01920.02,CANDIDATE,10.1384691,0.74
K01992.03,CONFIRMED,85.517344,3.04
K03155.01,FALSE POSITIVE,161.2529031,59.07
K03156.01,FALSE POSITIVE,0.761119678,27.81
K03156.04,FALSE POSITIVE,94.212787,35.89
K06618.01,CANDIDATE,8.6040858,0.94
K06619.01,FALSE POSITIVE,1.330333096,24.3
K06620.01,FALSE POSITIVE,1.140133012,126.77
K06621.01,FALSE POSITIVE,7.946367138,36.01
K06622.01,FALSE POSITIVE,16.832079803,61.35
K06623.01,FALSE POSITIVE,7.346159047,44.48
K06624.01,FALSE POSITIVE,26.2402438,1.16
K06625.01,FALSE POSITIVE,10.738427243,6.96
K07882.01,CANDIDATE,65.415183,1.31
K06753.01,CANDIDATE,72.28198,13.11
K06754.01,FALSE POSITIVE,23.832382513,63.78
K06755.01,FALSE POSITIVE,1.428766771,1.01
K06756.01,FALSE POSITIVE,14.5567427,1.38
K06757.01,FALSE POSITIVE,1.106560721,47.63
K06758.01,FALSE POSITIVE,0.721624431,40.61
K06759.01,CANDIDATE,371.70965709,
K06760.01,FALSE POSITIVE,10.81589054,32.48
K06886.01,FALSE POSITIVE,4.1747072,
K06887.01,FALSE POSITIVE,0.622303871,0.77
K06888.01,FALSE POSITIVE,23.3924063,0.84
K06889.01,CANDIDATE,75.906736,0.63
K06890.01,CANDIDATE,2.15888911,0.72
K06891.01,FALSE POSITIVE,4.608901433,48.72
K06892.01,CANDIDATE,17.5806026,1.87
K06893.01,FALSE POSITIVE,3.326193904,14.72
K07017.01,FALSE POSITIVE,12.823275455,44.29
K07018.01,FALSE POSITIVE,37.183276326,55.0
K07019.01,FALSE POSITIVE,5.065329723,60.35
K07020.01,FALSE POSITIVE,0.957079167,72.76
K07021.01,FALSE POSITIVE,9.380632783,46.72
K07022.01,FALSE POSITIVE,10.064687893,30.11
K07023.01,CANDIDATE,2.71772323,0.72
K07024.01,FALSE POSITIVE,7.73591011,50.46
K07152.01,FALSE POSITIVE,3.359470825,129.93
K07153.01,FALSE POSITIVE,20.729255112,53.87
K07154.01,FALSE POSITIVE,3.04459739,0.62
K07155.01,FALSE POSITIVE,3.796448299,232.39
K07155.02,FALSE POSITIVE,3.79654367,159.34
K07156.01,FALSE POSITIVE,15.926990634,93.94
K07157.01,CANDIDATE,23.9830523,1.17
K07158.01,FALSE POSITIVE,1.219049953,2.48
K07159.01,FALSE POSITIVE,0.64585177,51.1
K07283.01,CANDIDATE,134.413808,1.69
K07284.01,FALSE POSITIVE,1.70192371,40.15
K07285.01,FALSE POSITIVE,1.20693963,0.97
K07286.01,FALSE POSITIVE,3.008602107,56.15
K07287.01,FALSE POSITIVE,41.81145,1.4
K07288.01,FALSE POSITIVE,0.846291334,30.8
K07289.01,FALSE POSITIVE,1.930451347,58.77
K07290.01,FALSE POSITIVE,2.427967843,108.33
K07894.01,CANDIDATE,347.97611,1.62
K07417.01,FALSE POSITIVE,6.840305932,62.08
K07418.01,FALSE POSITIVE,1.032967155,21.22
K07419.01,FALSE POSITIVE,2.489550708,36.91
K07420.01,FALSE POSITIVE,2.980479588,70.52
K07421.01,FALSE POSITIVE,4.81712182,43.45
K07422.01,FALSE POSITIVE,2.479948394,35.62
K07423.01,FALSE POSITIVE,1.58742695,37.64
K07424.01,FALSE POSITIVE,19.668404822,42.91
K04526.02,CANDIDATE,11.8187288,2.09
K04535.02,CANDIDATE,5.78901936,0.78
K04562.02,FALSE POSITIVE,0.968065631,0.68
K04598.02,FALSE POSITIVE,0.824181335,18.2
K04716.02,CANDIDATE,12.26708306,
K04766.02,FALSE POSITIVE,2.45261841,0.69
K04838.02,CANDIDATE,6.33342309,7.62
K04871.02,CANDIDATE,5.522479,0.76
K04881.02,FALSE POSITIVE,0.706423768,1.16
K06368.01,CANDIDATE,9.4588054,1.78
K06369.01,FALSE POSITIVE,25.9534494,2.06
K06370.01,FALSE POSITIVE,3.49550335,0.66
K06371.01,FALSE POSITIVE,25.95193721,123.34
K06372.01,CANDIDATE,71.008017,1.11
K06373.01,FALSE POSITIVE,31.024310431,93.29
K06374.01,FALSE POSITIVE,0.634131057,0.58
K06375.01,CANDIDATE,2.90805147,0.97
K06376.01,FALSE POSITIVE,1.992098705,45.85
K06496.01,FALSE POSITIVE,1.78752921,5.86
K06497.01,FALSE POSITIVE,1.77555333,1.26
K06498.01,FALSE POSITIVE,5.462689263,36.25
K06499.01,FALSE POSITIVE,3.58966681,95.86
K06500.01,FALSE POSITIVE,1.37347867,4.25
K06501.01,FALSE POSITIVE,1.00960235,1.94
K06502.01,FALSE POSITIVE,1.060996585,64.99
K06503.01,FALSE POSITIVE,2.735152701,3.27
K06626.01,FALSE POSITIVE,9.459993213,51.89
K06627.01,FALSE POSITIVE,1.208524388,26.71
K06628.01,FALSE POSITIVE,3.79187443,47.49
K06629.01,FALSE POSITIVE,17.844323157,90.67
K06630.01,FALSE POSITIVE,34.6506368,12.35
K06631.01,CANDIDATE,2.56271232,0.48
K06632.01,FALSE POSITIVE,12.643303542,34.94
K06633.01,FALSE POSITIVE,1.36293943,31.28
K07883.01,FALSE POSITIVE,185.103836,14.63
K06761.01,FALSE POSITIVE,1.267693801,64.84
K06762.01,CANDIDATE,15.08186,0.98
K06763.01,CANDIDATE,2.44693823,0.56
K06764.01,FALSE POSITIVE,7.002865192,75.09
K06765.01,CANDIDATE,13.05609,1.3
K06766.01,FALSE POSITIVE,0.85450941,0.35
K06767.01,FALSE POSITIVE,30.130130001,83.75
K06768.01,FALSE POSITIVE,7.0435762,
K06769.01,FALSE POSITIVE,9.12208711,52.66
K07886.01,FALSE POSITIVE,366.71923,3.35
K06894.01,FALSE POSITIVE,6.373454978,51.6
K06895.01,FALSE POSITIVE,1.075577069,69.11
K06896.01,FALSE POSITIVE,0.811390968,14.74
K06897.01,FALSE POSITIVE,14.6494599,1.0
K06898.01,FALSE POSITIVE,321.00742,3.7
K06899.01,FALSE POSITIVE,27.81892382,50.0
K06900.01,FALSE POSITIVE,8.467706136,43.98
K06901.01,FALSE POSITIVE,24.70361995,30.13
K07025.01,FALSE POSITIVE,5.1348689,16.17
K07026.01,FALSE POSITIVE,5.251918489,51.51
K07027.01,FALSE POSITIVE,3.62944008,40.08
K07028.01,FALSE POSITIVE,43.263305017,62.75
K07029.01,FALSE POSITIVE,6.042029838,23.94
K07030.01,FALSE POSITIVE,2.892087553,47.55
K07031.01,FALSE POSITIVE,5.40597608,31.78
K07032.01,CANDIDATE,3.64049242,0.61
K07033.01,FALSE POSITIVE,0.510804497,1.58
K07160.01,FALSE POSITIVE,0.645850521,0.69
K07161.01,FALSE POSITIVE,18.84497113,5.35
K07162.01,CANDIDATE,5.1581317,2.02
K07163.01,FALSE POSITIVE,14.759477667,76.06
K07164.01,FALSE POSITIVE,10.476258265,54.13
K07165.01,FALSE POSITIVE,1.588298157,120.0
K07166.01,FALSE POSITIVE,1.58826263,0.47
K07167.01,FALSE POSITIVE,3.909314318,42.54
K07168.01,FALSE POSITIVE,1.38385822,
K07891.01,FALSE POSITIVE,0.79708975,0.54
K07291.01,CANDIDATE,25.9136674,3.37
K07292.01,FALSE POSITIVE,8.5412411,1.4
K07293.01,FALSE POSITIVE,1.013922622,31.98
K07294.01,FALSE POSITIVE,17.918743061,56.94
K07295.01,FALSE POSITIVE,2.287515702,86.76
K07296.01,FALSE POSITIVE,659.2907,4.66
K07297.01,FALSE POSITIVE,24.847087207,52.38
K07298.01,FALSE POSITIVE,0.85574731,
K07299.01,FALSE POSITIVE,20.867855659,53.53
K07425.01,FALSE POSITIVE,3.401949837,14.32
K07426.01,CANDIDATE,6.96197304,0.97
K07427.01,CANDIDATE,7.8935324,0.78
K07428.01,FALSE POSITIVE,2.252822538,57.6
K07429.01,FALSE POSITIVE,2.25284817,8.61
K07430.01,CANDIDATE,1.320499473,18.94
K07431.01,FALSE POSITIVE,5.39525573,152.74
K07432.01,CANDIDATE,13.1538409,1.03
K05076.02,FALSE POSITIVE,0.939740093,34.87
K00460.02,CANDIDATE,36.0484798,1.24
K05875.02,CANDIDATE,4.2742605,1.88
K06064.02,FALSE POSITIVE,265.299451,7.1
K06065.02,FALSE POSITIVE,265.310499,4.69
K06165.02,FALSE POSITIVE,35.4261827,153.72
K06252.01,FALSE POSITIVE,8.460438928,36.62
K06253.01,CANDIDATE,27.556452,1.4
K06377.01,FALSE POSITIVE,4.318726936,29.74
K06378.01,FALSE POSITIVE,3.22598684,
K06379.01,FALSE POSITIVE,76.45315813,22.89
K06380.01,FALSE POSITIVE,7.698431197,42.72
K06381.01,FALSE POSITIVE,0.504296702,50.41
K06382.01,FALSE POSITIVE,5.194256813,41.77
K06383.01,FALSE POSITIVE,61.42252657,41.01
K06384.01,CANDIDATE,566.28176,2.79
K06385.01,FALSE POSITIVE,9.761172507,95.58
K06503.02,FALSE POSITIVE,1.36513839,
K06504.01,FALSE POSITIVE,1.061008464,32.58
K06505.01,FALSE POSITIVE,1.36840167,
K06506.01,FALSE POSITIVE,5.8957069,32.41
K06507.01,FALSE POSITIVE,1.67473779,
K06508.01,FALSE POSITIVE,1.039370613,12.6
K06509.01,FALSE POSITIVE,2.31169425,1.76
K06510.01,FALSE POSITIVE,2.072177815,46.55
K06634.01,FALSE POSITIVE,3.34328534,64.0
K06635.01,CANDIDATE,0.52740121,1.49
K06636.01,FALSE POSITIVE,0.905678252,0.78
K06637.01,FALSE POSITIVE,0.905672916,0.76
K06639.01,FALSE POSITIVE,0.790046373,56.93
K06640.01,FALSE POSITIVE,1.804591904,80.87
K06641.01,CANDIDATE,1.400903699,1.16
K06642.01,FALSE POSITIVE,1.14073528,0.68
K06643.01,FALSE POSITIVE,3.31976683,0.7
K06770.01,FALSE POSITIVE,0.52880817,1.84
K06771.01,FALSE POSITIVE,0.700606479,1.22
K06772.01,FALSE POSITIVE,9.469191607,49.17
K06773.01,FALSE POSITIVE,15.53753378,40.9
K06774.01,CANDIDATE,17.3816224,26.55
K06775.01,FALSE POSITIVE,2.172042913,100.79
K06776.01,CANDIDATE,28.655498,1.45
K06777.01,CANDIDATE,13.4450174,1.08
K07887.01,FALSE POSITIVE,6.35216475,18.1
K06902.01,FALSE POSITIVE,0.705174384,366.76
K06903.01,FALSE POSITIVE,38.058140058,94.1
K06904.01,CANDIDATE,26.1556767,1.28
K06905.01,FALSE POSITIVE,4.800232532,48.67
K06906.01,FALSE POSITIVE,1.74336627,140.49
K06907.01,CANDIDATE,4.60687717,1.14
K06908.01,FALSE POSITIVE,1.507100589,131.16
K06909.01,FALSE POSITIVE,0.758355704,8.78
K06910.01,FALSE POSITIVE,0.77258608,
K07034.01,FALSE POSITIVE,0.898837525,57.14
K07035.01,FALSE POSITIVE,11.931131598,93.46
K07036.01,FALSE POSITIVE,11.93137992,0.56
K07037.01,FALSE POSITIVE,27.533803402,50.02
K07038.01,FALSE POSITIVE,12.4964346,55.34
K07039.01,FALSE POSITIVE,1.352576807,161.02
K07040.01,CANDIDATE,502.20642,2.18
K07041.01,CANDIDATE,8.3613732,0.79
K07042.01,FALSE POSITIVE,13.254134073,58.51
K07169.01,CANDIDATE,10.5113779,0.72
K07170.01,FALSE POSITIVE,1.922009494,48.61
K07171.01,FALSE POSITIVE,10.186578749,67.45
K07172.01,FALSE POSITIVE,32.003815635,180.25
K07173.01,FALSE POSITIVE,1.250390814,101.37
K07174.01,CANDIDATE,1.58487898,0.37
K07175.01,FALSE POSITIVE,9.2742685,
K07176.01,FALSE POSITIVE,5.748815953,26.94
K07300.01,FALSE POSITIVE,0.517573708,37.02
K07301.01,CANDIDATE,20.9525604,1.19
K07302.01,FALSE POSITIVE,24.70932686,25.1
K07303.01,FALSE POSITIVE,13.68369259,30.6
K07304.01,FALSE POSITIVE,9.726748645,277.38
K07305.01,CANDIDATE,3.72920972,0.8
K07306.01,FALSE POSITIVE,0.691561191,5.91
K07307.01,FALSE POSITIVE,1.35337091,26.69
K07308.01,FALSE POSITIVE,1.854491777,63.08
K07433.01,FALSE POSITIVE,4.737713268,29.25
K07434.01,CANDIDATE,5.704593,0.95
K07435.01,CANDIDATE,1.36752316,0.82
K07436.01,FALSE POSITIVE,2.49777454,2.14
K07437.01,CANDIDATE,1.9997244,0.84
K07438.01,FALSE POSITIVE,1.51264208,36.72
K07439.01,FALSE POSITIVE,323.2575,2.01
K07440.01,FALSE POSITIVE,0.984971822,56.1
K06254.01,FALSE POSITIVE,567.71329,3.28
K06255.01,FALSE POSITIVE,9.31392071,1.25
K06256.01,CANDIDATE,14.137062,1.37
K06257.01,FALSE POSITIVE,2.32539968,9.76
K06258.01,FALSE POSITIVE,0.764597756,0.72
K06259.01,CANDIDATE,4.78113942,1.14
K06259.02,CANDIDATE,7.18864064,1.3
K06260.01,FALSE POSITIVE,4.101595158,51.08
K06261.01,FALSE POSITIVE,2.43574046,24.62
K06386.01,FALSE POSITIVE,2.756536015,57.46
K06387.01,FALSE POSITIVE,13.99585365,368.42
K06388.01,FALSE POSITIVE,4.320850062,59.16
K06389.01,FALSE POSITIVE,8.6532378,0.96
K06390.01,FALSE POSITIVE,5.197420145,81.49
K06391.01,FALSE POSITIVE,2.183517999,4633.66
K06392.01,FALSE POSITIVE,383.61248,2.3
K06393.01,FALSE POSITIVE,1.945914237,35.94
K06511.01,CANDIDATE,27.122801,1.46
K06512.01,FALSE POSITIVE,2.500560859,0.48
K06513.01,CANDIDATE,5.62241111,1.17
K06514.01,FALSE POSITIVE,1.25625738,1.32
K06515.01,FALSE POSITIVE,21.142458554,41.68
K06516.01,CANDIDATE,11.2901559,0.88
K06516.02,CANDIDATE,28.24753303,
K06517.01,FALSE POSITIVE,0.99519559,0.29
K06644.01,FALSE POSITIVE,25.150788449,39.12
K06645.01,FALSE POSITIVE,7.21636091,18.03
K06646.01,CANDIDATE,7.1356633,1.38
K06647.01,FALSE POSITIVE,12.591656377,49.21
K06648.01,FALSE POSITIVE,1.044408447,1.17
K06649.01,FALSE POSITIVE,0.97705114,0.77
K06650.01,FALSE POSITIVE,5.407157086,125.96
K06651.01,FALSE POSITIVE,30.971766472,51.72
K06652.01,FALSE POSITIVE,5.06318803,302.18
K06778.01,FALSE POSITIVE,10.88242209,63.14
K06779.01,FALSE POSITIVE,1.926366998,53.63
K06780.01,FALSE POSITIVE,2.325185422,81.88
K06781.01,CANDIDATE,14.5909249,0.93
K06782.01,FALSE POSITIVE,40.877841988,164.06
K06783.01,CANDIDATE,11.8496351,1.31
K06784.01,FALSE POSITIVE,36.75892725,51.31
K06785.01,FALSE POSITIVE,0.536869783,1.81
K06786.01,CANDIDATE,455.62395,3.0
K06911.01,FALSE POSITIVE,0.843400322,0.65
K06912.01,FALSE POSITIVE,17.042155208,24.93
K06913.01,FALSE POSITIVE,0.874236216,3.46
K06913.02,CANDIDATE,1.75173647,3.86
K06914.01,FALSE POSITIVE,0.60886299,158.5
K06915.01,FALSE POSITIVE,4.43529675,1.15
K06916.01,FALSE POSITIVE,0.88512187,1.05
K06917.01,FALSE POSITIVE,1.734221252,42.06
K07043.01,FALSE POSITIVE,5.776764285,117.51
K07044.01,FALSE POSITIVE,1.26227317,369.2
K07045.01,FALSE POSITIVE,0.76757669,34.23
K07046.01,FALSE POSITIVE,5.860377067,78.14
K07047.01,FALSE POSITIVE,5.801881299,62.9
K07048.01,FALSE POSITIVE,4.00770453,92.08
K07049.01,FALSE POSITIVE,6.099032889,36.68
K07050.01,FALSE POSITIVE,0.652956712,0.76
K07177.01,FALSE POSITIVE,13.691790011,49.2
K07178.01,FALSE POSITIVE,21.570508432,63.68
K07179.01,CANDIDATE,407.14656,1.18
K07180.01,CANDIDATE,487.83894,3.94
K07181.01,FALSE POSITIVE,14.199840087,85.76
K07182.01,CANDIDATE,6.853888,1.74
K07183.01,FALSE POSITIVE,2.136834989,66.59
K07184.01,FALSE POSITIVE,2.51690133,0.97
K00547.02,CANDIDATE,7.34672485,0.97
K07309.01,FALSE POSITIVE,9.296746368,400.4
K07310.01,FALSE POSITIVE,18.060078203,20.71
K07311.01,FALSE POSITIVE,18.74072534,35.61
K07312.01,FALSE POSITIVE,0.93371313,0.69
K07313.01,FALSE POSITIVE,0.93373716,1.14
K07314.01,FALSE POSITIVE,0.933735579,10.28
K07315.01,FALSE POSITIVE,58.28819056,42.57
K07316.01,FALSE POSITIVE,3.989144446,60.26
K07317.01,FALSE POSITIVE,32.77897303,69.08
K07441.01,FALSE POSITIVE,28.487107336,116.84
K07442.01,FALSE POSITIVE,8.61733907,51.79
K07443.01,FALSE POSITIVE,2.16146908,0.95
K07444.01,FALSE POSITIVE,10.26782676,73.59
K07445.01,CANDIDATE,6.933574,1.3
K07446.01,FALSE POSITIVE,1.057335679,14.59
K07447.01,FALSE POSITIVE,1.149198426,42.03
K07448.01,FALSE POSITIVE,2.50012775,1.66
K06262.01,CANDIDATE,0.673141323,1.29
K06263.01,CANDIDATE,8.60965352,3.33
K06264.01,FALSE POSITIVE,1.40469182,217.25
K06265.01,FALSE POSITIVE,10.306982793,81.21
K06266.01,FALSE POSITIVE,1.109841858,177.78
K06267.01,CANDIDATE,13.8911152,1.12
K06268.01,FALSE POSITIVE,7.234965722,34.03
K06269.01,FALSE POSITIVE,7.45301717,37.37
K06270.01,FALSE POSITIVE,2.442941283,48.18
K06394.01,FALSE POSITIVE,3.684337918,12.52
K06395.01,FALSE POSITIVE,11.2570616,162.84
K06396.01,FALSE POSITIVE,21.858963291,114.63
K06397.01,FALSE POSITIVE,1.461270059,26.29
K06398.01,FALSE POSITIVE,9.4022333,23.61
K06399.01,CANDIDATE,6.76890076,1.24
K06400.01,FALSE POSITIVE,9.543584955,77.97
K06401.01,CANDIDATE,1.96134311,41.53
K06518.01,FALSE POSITIVE,18.611957253,65.5
K06519.01,FALSE POSITIVE,0.73240662,3.65
K06520.01,FALSE POSITIVE,2.954598,89.95
K06521.01,FALSE POSITIVE,0.562006231,0.58
K06522.01,FALSE POSITIVE,3.21559054,18.8
K06523.01,FALSE POSITIVE,1.547426532,3.62
K06524.01,FALSE POSITIVE,12.851722103,47.26
K06525.01,FALSE POSITIVE,4.2055797,1.8
K06526.01,CANDIDATE,486.77832,9.3
K06653.01,CANDIDATE,28.2682167,1.22
K06654.01,FALSE POSITIVE,0.957476003,2.47
K06655.01,FALSE POSITIVE,1.559360638,94.2
K06656.01,FALSE POSITIVE,0.57627248,
K06657.01,CANDIDATE,1.6037058,1.54
K06658.01,FALSE POSITIVE,2.313367981,33.55
K06659.01,FALSE POSITIVE,76.01811375,63.58
K06660.01,FALSE POSITIVE,0.82883944,
K07884.01,CANDIDATE,0.70965042,1.49
K06787.01,FALSE POSITIVE,1.574063832,28.63
K06788.01,FALSE POSITIVE,2.51989935,1.04
K06789.01,FALSE POSITIVE,3.867613816,69.23
K06790.01,FALSE POSITIVE,0.733726452,0.86
K06791.01,FALSE POSITIVE,36.473115046,53.1
K06792.01,FALSE POSITIVE,4.238855579,38.01
K06793.01,CANDIDATE,3.62657392,0.79
K06794.01,FALSE POSITIVE,1.17033848,0.98
K06795.01,FALSE POSITIVE,7.841066931,56.33
K06918.01,CANDIDATE,0.902403563,6.17
K06919.01,CANDIDATE,8.7998722,1.09
K06920.01,FALSE POSITIVE,4.292599454,64.04
K06921.01,CANDIDATE,6.87778029,1.19
K06922.01,FALSE POSITIVE,2.113197701,50.13
K06923.01,FALSE POSITIVE,11.02822674,75.47
K06924.01,FALSE POSITIVE,70.37626987,40.43
K06925.01,CANDIDATE,12.9489256,0.94
K07051.01,FALSE POSITIVE,0.772803664,1.11
K07052.01,FALSE POSITIVE,7.549299761,18.8
K07053.01,FALSE POSITIVE,0.530972263,9.32
K07054.01,FALSE POSITIVE,0.530967171,92.29
K07055.01,FALSE POSITIVE,1.606163631,130.46
K07056.01,FALSE POSITIVE,42.032096076,79.17
K07057.01,FALSE POSITIVE,0.619303759,4.71
K07058.01,FALSE POSITIVE,22.470494368,19.12
K07889.01,CANDIDATE,130.235324,2.44
K07185.01,FALSE POSITIVE,37.482223878,114.14
K07186.01,FALSE POSITIVE,3.71186243,0.95
K07187.01,FALSE POSITIVE,1.077358008,70.64
K07188.01,FALSE POSITIVE,3.55643514,0.75
K07189.01,FALSE POSITIVE,0.5366497,0.92
K07190.01,FALSE POSITIVE,1.12284501,
K07191.01,FALSE POSITIVE,1.480324075,47.81
K07192.01,FALSE POSITIVE,12.08353781,50.33
K07892.01,CONFIRMED,10.692115,2.71
K07318.01,FALSE POSITIVE,0.934926138,58.67
K07319.01,CANDIDATE,17.1677675,0.97
K07320.01,CANDIDATE,8.50207749,0.75
K07321.01,FALSE POSITIVE,0.93374699,103.98
K07322.01,FALSE POSITIVE,0.933759404,0.99
K07323.01,FALSE POSITIVE,0.93373711,0.37
K07324.01,FALSE POSITIVE,3.0082548,
K07325.01,FALSE POSITIVE,45.43324862,77.25
K07326.01,FALSE POSITIVE,1.398890216,57.48
K07449.01,CANDIDATE,1.322475635,14.03
K07450.01,FALSE POSITIVE,12.314402323,75.21
K07451.01,FALSE POSITIVE,0.691823991,1.23
K07452.01,FALSE POSITIVE,25.431861399,43.42
K07453.01,FALSE POSITIVE,3.98855869,2.4
K07454.01,FALSE POSITIVE,20.413052415,35.03
K07455.01,CANDIDATE,3.773744,2.44
K07456.01,FALSE POSITIVE,0.527679032,0.79
K07457.01,FALSE POSITIVE,0.527673075,0.42
K06271.01,FALSE POSITIVE,2.44295727,44.35
K06272.01,FALSE POSITIVE,3.31587688,1.27
K06273.01,FALSE POSITIVE,49.788613011,32.57
K06274.01,CANDIDATE,18.1772927,1.5
K06275.01,FALSE POSITIVE,1.38607973,0.6
K06276.01,CANDIDATE,3.09872834,0.64
K06277.01,FALSE POSITIVE,0.648868342,72.32
K06278.01,FALSE POSITIVE,5.088582739,46.02
K06402.01,FALSE POSITIVE,1.1611022,
K06403.01,FALSE POSITIVE,0.792023257,0.81
K06404.01,FALSE POSITIVE,10.643743766,47.87
K06405.01,FALSE POSITIVE,1.7317958,1.19
K06406.01,FALSE POSITIVE,8.65298599,1.36
K06407.01,FALSE POSITIVE,1.19563447,14.94
K06408.01,FALSE POSITIVE,0.550537628,1.93
K06409.01,CANDIDATE,19.9310602,2.42
K06410.01,FALSE POSITIVE,2.53470797,50.25
K06527.01,FALSE POSITIVE,0.530799654,2.92
K06528.01,FALSE POSITIVE,0.56818769,
K06529.01,FALSE POSITIVE,1.0094779,
K06530.01,FALSE POSITIVE,0.91057795,
K06531.01,FALSE POSITIVE,1.0429419,2.49
K06532.01,CANDIDATE,0.813998812,1.36
K06533.01,FALSE POSITIVE,6.12650913,9.08
K06534.01,FALSE POSITIVE,0.720589427,1.95
K06661.01,FALSE POSITIVE,0.573036404,9.97
K06662.01,FALSE POSITIVE,0.643171495,54.03
K06663.01,FALSE POSITIVE,14.086776961,65.6
K06664.01,CANDIDATE,14.7639145,0.93
K06665.01,FALSE POSITIVE,1.872620976,31.43
K06666.01,CANDIDATE,1.118510435,0.75
K06667.01,FALSE POSITIVE,17.527826808,49.36
K06668.01,FALSE POSITIVE,27.467217305,38.87
K06796.01,FALSE POSITIVE,40.879068,3.35
K06797.01,FALSE POSITIVE,0.566802325,1.4
K06798.01,CANDIDATE,2.64185268,3.56
K06799.01,FALSE POSITIVE,0.634946497,52.75
K06800.01,FALSE POSITIVE,5.077746556,54.93
K06801.01,FALSE POSITIVE,2.00383703,0.67
K06802.01,FALSE POSITIVE,5.321224925,40.62
K06803.01,FALSE POSITIVE,2.340534383,69.55
K06926.01,FALSE POSITIVE,0.580724809,0.75
K06927.01,FALSE POSITIVE,501.07647447,
K06928.01,FALSE POSITIVE,1.72933255,0.69
K06929.01,FALSE POSITIVE,1.729338354,139.36
K06930.01,FALSE POSITIVE,0.567493852,65.47
K06931.01,CANDIDATE,2.54031121,1.2
K06932.01,FALSE POSITIVE,2.105238039,75.1
K06933.01,FALSE POSITIVE,7.226944171,237.79
K07059.01,FALSE POSITIVE,31.973311701,272.44
K07060.01,FALSE POSITIVE,1.64125844,
K07061.01,CANDIDATE,1.371587993,4.91
K07062.01,FALSE POSITIVE,20.849919614,2912.48
K07063.01,FALSE POSITIVE,15.120212531,33.11
K07064.01,FALSE POSITIVE,3.481657589,78.24
K07065.01,FALSE POSITIVE,0.739769962,82.29
K07066.01,FALSE POSITIVE,6.570421193,33.99
K07067.01,FALSE POSITIVE,0.541405029,125.64
K07193.01,FALSE POSITIVE,2.17814186,0.92
K07194.01,FALSE POSITIVE,10.54884842,
K07195.01,CANDIDATE,5.89773974,1.0
K07196.01,FALSE POSITIVE,0.609662423,110.14
K07197.01,CANDIDATE,1.74145041,1.46
K07198.01,FALSE POSITIVE,0.953299962,35.67
K07199.01,CANDIDATE,20.2944118,774.73
K07200.01,FALSE POSITIVE,2.745640575,47.22
K07327.01,CANDIDATE,17.9908273,1.88
K07328.01,FALSE POSITIVE,12.180721266,63.25
K07329.01,FALSE POSITIVE,50.467024395,52.88
K07330.01,CANDIDATE,198.11309,1.09
K07331.01,FALSE POSITIVE,0.84986054,67.45
K07332.01,FALSE POSITIVE,0.933728196,0.85
K07333.01,FALSE POSITIVE,2.03742712,0.9
K07334.01,FALSE POSITIVE,5.274819905,100.89
K07458.01,FALSE POSITIVE,0.527678272,75.31
K07459.01,FALSE POSITIVE,3.55027051,1.15
K07460.01,CANDIDATE,5.70509519,1.58
K07461.01,FALSE POSITIVE,65.4317194,59.22
K07462.01,FALSE POSITIVE,1.718649321,39.08
K07463.01,FALSE POSITIVE,7.2949175,11.67
K07464.01,FALSE POSITIVE,7.2935801,17.41
K07465.01,FALSE POSITIVE,42.9261364,1.84
K06279.01,FALSE POSITIVE,1.89129338,0.42
K06280.01,FALSE POSITIVE,1.89124453,1.19
K06281.01,FALSE POSITIVE,1.89134201,0.92
K06282.01,FALSE POSITIVE,87.87826191,110.85
K06283.01,FALSE POSITIVE,15.926632768,57.95
K06284.01,FALSE POSITIVE,0.958116585,49.16
K06285.01,FALSE POSITIVE,39.841522897,116.52
K06286.01,FALSE POSITIVE,1.891268461,399.93
K06287.01,FALSE POSITIVE,1.89114441,6.57
K06411.01,FALSE POSITIVE,61.25964956,54.72
K06412.01,FALSE POSITIVE,0.872359598,67.08
K06413.01,FALSE POSITIVE,374.318792,243.21
K06414.01,FALSE POSITIVE,5.627911313,81.61
K06415.01,FALSE POSITIVE,0.62927655,4.64
K06416.01,FALSE POSITIVE,1.22578134,53.32
K06417.01,FALSE POSITIVE,0.751408792,41.48
K06418.01,FALSE POSITIVE,0.866344816,6.85
K06419.01,FALSE POSITIVE,2.24294107,0.75
K06535.01,FALSE POSITIVE,0.950487062,1.35
K06536.01,FALSE POSITIVE,5.579631021,90.32
K06537.01,FALSE POSITIVE,21.37831102,97.23
K06538.01,CANDIDATE,129.847318,1.45
K06539.01,FALSE POSITIVE,0.541396363,2.04
K06540.01,FALSE POSITIVE,0.550509602,5.02
K06541.01,FALSE POSITIVE,2.404293523,888.7
K06542.01,CANDIDATE,0.8867443,
K06669.01,FALSE POSITIVE,25.836831272,50.72
K06670.01,FALSE POSITIVE,0.94895231,2.51
K06671.01,FALSE POSITIVE,11.702203927,57.95
K06672.01,CANDIDATE,2.28494301,1.0
K06673.01,FALSE POSITIVE,3.722775537,90.36
K06674.01,FALSE POSITIVE,1.245342215,90.34
K06675.01,FALSE POSITIVE,0.604755462,1.29
K06676.01,CANDIDATE,439.21978,1.81
K06677.01,FALSE POSITIVE,8.144135648,56.52
K06804.01,FALSE POSITIVE,0.566795196,0.35
K06805.01,FALSE POSITIVE,0.566798827,0.52
K06806.01,FALSE POSITIVE,0.56678012,0.49
K06807.01,FALSE POSITIVE,0.566800113,0.58
K06808.01,FALSE POSITIVE,0.56679293,0.86
K06809.01,FALSE POSITIVE,0.566809491,0.55
K06810.01,FALSE POSITIVE,0.566799218,0.79
K06811.01,FALSE POSITIVE,0.566797404,0.64
K06934.01,CANDIDATE,22.2548897,2.16
K06935.01,FALSE POSITIVE,4.719336335,91.91
K06936.01,FALSE POSITIVE,1.258274109,25.98
K06937.01,FALSE POSITIVE,8.966610607,56.94
K06938.01,FALSE POSITIVE,15.32763411,291.01
K06939.01,FALSE POSITIVE,2.10413487,67.03
K06940.01,FALSE POSITIVE,6.767341062,52.84
K06941.01,FALSE POSITIVE,1.92730001,45.99
K07068.01,FALSE POSITIVE,48.79936881,67.36
K07069.01,CANDIDATE,1.01485981,1.61
K07070.01,FALSE POSITIVE,5.882036054,119.09
K07071.01,FALSE POSITIVE,4.059428737,67.38
K07072.01,CANDIDATE,15.3902613,4.39
K07073.01,CANDIDATE,279.036565,30.25
K07074.01,CANDIDATE,26.8552365,1.49
K07075.01,FALSE POSITIVE,19.35954117,101.44
K07076.01,CANDIDATE,16.2347636,1.28
K07201.01,FALSE POSITIVE,1.287097944,0.89
K07202.01,FALSE POSITIVE,3.5565617,0.52
K07203.01,FALSE POSITIVE,3.55646511,0.56
K07204.01,FALSE POSITIVE,3.661895766,374.78
K07205.01,CANDIDATE,2.3518268,39.82
K07206.01,FALSE POSITIVE,2.35195525,59.62
K07207.01,FALSE POSITIVE,1.882438182,74.77
K07208.01,CANDIDATE,3.57944367,0.87
K07209.01,CANDIDATE,8.2553499,3.28
K07335.01,FALSE POSITIVE,5.682410334,72.9
K07336.01,FALSE POSITIVE,2.199069234,118.99
K07337.01,FALSE POSITIVE,1.481655821,59.19
K07338.01,FALSE POSITIVE,0.93370968,0.38
K07339.01,CANDIDATE,10.6982275,1.73
K07340.01,FALSE POSITIVE,1.388509353,52.43
K07341.01,FALSE POSITIVE,9.089355023,68.91
K07342.01,FALSE POSITIVE,0.94808587,37.72
K07466.01,FALSE POSITIVE,10.368552685,61.14
K07467.01,CANDIDATE,7.20558084,1.33
K07468.01,FALSE POSITIVE,13.8602646,19.71
K07469.01,FALSE POSITIVE,13.639480425,44.0
K07470.01,CANDIDATE,392.50115,1.9
K07471.01,CANDIDATE,5.29655591,1.3
K07472.01,FALSE POSITIVE,6.882686062,60.49
K07473.01,FALSE POSITIVE,1.407937865,19.09
K06288.01,FALSE POSITIVE,1.89117723,164.49
K06289.01,FALSE POSITIVE,52.884577,48.13
K06290.01,FALSE POSITIVE,1.429439352,54.36
K06291.01,CANDIDATE,8.8324193,0.98
K06292.01,FALSE POSITIVE,2.821328194,40.0
K06293.01,CANDIDATE,5.88836941,1.21
K06294.01,FALSE POSITIVE,11.961308501,51.58
K06295.01,FALSE POSITIVE,204.280255,8.99
K06420.01,FALSE POSITIVE,0.572079631,29.45
K06421.01,FALSE POSITIVE,0.822314545,0.54
K06422.01,FALSE POSITIVE,31.005392846,141.82
K06423.01,FALSE POSITIVE,2.189097,13.92
K06424.01,FALSE POSITIVE,17.51191534,52.64
K06425.01,CANDIDATE,521.10826,1.5
K06426.01,FALSE POSITIVE,41.3701638,59.95
K06427.01,FALSE POSITIVE,1.306220168,83.16
K06428.01,FALSE POSITIVE,631.632,1.56
K06543.01,FALSE POSITIVE,0.756511623,77.4
K06544.01,FALSE POSITIVE,10.845286549,319.52
K06545.01,FALSE POSITIVE,32.45541269,23.48
K06546.01,CANDIDATE,3.39401963,1.03
K06547.01,FALSE POSITIVE,5.917085496,75.86
K06548.01,FALSE POSITIVE,0.958871144,45.91
K06549.01,FALSE POSITIVE,0.5402463,6.2
K06550.01,FALSE POSITIVE,1.288046428,2.18
K06678.01,FALSE POSITIVE,4.200206781,105.07
K06679.01,FALSE POSITIVE,6.091954982,26.96
K06680.01,CANDIDATE,5.52507406,0.8
K06681.01,FALSE POSITIVE,485.52409,6149.09
K06682.01,FALSE POSITIVE,0.76647343,42.33
K06683.01,FALSE POSITIVE,5.2439783,1.03
K06684.01,FALSE POSITIVE,5.2436639,0.88
K06685.01,FALSE POSITIVE,5.2438269,0.76
K06812.01,FALSE POSITIVE,0.56678702,0.27
K06813.01,FALSE POSITIVE,2.19642864,0.79
K06814.01,FALSE POSITIVE,2.19635512,82.04
K06815.01,FALSE POSITIVE,26.718417546,66.69
K06816.01,FALSE POSITIVE,0.615787196,3.5
K06817.01,FALSE POSITIVE,548.08441,2.35
K06818.01,FALSE POSITIVE,2.213964145,57.06
K06819.01,CANDIDATE,3.226232203,1.01
K06942.01,FALSE POSITIVE,1.025534511,43.68
K06943.01,FALSE POSITIVE,7.64941291,53.4
K06944.01,FALSE POSITIVE,13.174807933,51.06
K06945.01,FALSE POSITIVE,0.655094658,26.41
K06946.01,FALSE POSITIVE,3.33287187,
K06947.01,FALSE POSITIVE,0.692239369,67.05
K06948.01,FALSE POSITIVE,17.030857558,73.8
K06949.01,CANDIDATE,2.352446342,1.24
K07077.01,FALSE POSITIVE,43.797829003,93.43
K07078.01,FALSE POSITIVE,4.254417651,133.79
K07079.01,FALSE POSITIVE,18.778162159,127.57
K07080.01,FALSE POSITIVE,1.25451792,
K07081.01,FALSE POSITIVE,1.575710265,246.75
K07082.01,FALSE POSITIVE,2.534740757,52.52
K07083.01,FALSE POSITIVE,37.59406667,43.08
K07084.01,FALSE POSITIVE,3.6972959,1.07
K07085.01,FALSE POSITIVE,6.855624762,33.93
K07210.01,FALSE POSITIVE,80.7060641,15.47
K07210.02,FALSE POSITIVE,2.17814513,1.22
K07211.01,FALSE POSITIVE,1.089077111,77.59
K07212.01,FALSE POSITIVE,1.089057762,0.44
K07213.01,FALSE POSITIVE,0.379412331,1.59
K07214.01,FALSE POSITIVE,0.585940879,26.57
K07215.01,CANDIDATE,3.90735046,0.83
K07216.01,FALSE POSITIVE,0.646523404,0.85
K07343.01,FALSE POSITIVE,0.626431697,34.05
K07344.01,FALSE POSITIVE,2.696354974,80.71
K07345.01,CANDIDATE,377.501257,2.16
K07346.01,FALSE POSITIVE,14.762889172,53.72
K07347.01,FALSE POSITIVE,4.5638537,2.97
K07348.01,FALSE POSITIVE,1.463775066,1.2
K07349.01,FALSE POSITIVE,8.098754149,123.02
K07350.01,FALSE POSITIVE,0.587938916,29.98
K07895.01,FALSE POSITIVE,246.87131,2.02
K07474.01,FALSE POSITIVE,0.71957289,
K07475.01,FALSE POSITIVE,1.559090282,129.87
K07476.01,FALSE POSITIVE,1.81993557,0.66
K07477.01,FALSE POSITIVE,0.612888148,0.93
K07478.01,FALSE POSITIVE,15.541358818,149.19
K07479.01,CANDIDATE,7.1969168,1.1
K07480.01,FALSE POSITIVE,12.8177012,1.21
K07481.01,FALSE POSITIVE,2.274628199,104.26
K07896.01,FALSE POSITIVE,85.338393,11.4
K06296.01,FALSE POSITIVE,5.499941793,59.94
K06297.01,FALSE POSITIVE,2.629870555,34.05
K06298.01,FALSE POSITIVE,1.97362159,
K06299.01,CANDIDATE,0.947554749,0.67
K06300.01,FALSE POSITIVE,6.62761199,82.03
K06301.01,CANDIDATE,50.271927,2.94
K06302.01,FALSE POSITIVE,28.597880332,74.25
K06303.01,FALSE POSITIVE,30.476518853,71.42
K06429.01,FALSE POSITIVE,252.1638623,50.74
K06430.01,FALSE POSITIVE,2.23416013,
K06431.01,FALSE POSITIVE,22.271198511,39.79
K06432.01,FALSE POSITIVE,73.894163515,39.18
K06433.01,FALSE POSITIVE,1.124033822,98.04
K06434.01,FALSE POSITIVE,2.796661168,47.68
K06435.01,FALSE POSITIVE,15.288709179,54.56
K06436.01,FALSE POSITIVE,1.83592242,46.3
K06437.01,FALSE POSITIVE,1.15495063,
K07879.01,CANDIDATE,128.208643,6.15
K06551.01,FALSE POSITIVE,1.516372183,1.06
K06552.01,FALSE POSITIVE,8.784575777,104.57
K06553.01,FALSE POSITIVE,1.949700508,56.11
K06554.01,FALSE POSITIVE,9.948701373,29.19
K06555.01,FALSE POSITIVE,3.457078812,86.12
K06556.01,FALSE POSITIVE,3.735993484,571.07
K06557.01,CANDIDATE,6.63448023,1.04
K06558.01,FALSE POSITIVE,12.4239677,0.87
K06559.01,FALSE POSITIVE,0.639721284,46.59
K06686.01,FALSE POSITIVE,1.25338826,0.64
K06687.01,CANDIDATE,1.002591901,0.87
K06688.01,FALSE POSITIVE,1.620813697,43.95
K06689.01,CANDIDATE,3.37116682,0.98
K06690.01,FALSE POSITIVE,5.2434664,2.83
K06691.01,FALSE POSITIVE,5.2439542,0.81
K06692.01,FALSE POSITIVE,5.2441517,0.91
K06693.01,FALSE POSITIVE,5.2443332,0.58
K06820.01,FALSE POSITIVE,20.726069913,51.9
K06821.01,FALSE POSITIVE,0.566801447,0.57
K06822.01,FALSE POSITIVE,0.566794934,1.15
K06823.01,FALSE POSITIVE,0.566800287,0.88
K06824.01,FALSE POSITIVE,0.566791946,1.54
K06825.01,FALSE POSITIVE,0.566790294,0.89
K06826.01,FALSE POSITIVE,0.566799725,0.77
K06827.01,FALSE POSITIVE,0.566801325,1.07
K06950.01,FALSE POSITIVE,14.854415674,29.77
K06951.01,FALSE POSITIVE,38.47674409,33.8
K06952.01,FALSE POSITIVE,10.643110689,31.72
K06953.01,FALSE POSITIVE,1.587485742,41.52
K06954.01,CANDIDATE,6.613671,0.91
K06955.01,FALSE POSITIVE,1.79621807,1.54
K06956.01,FALSE POSITIVE,20.2594232,1.23
K06957.01,CANDIDATE,1.48062814,0.76
K06958.01,FALSE POSITIVE,1.489442254,115.45
K07086.01,FALSE POSITIVE,1.12679793,21.07
K07087.01,FALSE POSITIVE,0.998217563,88.64
K07088.01,CANDIDATE,2.68814059,0.92
K07089.01,FALSE POSITIVE,0.58640848,0.48
K07090.01,FALSE POSITIVE,33.46947449,127.38
K07091.01,FALSE POSITIVE,1.827558898,118.28
K07092.01,FALSE POSITIVE,62.519211,1.9
K07093.01,CANDIDATE,97.991569,1.41
K07890.01,FALSE POSITIVE,349.85525,2.63
K07217.01,FALSE POSITIVE,2.488812012,83.26
K07218.01,FALSE POSITIVE,0.51811818,1.09
K07219.01,FALSE POSITIVE,542.52829,1.07
K07220.01,CANDIDATE,1.057080807,0.97
K07221.01,FALSE POSITIVE,11.567974732,45.65
K07222.01,FALSE POSITIVE,21.294733865,71.55
K07223.01,CANDIDATE,317.062416,1.59
K07224.01,CANDIDATE,13.4959496,1.62
K07225.01,FALSE POSITIVE,0.855763492,72.82
K07351.01,FALSE POSITIVE,2.045166206,131.41
K07352.01,FALSE POSITIVE,2.41349123,2.11
K07353.01,FALSE POSITIVE,0.447820618,1.42
K07354.01,CANDIDATE,43.2675604,1.61
K07355.01,FALSE POSITIVE,1.23133063,0.54
K07356.01,FALSE POSITIVE,0.61566096,0.84
K07357.01,FALSE POSITIVE,1.23140522,0.81
K07358.01,CANDIDATE,11.3251153,1.26
K07897.01,FALSE POSITIVE,31.9714488,0.87
K07482.01,FALSE POSITIVE,9.762550001,68.93
K07483.01,CANDIDATE,16.9163386,0.68
K07484.01,CANDIDATE,37.0200232,2.14
K07485.01,FALSE POSITIVE,2.521265,1.16
K07486.01,FALSE POSITIVE,5.674353343,51.63
K07487.01,FALSE POSITIVE,0.734426335,51.42
K07488.01,FALSE POSITIVE,0.734426409,0.98
K07489.01,CANDIDATE,0.565713361,0.81
K06304.01,FALSE POSITIVE,13.782522208,41.84
K06305.01,FALSE POSITIVE,1.89121656,0.73
K06306.01,FALSE POSITIVE,3.693702974,62.55
K06307.01,FALSE POSITIVE,10.265613245,61.45
K06308.01,FALSE POSITIVE,2.163569702,85.64
K06309.01,FALSE POSITIVE,0.730956716,0.57
K06310.01,FALSE POSITIVE,7.04715073,1.54
K06311.01,FALSE POSITIVE,7.047106212,119.64
K06438.01,FALSE POSITIVE,0.961292561,92.55
K06439.01,FALSE POSITIVE,63.68192888,71.45
K06441.01,FALSE POSITIVE,9.455586047,178.47
K06442.01,FALSE POSITIVE,1.246585716,81.28
K06443.01,FALSE POSITIVE,0.898932836,1.51
K06444.01,FALSE POSITIVE,3.45423296,0.95
K06445.01,FALSE POSITIVE,7.304451735,59.02
K06446.01,FALSE POSITIVE,1.181046137,37.78
K06560.01,FALSE POSITIVE,0.68396452,
K06561.01,FALSE POSITIVE,2.025580416,43.23
K06562.01,FALSE POSITIVE,58.64379,1.05
K06563.01,FALSE POSITIVE,20.28281916,22.46
K06564.01,FALSE POSITIVE,4.931365987,139.59
K06565.01,FALSE POSITIVE,4.331392455,38.82
K06566.01,FALSE POSITIVE,345.1846728,44.91
K06567.01,FALSE POSITIVE,9.58405667,99.66
K06694.01,FALSE POSITIVE,5.2436612,1.1
K06695.01,FALSE POSITIVE,3.7789374,0.48
K06696.01,FALSE POSITIVE,1.88984957,73.04
K06697.01,CANDIDATE,82.97062172,
K06698.01,CANDIDATE,5.22422449,
K06699.01,FALSE POSITIVE,2.49904083,1.04
K06700.01,FALSE POSITIVE,1.99567242,0.75
K06701.01,FALSE POSITIVE,0.89879279,0.57
K06702.01,FALSE POSITIVE,16.434352831,25.25
K06828.01,FALSE POSITIVE,0.566793818,1.17
K06829.01,FALSE POSITIVE,0.566797474,1.04
K06830.01,FALSE POSITIVE,1.585673651,50.53
K06831.01,FALSE POSITIVE,14.797219157,47.71
K06832.01,FALSE POSITIVE,6.49066214,33.46
K06833.01,FALSE POSITIVE,7.11879848,41.17
K06834.01,FALSE POSITIVE,6.99510404,216.92
K06835.01,CANDIDATE,22.50053441,
K06959.01,FALSE POSITIVE,2.897829967,54.35
K06960.01,CANDIDATE,4.88698386,1.2
K06961.01,FALSE POSITIVE,0.706428634,47.64
K06962.01,FALSE POSITIVE,10.8632531,19.93
K06963.01,FALSE POSITIVE,1.46842648,40.3
K06964.01,FALSE POSITIVE,4.305917719,71.49
K06965.01,FALSE POSITIVE,1.28659726,
K06966.01,CANDIDATE,8.47484677,1.35
K06967.01,FALSE POSITIVE,2.535389624,16.24
K07094.01,CANDIDATE,13.56092626,
K07095.01,FALSE POSITIVE,1.627538928,1.42
K07096.01,FALSE POSITIVE,1.506503686,178.15
K07097.01,FALSE POSITIVE,1.679585725,28.99
K07098.01,FALSE POSITIVE,5.40346248,108.46
K07099.01,CANDIDATE,34.0357766,1.05
K07100.01,FALSE POSITIVE,0.824851807,78.0
K07101.01,FALSE POSITIVE,0.82484293,97.92
K07102.01,FALSE POSITIVE,4.4473549,1.52
K07226.01,CANDIDATE,42.48452259,
K07227.01,FALSE POSITIVE,7.51509713,1.23
K07228.01,FALSE POSITIVE,7.51514595,35.8
K07229.01,FALSE POSITIVE,19.230038188,186.53
K07230.01,FALSE POSITIVE,21.120005744,31.2
K07231.01,FALSE POSITIVE,0.82206761,91.21
K07231.02,CANDIDATE,4.74701479,13333.5
K07232.01,CANDIDATE,1.96682825,1.18
K07233.01,FALSE POSITIVE,45.035589512,82.4
K07359.01,CANDIDATE,4.237447181,2.26
K07360.01,CANDIDATE,4.0953585,7.76
K07361.01,CANDIDATE,0.92623983,1.16
K07362.01,FALSE POSITIVE,3.10197712,2.64
K07363.01,FALSE POSITIVE,2.618414643,109.33
K07364.01,FALSE POSITIVE,2.61844178,2.16
K07365.01,FALSE POSITIVE,19.407958161,44.96
K07366.01,FALSE POSITIVE,0.933747375,8.93
K07490.01,FALSE POSITIVE,37.910213899,29.45
K07491.01,FALSE POSITIVE,3.74785307,9.04
K07492.01,FALSE POSITIVE,3.747835042,141.7
K07493.01,FALSE POSITIVE,0.94754848,224.79
K07494.01,FALSE POSITIVE,1.75643185,0.58
K07495.01,FALSE POSITIVE,1.756466865,87.4
K07496.01,FALSE POSITIVE,33.159475806,146.47
K07497.01,FALSE POSITIVE,46.14869106,114.2
K07498.01,FALSE POSITIVE,60.2976774,63.57
K00126.02,CANDIDATE,0.875197345,0.73
K01106.03,CANDIDATE,13.2298203,1.5
K01110.02,CANDIDATE,3.71840884,0.84
K06312.01,FALSE POSITIVE,1.703347524,47.62
K06313.01,FALSE POSITIVE,1.70332915,0.86
K06314.01,FALSE POSITIVE,20.413812,16.5
K06315.01,CANDIDATE,5.32737192,0.7
K06316.01,FALSE POSITIVE,67.41958542,49.46
K06317.01,FALSE POSITIVE,7.363572395,82.22
K06318.01,CANDIDATE,5.90260586,1.26
K06319.01,FALSE POSITIVE,33.693201537,68.86
K06320.01,CANDIDATE,22.80265,2.36
K06447.01,FALSE POSITIVE,1.120997701,66.58
K06448.01,FALSE POSITIVE,1.874967748,378.99
K06449.01,CANDIDATE,29.9315174,1.58
K06450.01,CANDIDATE,0.602277579,0.78
K06451.01,FALSE POSITIVE,2.40440112,0.42
K06452.01,FALSE POSITIVE,21.926779,1.26
K06453.01,FALSE POSITIVE,25.706001174,67.11
K06454.01,CANDIDATE,27.2173855,1.34
K06455.01,FALSE POSITIVE,501.90703,1.83
K06568.01,CANDIDATE,6.27651592,0.65
K06569.01,FALSE POSITIVE,3.115304946,61.66
K06570.01,CANDIDATE,16.214474,3.53
K06571.01,FALSE POSITIVE,12.422524,0.86
K06572.01,FALSE POSITIVE,12.4269264,1.66
K06573.01,FALSE POSITIVE,12.4261809,1.88
K06574.01,FALSE POSITIVE,0.61810542,39.52
K06575.01,FALSE POSITIVE,1.06995136,0.9
K06703.01,FALSE POSITIVE,2.158398259,101.02
K06704.01,FALSE POSITIVE,359.534371,64333.8
K06705.01,CANDIDATE,0.9951412,0.22
K06706.01,FALSE POSITIVE,534.86668,4.3
K06707.01,CANDIDATE,43.535891,1.86
K06708.01,FALSE POSITIVE,1.39797542,0.49
K06709.01,FALSE POSITIVE,2.2127498,0.68
K06710.01,FALSE POSITIVE,0.776976021,48.15
K06836.01,FALSE POSITIVE,2.25353739,96.65
K06837.01,FALSE POSITIVE,17.99646148,114.45
K06838.01,FALSE POSITIVE,1.386249249,78.6
K06839.01,FALSE POSITIVE,0.53482911,0.54
K06840.01,FALSE POSITIVE,0.566799833,1.27
K06841.01,FALSE POSITIVE,0.566795728,0.64
K06842.01,FALSE POSITIVE,14.665759784,67.17
K06843.01,FALSE POSITIVE,0.566780836,0.75
K07888.01,CANDIDATE,4.7368156,0.6
K06968.01,FALSE POSITIVE,15.44605962,52.93
K06969.01,FALSE POSITIVE,1.790518325,32.19
K06970.01,CANDIDATE,40.7698541,1.87
K06971.01,CANDIDATE,129.222771,2.01
K06972.01,FALSE POSITIVE,1.03905082,0.87
K06973.01,FALSE POSITIVE,0.503201954,2.99
K06974.01,FALSE POSITIVE,7.140373046,61.56
K06975.01,FALSE POSITIVE,53.647084859,142.04
K07103.01,FALSE POSITIVE,2.496328637,112.28
K07104.01,FALSE POSITIVE,16.31328124,30.85
K07105.01,FALSE POSITIVE,1.721313779,83.69
K07106.01,CANDIDATE,5.01880305,1.08
K07107.01,FALSE POSITIVE,1.50650745,1.13
K07108.01,FALSE POSITIVE,8.209514329,149.52
K07109.01,FALSE POSITIVE,3.431126546,47.48
K07110.01,FALSE POSITIVE,1.583334941,52.0
K07111.01,CANDIDATE,23.59919017,
K07234.01,FALSE POSITIVE,8.429438192,49.49
K07235.01,CANDIDATE,299.70688,1.15
K07236.01,CANDIDATE,14.461834,1.05
K07237.01,FALSE POSITIVE,7.9320191,1.04
K07238.01,FALSE POSITIVE,1.374249107,96.85
K07239.01,FALSE POSITIVE,8.4804737,1.85
K07240.01,FALSE POSITIVE,0.94242156,
K07241.01,FALSE POSITIVE,4.994773558,62.69
K07367.01,FALSE POSITIVE,1.105094098,267.59
K07368.01,CONFIRMED,6.842939,
K07369.01,FALSE POSITIVE,0.8170226,57.56
K07370.01,CANDIDATE,4.48538145,0.96
K07371.01,FALSE POSITIVE,19.40669392,57.97
K07372.01,FALSE POSITIVE,7.143708297,44.78
K07373.01,FALSE POSITIVE,0.952377862,28.44
K07374.01,FALSE POSITIVE,3.521050679,256.2
K07375.01,CANDIDATE,4.84847245,1.51
K07499.01,FALSE POSITIVE,1.941635737,59.71
K07500.01,FALSE POSITIVE,0.539445498,68.65
K07501.01,FALSE POSITIVE,20.7106853,89.55
K07502.01,FALSE POSITIVE,2.521245368,56.59
K07503.01,FALSE POSITIVE,2.52122764,0.91
K07504.01,FALSE POSITIVE,2.5212708,0.81
K07505.01,FALSE POSITIVE,8.202869679,110.46
K07506.01,CANDIDATE,11.8436119,1.41
K07507.01,FALSE POSITIVE,3.442714533,47.02
K01126.02,FALSE POSITIVE,475.91706,28.22
K01347.02,FALSE POSITIVE,0.858285844,0.9
K01427.02,CANDIDATE,4.88446644,0.84
K01574.04,CANDIDATE,8.9772888,1.79
K01602.02,CANDIDATE,3.03359398,1.55
K01681.04,CANDIDATE,21.9139549,10.39
K01803.03,FALSE POSITIVE,6.238315363,0.7
K01840.02,CANDIDATE,9.3888216,20.91
K06321.01,FALSE POSITIVE,2.115510941,191.42
K06322.01,FALSE POSITIVE,1.015044104,1.98
K06323.01,FALSE POSITIVE,3.711013336,55.69
K06324.01,FALSE POSITIVE,2.97606298,5.65
K06325.01,FALSE POSITIVE,2.97586085,0.85
K06326.01,FALSE POSITIVE,14.658013949,121.59
K06327.01,FALSE POSITIVE,18.839487435,45.2
K06328.01,FALSE POSITIVE,0.555973803,1.9
K06456.01,FALSE POSITIVE,4.426344495,78.3
K06457.01,FALSE POSITIVE,0.957823876,110.91
K06458.01,FALSE POSITIVE,5.024768971,42.15
K06459.01,FALSE POSITIVE,30.960216668,62.08
K06460.01,FALSE POSITIVE,2.470283788,157.82
K06461.01,FALSE POSITIVE,1.23516416,0.92
K06462.01,FALSE POSITIVE,1.23513471,0.7
K06463.01,FALSE POSITIVE,0.8903331,20.96
K06464.01,FALSE POSITIVE,20.000242814,21.57
K06576.01,FALSE POSITIVE,10.217121652,81.1
K06577.01,FALSE POSITIVE,0.618060842,0.51
K06578.01,FALSE POSITIVE,0.759764419,138.54
K06579.01,CANDIDATE,2.6528082,1.17
K06580.01,FALSE POSITIVE,21.539269242,53.0
K06581.01,FALSE POSITIVE,5.270733213,37.93
K06582.01,CANDIDATE,2.43135542,1.07
K06583.01,FALSE POSITIVE,12.4232158,1.3
K06711.01,FALSE POSITIVE,4.3206933,1.66
K06712.01,FALSE POSITIVE,16.486796364,46.92
K06713.01,FALSE POSITIVE,5.7768734,3.13
K06714.01,FALSE POSITIVE,20.148807707,68.52
K06715.01,FALSE POSITIVE,0.687772143,46.27
K06716.01,FALSE POSITIVE,0.843651274,39.98
K06717.01,FALSE POSITIVE,1.142946648,43.5
K06718.01,FALSE POSITIVE,7.217010987,89.71
K07885.01,FALSE POSITIVE,9.72869627,42.47
K06844.01,FALSE POSITIVE,0.566791802,0.66
K06845.01,FALSE POSITIVE,2.245738777,99.05
K06846.01,FALSE POSITIVE,2.24572117,0.74
K06847.01,FALSE POSITIVE,0.566801906,0.55
K06848.01,FALSE POSITIVE,2.316171991,49.53
K06849.01,CANDIDATE,12.54474243,1.88
K06850.01,FALSE POSITIVE,0.56680208,
K06851.01,FALSE POSITIVE,0.566810701,1.49
K06852.01,FALSE POSITIVE,0.566813319,23.19
K06976.01,FALSE POSITIVE,28.787257509,91.26
K06977.01,FALSE POSITIVE,0.835315046,30.54
K06978.01,CANDIDATE,3.07551068,0.84
K06979.01,FALSE POSITIVE,26.0164225,61.04
K06980.01,CANDIDATE,6.29340543,1.08
K06981.01,FALSE POSITIVE,593.19521,1.63
K06982.01,FALSE POSITIVE,0.706430188,0.41
K06983.01,CANDIDATE,7.7021729,0.85
K07112.01,FALSE POSITIVE,0.78430061,1.14
K07113.01,FALSE POSITIVE,2.665875491,67.43
K07114.01,FALSE POSITIVE,2.6658312,0.99
K07115.01,FALSE POSITIVE,1.5765874,15.68
K07116.01,CANDIDATE,2.52557582,0.62
K07117.01,CANDIDATE,8.2927558,1.01
K07117.02,CANDIDATE,22.786522,1.45
K07118.01,FALSE POSITIVE,28.027891356,31.3
K07242.01,FALSE POSITIVE,2.028512246,50.28
K07243.01,FALSE POSITIVE,1.33256167,0.63
K07244.01,FALSE POSITIVE,1.332567821,0.96
K07245.01,FALSE POSITIVE,1.332545609,28.37
K07246.01,FALSE POSITIVE,1.33256256,16.03
K07247.01,FALSE POSITIVE,1.33258981,0.67
K07248.01,FALSE POSITIVE,1.33258375,0.84
K07249.01,FALSE POSITIVE,8.9648813,28.97
K07376.01,CANDIDATE,1.284241817,1.18
K07377.01,FALSE POSITIVE,2.161583501,29.61
K07378.01,CONFIRMED,8.7396758,3.29
K07379.01,FALSE POSITIVE,0.535493486,1.42
K07380.01,CANDIDATE,15.9474242,1.21
K07381.01,FALSE POSITIVE,24.261683827,58.48
K07382.01,FALSE POSITIVE,32.532521502,24.35
K07383.01,CANDIDATE,50.0122,1.2
K07508.01,FALSE POSITIVE,4.627775175,32.62
K07509.01,FALSE POSITIVE,28.7850347,2.5
K07510.01,CANDIDATE,5.60682001,1.04
K07511.01,FALSE POSITIVE,6.096030635,406.97
K07512.01,FALSE POSITIVE,31.953038766,47.96
K07513.01,FALSE POSITIVE,5.9371708,1.17
K07514.01,FALSE POSITIVE,0.577844035,18.93
K07515.01,FALSE POSITIVE,2.630090609,83.5
K07516.01,FALSE POSITIVE,43.204596783,43.15
K01957.02,FALSE POSITIVE,1.75147897,1.8
K02050.02,CANDIDATE,3.17796408,0.74
K02103.02,CANDIDATE,3.66520844,0.82
K02199.02,CANDIDATE,3.05293416,1.18
K02232.02,CANDIDATE,12.834857,1.73
K02321.02,CANDIDATE,36.2530992,1.43
K02421.02,CANDIDATE,4.02321842,0.48
K02439.02,CANDIDATE,7.5017934,1.32
K02449.02,CANDIDATE,0.912351255,1.46
K06329.01,CANDIDATE,12.4701111,2.06
K06330.01,FALSE POSITIVE,3.495457889,84.49
K06331.01,CANDIDATE,5.8229815,1.36
K06332.01,FALSE POSITIVE,4.01668015,22.11
K06333.01,FALSE POSITIVE,1.89134156,0.99
K06334.01,FALSE POSITIVE,2.881100027,446.29
K06335.01,FALSE POSITIVE,0.806277023,0.89
K06336.01,FALSE POSITIVE,0.513482156,0.83
K06464.02,FALSE POSITIVE,225.66716,1.94
K06465.01,FALSE POSITIVE,4.24748886,1.01
K06466.01,FALSE POSITIVE,1.000012952,2.12
K06467.01,FALSE POSITIVE,0.878803439,51.97
K06468.01,FALSE POSITIVE,1.560158562,45.91
K06469.01,FALSE POSITIVE,34.188302705,74.5
K06470.01,FALSE POSITIVE,8.65303996,1.88
K06471.01,FALSE POSITIVE,8.65311903,0.85
K06584.01,FALSE POSITIVE,12.4253812,1.14
K06585.01,FALSE POSITIVE,12.42555999,4.72
K06586.01,FALSE POSITIVE,12.4257442,8.43
K06587.01,FALSE POSITIVE,12.4254241,2.17
K06588.01,FALSE POSITIVE,2.991884392,40.11
K06589.01,FALSE POSITIVE,1.795273026,55.26
K06590.01,FALSE POSITIVE,0.755109271,0.47
K06591.01,FALSE POSITIVE,0.755101141,0.19
K06719.01,FALSE POSITIVE,1.75251585,1.02
K06720.01,FALSE POSITIVE,1.752450163,0.79
K06721.01,FALSE POSITIVE,8.27923132,1.08
K06722.01,FALSE POSITIVE,2.212877035,69.18
K06723.01,FALSE POSITIVE,0.845097627,0.78
K06724.01,FALSE POSITIVE,17.445640466,63.46
K06725.01,FALSE POSITIVE,14.313157391,34.98
K06726.01,FALSE POSITIVE,0.676990194,37.5
K06727.01,FALSE POSITIVE,0.515875396,7.22
K06853.01,FALSE POSITIVE,2.83401711,0.93
K06854.01,FALSE POSITIVE,0.566803996,0.64
K06855.01,FALSE POSITIVE,0.56681118,
K06856.01,FALSE POSITIVE,0.566799927,0.77
K06857.01,FALSE POSITIVE,0.566786121,0.79
K06858.01,FALSE POSITIVE,0.56679797,0.65
K06859.01,FALSE POSITIVE,0.566802891,1.29
K06860.01,CANDIDATE,0.576732089,0.43
K06984.01,FALSE POSITIVE,1.01884975,0.47
K06985.01,CANDIDATE,10.9279755,0.81
K06986.01,FALSE POSITIVE,32.440339204,44.56
K06987.01,FALSE POSITIVE,0.552141897,10.04
K06988.01,FALSE POSITIVE,2.62387291,74.23
K06989.01,FALSE POSITIVE,0.75509861,60.74
K06990.01,FALSE POSITIVE,3.671661096,105.82
K06991.01,FALSE POSITIVE,22.673145675,30.92
K07119.01,FALSE POSITIVE,0.50948306,1.22
K07120.01,FALSE POSITIVE,17.329965871,42.58
K07121.01,FALSE POSITIVE,1.890227354,42.05
K07122.01,FALSE POSITIVE,1.387206724,103.41
K07123.01,FALSE POSITIVE,1.38718209,0.68
K07124.01,FALSE POSITIVE,35.026564845,34.88
K07125.01,CANDIDATE,7.918267,0.93
K07126.01,FALSE POSITIVE,3.138580493,59.24
K07250.01,FALSE POSITIVE,9.26147679,
K07251.01,FALSE POSITIVE,581.0723,161858.0
K07252.01,CANDIDATE,10.2170589,1.17
K07253.01,FALSE POSITIVE,3.50474265,200.24
K07254.01,FALSE POSITIVE,2.14344093,28.69
K07255.01,CANDIDATE,86.95432088,
K07256.01,FALSE POSITIVE,9.058487716,20.51
K07257.01,FALSE POSITIVE,2.856085147,88.52
K07384.01,FALSE POSITIVE,0.876941133,0.85
K07385.01,FALSE POSITIVE,39.238141571,90.93
K07386.01,FALSE POSITIVE,53.7406575,25.44
K07387.01,FALSE POSITIVE,7.436016459,31.39
K07388.01,FALSE POSITIVE,0.750737313,0.48
K07389.01,CANDIDATE,27.5837778,11.03
K07390.01,FALSE POSITIVE,14.361021578,45.9
K07391.01,FALSE POSITIVE,2.570431263,50.18
K07392.01,FALSE POSITIVE,6.64024496,74.4
K07517.01,FALSE POSITIVE,14.844240386,28.97
K07518.01,FALSE POSITIVE,4.42158021,188.89
K07519.01,FALSE POSITIVE,25.321698729,56.62
K07520.01,CANDIDATE,3.14735789,3.45
K07521.01,FALSE POSITIVE,37.878483588,46.42
K07522.01,FALSE POSITIVE,10.116144515,17.21
K07523.01,FALSE POSITIVE,0.684496369,1.12
K07524.01,FALSE POSITIVE,1.953285321,151.56
K07898.01,FALSE POSITIVE,1.012174295,114.4
K02523.02,CANDIDATE,2.61090223,1.8
K02564.02,CANDIDATE,17.6637979,2.98
K02623.02,CANDIDATE,4.02664625,0.68
K02636.02,CANDIDATE,5.1777226,0.63
K00283.03,CANDIDATE,9.48814747,0.73
K02756.02,CANDIDATE,5.06993245,0.92
K02896.02,FALSE POSITIVE,346.36642,1.57
K02918.02,FALSE POSITIVE,0.51554111,
K06337.01,FALSE POSITIVE,0.892061734,46.75
K06338.01,FALSE POSITIVE,3.471399214,89.62
K06339.01,FALSE POSITIVE,4.176929219,31.35
K06340.01,FALSE POSITIVE,6.3762199,
K06341.01,CANDIDATE,9.78184193,
K06342.01,CANDIDATE,8.1770751,0.83
K06343.01,CANDIDATE,569.45051,1.96
K06344.01,FALSE POSITIVE,0.823014905,22.17
K06472.01,FALSE POSITIVE,0.796815149,10.23
K06473.01,FALSE POSITIVE,26.951237675,146.33
K06474.01,FALSE POSITIVE,18.11208877,96.62
K06475.01,CANDIDATE,4.84505985,1.54
K06476.01,FALSE POSITIVE,4.408295716,35.68
K06477.01,FALSE POSITIVE,8.665259912,82.42
K06478.01,FALSE POSITIVE,4.726086185,41.38
K06479.01,FALSE POSITIVE,8.643550046,38.21
K07880.01,CANDIDATE,623.70774,1.81
K06592.01,FALSE POSITIVE,1.51945182,0.5
K06593.01,FALSE POSITIVE,0.759755409,0.91
K06594.01,FALSE POSITIVE,5.082523739,61.88
K06595.01,FALSE POSITIVE,1.02547271,0.94
K06596.01,FALSE POSITIVE,1.025465924,106.84
K06597.01,FALSE POSITIVE,74.985292949,49.22
K06598.01,CANDIDATE,10.95210361,
K06599.01,FALSE POSITIVE,25.762056721,74.87
K06600.01,CANDIDATE,2.70581614,0.69
K06728.01,FALSE POSITIVE,1.195516859,75.54
K06729.01,FALSE POSITIVE,1.995728294,45.2
K06730.01,FALSE POSITIVE,10.768391927,52.8
K06731.01,CANDIDATE,3.84615171,1.14
K06732.01,FALSE POSITIVE,0.733724504,0.96
K06733.01,CANDIDATE,1.28940823,2.48
K06734.01,CANDIDATE,498.27269,2.12
K06735.01,FALSE POSITIVE,5.08840787,55.3
K06736.01,FALSE POSITIVE,18.527824075,64.66
K06861.01,FALSE POSITIVE,12.155241119,34.62
K06862.01,CANDIDATE,11.0495766,0.83
K06863.01,CONFIRMED,4.48559215,0.95
K06864.01,FALSE POSITIVE,0.566789763,0.4
K06865.01,FALSE POSITIVE,0.566811926,0.91
K06866.01,FALSE POSITIVE,2.525386934,67.24
K06867.01,FALSE POSITIVE,0.566801506,0.62
K06868.01,FALSE POSITIVE,0.566803738,1.13
K06992.01,FALSE POSITIVE,1.69421771,0.74
K06993.01,CANDIDATE,13.8086331,1.09
K06994.01,CANDIDATE,4.25907841,0.7
K06995.01,FALSE POSITIVE,2.739477089,50.48
K06996.01,FALSE POSITIVE,1.307761491,29.17
K06997.01,FALSE POSITIVE,4.028671454,52.42
K06998.01,FALSE POSITIVE,2.30118753,140.23
K06999.01,FALSE POSITIVE,0.449249224,95.83
K07127.01,FALSE POSITIVE,0.687004402,2.89
K07128.01,FALSE POSITIVE,0.91839938,1.0
K07129.01,CANDIDATE,64.1983721,1.74
K07130.01,FALSE POSITIVE,0.94356284,0.76
K07131.01,FALSE POSITIVE,2.243569483,21.11
K07132.01,FALSE POSITIVE,8.258181993,58.19
K07133.01,CANDIDATE,82.78482,2.16
K07134.01,FALSE POSITIVE,1.81139053,14.47
K07258.01,CANDIDATE,2.4376438,0.79
K07259.01,CANDIDATE,0.721522907,11.04
K07260.01,FALSE POSITIVE,7.09520543,50.23
K07261.01,FALSE POSITIVE,0.651731691,71.9
K07262.01,FALSE POSITIVE,0.50818743,1.26
K07263.01,FALSE POSITIVE,2.73398963,
K07264.01,CANDIDATE,19.1644498,1.83
K07265.01,FALSE POSITIVE,40.069674617,27.38
K07893.01,FALSE POSITIVE,55.884827,2.11
K07393.01,FALSE POSITIVE,3.75938475,3.1
K07394.01,FALSE POSITIVE,10.6840477,26.43
K07395.01,FALSE POSITIVE,2.00280845,
K07396.01,FALSE POSITIVE,10.67459836,68.58
K07397.01,FALSE POSITIVE,2.305097141,89.22
K07398.01,FALSE POSITIVE,0.974477904,618.37
K07399.01,FALSE POSITIVE,18.525917446,64.42
K07400.01,CANDIDATE,4.15736472,1.09
K07525.01,FALSE POSITIVE,0.502454299,43.95
K07526.01,FALSE POSITIVE,27.308150159,47.06
K07527.01,FALSE POSITIVE,1.262742487,134.45
K07528.01,FALSE POSITIVE,0.59586463,
K07529.01,FALSE POSITIVE,1.222127938,30.32
K07530.01,FALSE POSITIVE,8.627475562,188.55
K07531.01,FALSE POSITIVE,0.589753355,1.03
K07532.01,FALSE POSITIVE,2.751566365,42.98
K07533.01,FALSE POSITIVE,0.760935268,35.68
K03019.02,CANDIDATE,2.012094,0.99
K03051.02,FALSE POSITIVE,1.33258772,1.13
K03053.02,CANDIDATE,9.4767057,1.38
K03068.02,CANDIDATE,6.65171459,0.84
K03344.03,CANDIDATE,208.54335,2.84
K03348.02,CANDIDATE,17.7189786,1.44
K03395.02,CANDIDATE,5.0395851,0.78
K03425.03,CANDIDATE,7.64370363,1.85
K06345.01,FALSE POSITIVE,1.353414369,216.31
K06346.01,FALSE POSITIVE,2.9590637,0.65
K06347.01,FALSE POSITIVE,1.806631432,1.05
K06348.01,FALSE POSITIVE,15.066491533,88.56
K06349.01,FALSE POSITIVE,1.831829703,49.38
K06350.01,FALSE POSITIVE,0.738527259,49.08
K06351.01,FALSE POSITIVE,0.89627093,43.47
K06352.01,CANDIDATE,5.11683678,1.16
K06480.01,FALSE POSITIVE,1.06100327,0.94
K06481.01,FALSE POSITIVE,0.922030594,49.63
K06482.01,FALSE POSITIVE,611.09299,1.53
K06483.01,FALSE POSITIVE,24.714790706,112.24
K06484.01,CANDIDATE,16.1191449,1.34
K06485.01,FALSE POSITIVE,3.6329347,
K06486.01,FALSE POSITIVE,1.161947482,68.69
K06487.01,FALSE POSITIVE,0.607191908,12.44
K07881.01,FALSE POSITIVE,2.2502073,19.94
K06601.01,CANDIDATE,17.9925973,1.62
K06602.01,FALSE POSITIVE,0.648775795,41.58
K06603.01,FALSE POSITIVE,4.132521615,93.1
K06604.01,FALSE POSITIVE,410.88527,200346.0
K06605.01,CANDIDATE,74.371666,2.39
K06606.01,FALSE POSITIVE,0.938905082,205.64
K06607.01,FALSE POSITIVE,0.93891532,1.13
K06608.01,FALSE POSITIVE,16.294213708,68.05
K06609.01,FALSE POSITIVE,11.02520205,164.02
K06737.01,FALSE POSITIVE,10.819169459,67.76
K06738.01,FALSE POSITIVE,2.680514453,48.86
K06739.01,CANDIDATE,19.164111,1.11
K06740.01,FALSE POSITIVE,1.053573674,299.87
K06741.01,FALSE POSITIVE,0.970085646,18.65
K06742.01,FALSE POSITIVE,63.52017525,77.1
K06743.01,FALSE POSITIVE,11.300987626,97.12
K06744.01,FALSE POSITIVE,0.92098747,
K06869.01,FALSE POSITIVE,2.182515126,128.15
K06870.01,FALSE POSITIVE,2.659418888,61.52
K06871.01,FALSE POSITIVE,2.31610674,0.7
K06872.01,CANDIDATE,13.5164708,0.88
K06873.01,FALSE POSITIVE,0.948683571,1.12
K06874.01,FALSE POSITIVE,1.65546056,0.9
K06875.01,FALSE POSITIVE,1.655472351,125.25
K06876.01,FALSE POSITIVE,4.50279037,
K07000.01,FALSE POSITIVE,1.759276227,40.79
K07001.01,FALSE POSITIVE,1.09206792,0.74
K07002.01,CANDIDATE,4.83014159,1.3
K07003.01,CANDIDATE,2.41194057,1.35
K07004.01,FALSE POSITIVE,1.613014741,157.33
K07005.01,FALSE POSITIVE,6.2089181,9.2
K07006.01,FALSE POSITIVE,0.77996263,0.83
K07007.01,CANDIDATE,0.800263219,0.77
K07135.01,FALSE POSITIVE,18.646323091,213.31
K07136.01,CANDIDATE,441.17369,2.27
K07137.01,FALSE POSITIVE,3.6673005,0.62
K07138.01,FALSE POSITIVE,3.044771557,231.93
K07139.01,FALSE POSITIVE,0.773144492,107.13
K07140.01,FALSE POSITIVE,2.66811113,1.53
K07141.01,FALSE POSITIVE,50.440285363,51.5
K07142.01,FALSE POSITIVE,3.255385289,40.58
K07266.01,FALSE POSITIVE,7.4185369,0.81
K07267.01,FALSE POSITIVE,15.68434493,56.23
K07268.01,FALSE POSITIVE,5.357409918,124.05
K07269.01,FALSE POSITIVE,1.400991827,98.13
K07270.01,CANDIDATE,19.2532128,1.42
K07271.01,FALSE POSITIVE,1.34062901,0.82
K07272.01,CANDIDATE,14.1011023,1.26
K07273.01,FALSE POSITIVE,7.448375935,34.37
K07401.01,FALSE POSITIVE,0.533628226,2.41
K07402.01,FALSE POSITIVE,0.678137665,30.37
K07403.01,FALSE POSITIVE,2.069415479,55.45
K07404.01,CANDIDATE,1.817079849,1.39
K07405.01,FALSE POSITIVE,8.04963472,95.98
K07406.01,FALSE POSITIVE,11.578946873,58.32
K07407.01,FALSE POSITIVE,1.47258471,123.25
K07408.01,CANDIDATE,5.15998178,19.07
K07409.01,FALSE POSITIVE,4.446459958,36.15
K07534.01,CANDIDATE,23.3787733,0.92
K07535.01,CANDIDATE,15.09984259,4.11
K07536.01,FALSE POSITIVE,8.207257515,46.82
K07537.01,FALSE POSITIVE,498.68845,2.44
K07538.01,FALSE POSITIVE,1.22775105,1.0
K07539.01,CANDIDATE,15.3416245,1.3
K07540.01,CANDIDATE,21.980467,0.92
K07541.01,FALSE POSITIVE,7.214721393,16.79
K02704.03,CONFIRMED,8.15275885,2.44
K03461.02,FALSE POSITIVE,3.18740907,0.81
K03716.02,FALSE POSITIVE,10.23273611,
K04006.02,FALSE POSITIVE,0.962815183,1.12
K04032.05,CANDIDATE,7.23524221,0.82
K04084.02,CANDIDATE,10.72900793,1.78
K04084.03,CANDIDATE,8.19619768,1.55
K04157.02,CANDIDATE,5.215752,0.83
K04211.02,FALSE POSITIVE,0.696290095,12.63
K06353.01,CANDIDATE,10.0714369,1.98
K06354.01,FALSE POSITIVE,0.62240698,1.63
K06355.01,CANDIDATE,4.37198905,0.93
K06355.02,CANDIDATE,6.72876606,1.03
K06356.01,FALSE POSITIVE,24.09002065,9.39
K06357.01,FALSE POSITIVE,4.4158933,1.42
K06358.01,CANDIDATE,3.09383248,1.32
K06359.01,FALSE POSITIVE,2.666961614,40.68
K06488.01,FALSE POSITIVE,1.17430183,2.22
K06489.01,CANDIDATE,14.05652256,
K06490.01,FALSE POSITIVE,15.039464523,51.71
K06491.01,FALSE POSITIVE,3.693951168,20.88
K06492.01,FALSE POSITIVE,1.05680287,0.83
K06493.01,FALSE POSITIVE,0.787122102,20.76
K06494.01,FALSE POSITIVE,2.15045295,24.27
K06495.01,FALSE POSITIVE,0.561524348,0.43
K06610.01,CANDIDATE,315.07717192,
K06611.01,FALSE POSITIVE,1.21607873,1.92
K06612.01,FALSE POSITIVE,38.49536985,124.34
K06613.01,FALSE POSITIVE,4.18224416,1.07
K06614.01,FALSE POSITIVE,0.643002821,36.82
K06615.01,FALSE POSITIVE,1.95119541,0.47
K06616.01,FALSE POSITIVE,53.220416998,55.22
K06617.01,CANDIDATE,8.0018897,0.9
K06745.01,CANDIDATE,383.85362,2.78
K06746.01,CANDIDATE,2.564012541,7.27
K06747.01,FALSE POSITIVE,0.71538172,
K06748.01,FALSE POSITIVE,2.264471713,102.12
K06749.01,FALSE POSITIVE,18.3602239,2.04
K06750.01,CANDIDATE,5.21395046,1.24
K06751.01,CANDIDATE,24.996068,2.4
K06752.01,CANDIDATE,8.9429645,0.89
K06877.01,FALSE POSITIVE,281.509095,85.77
K06878.01,CANDIDATE,2.405625303,1.11
K06879.01,FALSE POSITIVE,3.258249472,79.23
K06880.01,FALSE POSITIVE,552.8295063,56.89
K06881.01,FALSE POSITIVE,0.773595312,0.96
K06882.01,CANDIDATE,0.7735301,1.87
K06883.01,FALSE POSITIVE,533.6593,1.92
K06884.01,CANDIDATE,2.42186898,
K06885.01,FALSE POSITIVE,44.827323809,429.0
K07008.01,FALSE POSITIVE,7.535894184,24.64
K07009.01,FALSE POSITIVE,0.562498925,2.88
K07010.01,FALSE POSITIVE,0.755049082,30.47
K07011.01,FALSE POSITIVE,1.012694226,42.51
K07012.01,FALSE POSITIVE,10.303356001,69.66
K07013.01,FALSE POSITIVE,2.214029545,94.23
K07014.01,FALSE POSITIVE,2.441988077,90.39
K07015.01,FALSE POSITIVE,2.44200193,0.95
K07016.01,CONFIRMED,384.847556,1.09
K07143.01,FALSE POSITIVE,2.131225773,35.68
K07144.01,CANDIDATE,0.839907158,0.92
K07145.01,FALSE POSITIVE,1.219736039,135.43
K07146.01,FALSE POSITIVE,2.015152464,132.05
K07147.01,FALSE POSITIVE,0.82820657,35.67
K07148.01,CANDIDATE,1.7613778,2.32
K07149.01,FALSE POSITIVE,2.537081943,67.96
K07150.01,FALSE POSITIVE,14.443127448,92.28
K07151.01,FALSE POSITIVE,5.61386908,34.24
K07274.01,FALSE POSITIVE,9.080194398,76.4
K07275.01,FALSE POSITIVE,9.93442075,34.03
K07276.01,FALSE POSITIVE,2.071939672,75.64
K07277.01,FALSE POSITIVE,8.5893644,1.21
K07278.01,FALSE POSITIVE,8.589644815,140.07
K07279.01,CANDIDATE,11.7728146,0.93
K07280.01,FALSE POSITIVE,1.009671584,125.31
K07281.01,CANDIDATE,2.46506501,1.14
K07282.01,CANDIDATE,1.758599866,1.6
K07410.01,FALSE POSITIVE,1.260575815,29.91
K07411.01,FALSE POSITIVE,1.88912273,0.59
K07412.01,FALSE POSITIVE,0.609125246,0.96
K00566.02,CANDIDATE,14.1573717,1.1
K07413.01,FALSE POSITIVE,1.566528935,49.66
K07414.01,FALSE POSITIVE,4.52977632,12.22
K07415.01,CANDIDATE,1.291964282,10.97
K07416.01,CANDIDATE,37.4646974,0.97
K04288.03,FALSE POSITIVE,4.32744048,0.58
K04298.02,FALSE POSITIVE,11.57958162,
K04301.02,CANDIDATE,6.31915999,1.04
K04383.02,CANDIDATE,2.58393841,0.77
K04417.02,FALSE POSITIVE,0.87630504,22.24
K04421.02,CANDIDATE,6.5595368,0.62
K00416.04,CANDIDATE,31.5322987,0.74
K04500.03,CANDIDATE,14.7510068,1.7
K06360.01,FALSE POSITIVE,15.582794732,14.0
K06361.01,FALSE POSITIVE,1.529283907,2.26
K06362.01,FALSE POSITIVE,2.908454772,40.85
K06363.01,FALSE POSITIVE,1.540396094,48.81
K06364.01,FALSE POSITIVE,1.540395674,117.33
K06365.01,FALSE POSITIVE,2.344138713,2.43
K06366.01,FALSE POSITIVE,0.91849333,0.93
K06367.01,FALSE POSITIVE,1.341078755,41.8
K07604.01,FALSE POSITIVE,316.950146,
K07605.01,FALSE POSITIVE,589.74851,2.03
K07606.01,FALSE POSITIVE,235.2976173,82.92
K07607.01,CANDIDATE,54.54312996,
K07608.01,FALSE POSITIVE,7.4539297,
K07609.01,FALSE POSITIVE,36.136968,1.3
K07610.01,FALSE POSITIVE,0.933746709,0.36
K07611.01,FALSE POSITIVE,0.93376738,0.63
K07612.01,FALSE POSITIVE,0.93374073,0.84
K07613.01,FALSE POSITIVE,0.93369659,0.78
K07614.01,FALSE POSITIVE,0.9337473,0.6
K07615.01,FALSE POSITIVE,677.35794,7.12
K07616.01,FALSE POSITIVE,4.0551242,3.13
K07617.01,CANDIDATE,12.9284553,0.64
K07618.01,FALSE POSITIVE,21.6817115,0.89
K07619.01,FALSE POSITIVE,466.08101,2.13
K07620.01,FALSE POSITIVE,0.66573903,
K03184.03,CANDIDATE,4.02018903,0.6
K03230.02,FALSE POSITIVE,3.796383639,0.71
K04422.02,FALSE POSITIVE,0.71059239,3.92
K04524.03,CANDIDATE,3.33930957,1.2
K04676.02,FALSE POSITIVE,3.36379289,44.77
K04782.02,CANDIDATE,4.29251656,3.66
K04957.02,CANDIDATE,4.98792404,0.73
K05270.02,FALSE POSITIVE,0.907818056,0.55
K05397.02,FALSE POSITIVE,297.71402,45.69
K05447.02,CONFIRMED,3.87594316,0.68
K05475.02,CANDIDATE,5.68325648,0.97
K05801.02,FALSE POSITIVE,0.93373761,1.0
K05900.02,FALSE POSITIVE,0.687739345,1.53
K06117.01,FALSE POSITIVE,9.524076544,151.0
K06140.01,FALSE POSITIVE,11.637858887,77.01
K06143.02,FALSE POSITIVE,50.900813,
K06447.02,CANDIDATE,91.649983,2.27
K06464.03,CANDIDATE,541.742985,3.39
K01636.02,FALSE POSITIVE,14.5862195,1.17
K06541.02,FALSE POSITIVE,0.938074536,417.01
K06751.02,FALSE POSITIVE,0.698359996,28.97
K07542.01,FALSE POSITIVE,563.94854,2.55
K07543.01,FALSE POSITIVE,0.98376204,12.44
K07544.01,FALSE POSITIVE,2.403704619,27.04
K07545.01,FALSE POSITIVE,33.65766894,78.44
K07546.01,CANDIDATE,44.113873,4.9
K07547.01,FALSE POSITIVE,0.892988877,2.94
K07548.01,FALSE POSITIVE,0.705816203,15.33
K07549.01,FALSE POSITIVE,374.51648,73.1
K01829.02,FALSE POSITIVE,10.3482112,1.29
K07550.01,FALSE POSITIVE,1.7609276,1.53
K07551.01,FALSE POSITIVE,321.24194284,
K07552.01,FALSE POSITIVE,1.463148937,15.82
K07553.01,FALSE POSITIVE,374.514471,139.55
K07554.01,CANDIDATE,482.62011,1.98
K07555.01,FALSE POSITIVE,1.525924746,8.86
K07556.01,FALSE POSITIVE,1.25383162,0.47
K07557.01,FALSE POSITIVE,12.82252496,20.12
K07558.01,CANDIDATE,10.1551587,0.94
K07559.01,CANDIDATE,0.708965461,1.13
K07560.01,FALSE POSITIVE,0.648772102,2.6
K07561.01,FALSE POSITIVE,0.96391996,
K07562.01,CANDIDATE,11.76872507,
K07563.01,FALSE POSITIVE,0.93705132,6.09
K07564.01,FALSE POSITIVE,451.86579,1.85
K07565.01,FALSE POSITIVE,491.52571,1.43
K07566.01,FALSE POSITIVE,411.54039644,
K07567.01,CANDIDATE,608.20572,1.46
K07568.01,FALSE POSITIVE,480.03759,1.14
K07569.01,FALSE POSITIVE,0.87985197,
K02369.03,CANDIDATE,7.2274321,1.28
K07570.01,FALSE POSITIVE,0.592618966,0.86
K07571.01,FALSE POSITIVE,0.532854237,1.21
K07572.01,CANDIDATE,91.069934,1.59
K07573.01,FALSE POSITIVE,0.566802672,1.08
K07574.01,FALSE POSITIVE,0.566796331,1.5
K07575.01,FALSE POSITIVE,0.566785459,0.84
K07576.01,FALSE POSITIVE,0.566792936,0.79
K07577.01,FALSE POSITIVE,0.5668004,0.88
K07578.01,FALSE POSITIVE,0.566793614,21.63
K07579.01,FALSE POSITIVE,0.566798676,0.68
K07580.01,FALSE POSITIVE,0.5667638,0.75
K07581.01,FALSE POSITIVE,38.51077573,18.68
K07582.01,FALSE POSITIVE,4.23965309,
K07583.01,FALSE POSITIVE,0.577910513,1.1
K07584.01,FALSE POSITIVE,0.566807725,0.94
K07585.01,FALSE POSITIVE,0.566807422,1.13
K07586.01,FALSE POSITIVE,1.345078434,12.16
K07587.01,CANDIDATE,366.088938,2.57
K07588.01,FALSE POSITIVE,439.1076969,24.7
K07589.01,CANDIDATE,414.45008,7.01
K02859.05,CANDIDATE,5.43103616,0.66
K07590.01,FALSE POSITIVE,0.594003994,1.55
K07591.01,CANDIDATE,328.32211,1.3
K07592.01,CANDIDATE,381.97977,1.55
K07593.01,CANDIDATE,67.412998,1.57
K07594.01,FALSE POSITIVE,2.08802799,1.93
K07595.01,FALSE POSITIVE,10.4212788,36.9
K07596.01,CANDIDATE,359.8249913,
K07597.01,FALSE POSITIVE,0.778705577,59.33
K07598.01,FALSE POSITIVE,4.44709107,0.96
K07599.01,FALSE POSITIVE,293.70696,6140.44
K02459.01,FALSE POSITIVE,27.795762425,81.48
K02937.01,FALSE POSITIVE,20.733748565,69.8
K02938.01,FALSE POSITIVE,24.238241803,102.31
K02939.01,FALSE POSITIVE,11.258825027,87.18
K03152.01,FALSE POSITIVE,28.162612575,23.52
K03153.01,FALSE POSITIVE,75.378956896,58.76
K00371.02,FALSE POSITIVE,9.0584662,2.46
K07600.01,FALSE POSITIVE,3.9169155,
K07601.01,FALSE POSITIVE,342.55315723,830.99
K07602.01,FALSE POSITIVE,362.747593,2.51
K07603.01,FALSE POSITIVE,0.536650344,1.57
K07903.01,CANDIDATE,0.694611128,0.64
K07905.01,CANDIDATE,7.4751841,0.85
K07911.01,FALSE POSITIVE,328.0485,2.22
K07914.01,FALSE POSITIVE,1.72128752,0.65
K07916.01,FALSE POSITIVE,0.784294574,87.26
K07909.01,FALSE POSITIVE,361.51099,6.85
K07917.01,FALSE POSITIVE,1.41435861,0.74
K07906.01,FALSE POSITIVE,0.616343903,1.72
K07920.01,CANDIDATE,1.04347858,1.09
K07921.01,FALSE POSITIVE,364.33929,4.4
K07907.01,FALSE POSITIVE,352.710091,3.75
K07900.01,FALSE POSITIVE,33.8938177,1.22
K07912.01,FALSE POSITIVE,224.591055,2.17
K07904.01,FALSE POSITIVE,374.93999098,4.67
K07913.01,CONFIRMED,24.2783801,2.03
K07915.01,CANDIDATE,382.5891,2.15
K07910.01,FALSE POSITIVE,11.9283194,0.98
K07902.01,FALSE POSITIVE,0.603351522,3.91
K07919.01,FALSE POSITIVE,31.97280045,5.88
K07899.01,FALSE POSITIVE,8.39140024,1.1
K07908.01,FALSE POSITIVE,0.532493086,1.87
K07922.01,FALSE POSITIVE,0.812678859,0.83
K08199.01,FALSE POSITIVE,183.836254,51.64
K08200.01,FALSE POSITIVE,5.959695593,1.13
K08201.01,CANDIDATE,392.601892,2.25
K08202.01,FALSE POSITIVE,452.65206,2.41
K08203.01,FALSE POSITIVE,234.66319186,1.68
K08204.01,FALSE POSITIVE,351.204993,3.57
K08205.01,CANDIDATE,260.446151,25.39
K07990.01,CANDIDATE,87.487573,1.87
K07991.01,CANDIDATE,11.9451376,3.32
K07992.01,CANDIDATE,277.13367,1.84
K07993.01,FALSE POSITIVE,3.381607,117.25
K07994.01,FALSE POSITIVE,0.660655454,16.81
K07995.01,FALSE POSITIVE,145.750554,15.34
K07996.01,FALSE POSITIVE,2.17813954,1.0
K08097.01,FALSE POSITIVE,384.09781,1.63
K08098.01,FALSE POSITIVE,0.505322676,46.59
K08099.01,FALSE POSITIVE,333.71634048,3.53
K08100.01,FALSE POSITIVE,322.50741,2.11
K08101.01,FALSE POSITIVE,373.8716,2.19
K08102.01,FALSE POSITIVE,171.046664,32.31
K08103.01,FALSE POSITIVE,0.799868354,34.7
K08206.01,FALSE POSITIVE,345.7671,2.5
K08207.01,FALSE POSITIVE,350.34114,2.5
K08208.01,FALSE POSITIVE,363.97165,40.48
K08208.02,FALSE POSITIVE,395.23753,3.17
K08209.01,FALSE POSITIVE,385.97241,1.72
K08210.01,FALSE POSITIVE,89.667675,78.77
K08211.01,CANDIDATE,5.0487451,0.67
K07997.01,FALSE POSITIVE,321.02094,1.96
K07998.01,CANDIDATE,122.11555,2.96
K07999.01,FALSE POSITIVE,1.213742728,1.18
K08000.01,CANDIDATE,225.48805,1.7
K08002.01,FALSE POSITIVE,366.74866,2.35
K08003.01,FALSE POSITIVE,0.93374894,0.18
K08004.01,FALSE POSITIVE,0.734548624,0.84
K08104.01,FALSE POSITIVE,317.99484,2.22
K08105.01,FALSE POSITIVE,432.96732,1.64
K08106.01,FALSE POSITIVE,614.39054,2.43
K08107.01,CANDIDATE,578.88761,1.69
K08108.01,FALSE POSITIVE,238.561202,5.75
K08109.01,CANDIDATE,218.771117,250.2
K08110.01,FALSE POSITIVE,375.17737,3.64
K08212.01,FALSE POSITIVE,334.87402,47.48
K08213.01,FALSE POSITIVE,370.2402,29.24
K08214.01,FALSE POSITIVE,1.6749812,79.51
K08215.01,FALSE POSITIVE,288.678554,0.96
K08216.01,FALSE POSITIVE,307.94735718,76.66
K08217.01,CANDIDATE,277.25118,5.02
K08218.01,FALSE POSITIVE,264.63654,42.55
K08005.01,FALSE POSITIVE,375.408923,4.48
K08006.01,FALSE POSITIVE,2.17812769,0.78
K08007.01,CANDIDATE,67.176626864,9.66
K08008.01,FALSE POSITIVE,0.93378068,0.63
K08009.01,FALSE POSITIVE,0.93373895,0.64
K08010.01,FALSE POSITIVE,0.93373718,0.48
K08011.01,CANDIDATE,0.93420696,
K08111.01,CANDIDATE,359.33831,2.33
K08112.01,FALSE POSITIVE,213.201978,1.91
K08113.01,FALSE POSITIVE,77.773042,15.03
K08114.01,FALSE POSITIVE,381.782641,55.75
K08115.01,FALSE POSITIVE,354.7897,0.47
K08116.01,FALSE POSITIVE,235.544698,2.13
K08117.01,CANDIDATE,0.933745798,3.45
K08219.01,FALSE POSITIVE,115.28415,2.05
K08220.01,FALSE POSITIVE,423.73074,2.48
K08221.01,CANDIDATE,293.38641,1.35
K08222.01,FALSE POSITIVE,677.56282,2.24
K08223.01,CANDIDATE,66.716453,2.2
K08224.01,FALSE POSITIVE,371.21205,2.55
K08225.01,FALSE POSITIVE,190.783023,71.66
K08012.01,CANDIDATE,34.573718512,0.42
K08013.01,FALSE POSITIVE,0.85581563,
K08014.01,FALSE POSITIVE,0.9337491,0.79
K08015.01,FALSE POSITIVE,0.93374417,0.64
K08016.01,FALSE POSITIVE,0.93374635,0.63
K08017.01,FALSE POSITIVE,0.9337465,0.63
K08018.01,FALSE POSITIVE,0.93371631,0.7
K08118.01,FALSE POSITIVE,260.02265,3.13
K08119.01,FALSE POSITIVE,443.66,33.2
K08120.01,FALSE POSITIVE,366.28999,68.39
K08121.01,FALSE POSITIVE,72.6549842,34.52
K08122.01,CANDIDATE,54.753883835,2.21
K08123.01,FALSE POSITIVE,379.42818,1.89
K08124.01,FALSE POSITIVE,103.039788,2.05
K08226.01,FALSE POSITIVE,371.90464,2.88
K08227.01,FALSE POSITIVE,362.85801,1.9
K08228.01,FALSE POSITIVE,384.558321,14.33
K08229.01,FALSE POSITIVE,397.72733,1.48
K08230.01,FALSE POSITIVE,504.88419,25.19
K08231.01,FALSE POSITIVE,384.92275,1.64
K08232.01,CANDIDATE,189.183958,3.31
K08019.01,FALSE POSITIVE,0.93376131,0.61
K08020.01,FALSE POSITIVE,0.93377253,0.43
K08021.01,FALSE POSITIVE,0.93376021,0.4
K08022.01,FALSE POSITIVE,0.93372008,0.41
K08023.01,FALSE POSITIVE,0.93373591,0.57
K08024.01,FALSE POSITIVE,0.93374911,0.66
K08025.01,FALSE POSITIVE,0.93372261,0.59
K08125.01,FALSE POSITIVE,312.61007,2.01
K08126.01,FALSE POSITIVE,429.60143,2.74
K08127.01,FALSE POSITIVE,499.88159,2.61
K08128.01,FALSE POSITIVE,197.37704,84.37
K08129.01,FALSE POSITIVE,1.65746034,0.54
K08130.01,FALSE POSITIVE,0.566799395,1.65
K08131.01,FALSE POSITIVE,203.8406,2.41
K08233.01,FALSE POSITIVE,14.395425,0.85
K08234.01,FALSE POSITIVE,231.157554,37.37
K08235.01,FALSE POSITIVE,495.06538,2.0
K08236.01,FALSE POSITIVE,595.78152,1.18
K08237.01,FALSE POSITIVE,365.709623,26.93
K08238.01,CANDIDATE,495.662346,2.73
K08239.01,FALSE POSITIVE,655.25732,1.56
K08026.01,CANDIDATE,7.7529342,0.93
K08027.01,FALSE POSITIVE,0.573762943,0.39
K08028.01,FALSE POSITIVE,1.072934147,81.42
K08029.01,FALSE POSITIVE,2.61854596,1.18
K08030.01,FALSE POSITIVE,13.667809025,0.91
K08031.01,CANDIDATE,254.336707,13.97
K08032.01,FALSE POSITIVE,1.105123883,0.83
K08132.01,FALSE POSITIVE,381.85852,8.3
K08133.01,FALSE POSITIVE,455.77076435,5.34
K08134.01,FALSE POSITIVE,212.760495,2.8
K08135.01,FALSE POSITIVE,73.836858,25.09
K08136.01,FALSE POSITIVE,160.243128,15.72
K08137.01,FALSE POSITIVE,402.41511,2.52
K08138.01,FALSE POSITIVE,369.28177,34.25
K08240.01,FALSE POSITIVE,462.463589,8.92
K08241.01,CANDIDATE,490.63941,7.67
K08242.01,CANDIDATE,331.55459,1.36
K08243.01,FALSE POSITIVE,0.939375593,52.18
K08244.01,FALSE POSITIVE,31.1911468,9.36
K08245.01,FALSE POSITIVE,30.9587224,2.34
K08246.01,CANDIDATE,425.64971,1.58
K07923.01,CANDIDATE,395.13138,0.97
K07924.01,CANDIDATE,0.770658979,0.68
K07925.01,CANDIDATE,4.6318914,0.64
K08033.01,CANDIDATE,362.13187,2.23
K08034.01,FALSE POSITIVE,9.1447861,1.63
K08035.01,CANDIDATE,29.4856392,1.46
K08036.01,FALSE POSITIVE,0.786483923,21.66
K08037.01,CANDIDATE,3.65034525,0.72
K08038.01,FALSE POSITIVE,0.9438885,1.45
K08039.01,CANDIDATE,43.9438891,1.12
K08139.01,FALSE POSITIVE,40.244826,115.94
K08140.01,FALSE POSITIVE,135.428746,1.83
K08141.01,FALSE POSITIVE,380.03903,2.36
K08142.01,FALSE POSITIVE,380.294204,2.27
K08143.01,FALSE POSITIVE,373.74691,2.65
K08144.01,FALSE POSITIVE,315.81065,1.82
K08145.01,FALSE POSITIVE,16.9341628,1.71
K08247.01,FALSE POSITIVE,527.68601,2.0
K08248.01,FALSE POSITIVE,267.911652,2.38
K08249.01,CANDIDATE,309.191789,1.96
K08250.01,FALSE POSITIVE,99.299502,5.4
K08251.01,FALSE POSITIVE,371.47786,1.2
K08252.01,FALSE POSITIVE,1.99638423,0.59
K08253.01,CANDIDATE,400.11482,0.95
K07926.01,FALSE POSITIVE,29.3657204,51.33
K07927.01,FALSE POSITIVE,1.035329922,105.66
K07928.01,CANDIDATE,1.12625975,
K07929.01,FALSE POSITIVE,3.04463691,0.68
K07930.01,CANDIDATE,377.67241,1.37
K07931.01,CANDIDATE,242.0367,2.11
K07932.01,CANDIDATE,502.25648,1.03
K08041.01,FALSE POSITIVE,7.508818,1.02
K08042.01,FALSE POSITIVE,383.937324,7.9
K08043.01,CANDIDATE,10.7781558,1.24
K08044.01,FALSE POSITIVE,0.619618218,3.34
K08045.01,FALSE POSITIVE,4.17363793,2.52
K08046.01,CANDIDATE,384.37706,50.93
K08047.01,CANDIDATE,302.34971,1.98
K08145.02,FALSE POSITIVE,244.58323,2.33
K08146.01,FALSE POSITIVE,185.83013,1.01
K08147.01,FALSE POSITIVE,363.346158,22.36
K08148.01,FALSE POSITIVE,303.91225,1.97
K08149.01,FALSE POSITIVE,536.52197,3.0
K08150.01,FALSE POSITIVE,350.514,2.22
K08151.01,FALSE POSITIVE,431.51734,10.28
K08254.01,FALSE POSITIVE,0.638697833,162.15
K08255.01,FALSE POSITIVE,539.214259,2.04
K08256.01,FALSE POSITIVE,343.56446,1.8
K08257.01,CANDIDATE,9.4609418,0.54
K08258.01,FALSE POSITIVE,54.432903,1.41
K08259.01,CANDIDATE,402.27493,1.73
K08260.01,FALSE POSITIVE,235.20613,1.71
K07933.01,FALSE POSITIVE,20.004714,0.89
K07934.01,CANDIDATE,22.6432436,2.12
K07935.01,FALSE POSITIVE,350.65158,1.31
K07937.01,FALSE POSITIVE,4.18587282,0.89
K07938.01,CANDIDATE,275.5603,2.33
K07939.01,FALSE POSITIVE,2.178142613,1.22
K07940.01,CANDIDATE,188.881049,1.86
K08048.01,CANDIDATE,379.67276,1.33
K08049.01,FALSE POSITIVE,391.420272,1.61
K08050.01,CANDIDATE,278.38935,6.81
K08051.01,FALSE POSITIVE,185.243906,2.38
K08052.01,CANDIDATE,7.8687123,1.73
K08053.01,CANDIDATE,9.9105786,1.19
K08054.01,CANDIDATE,43.9088053,7.33
K08152.01,FALSE POSITIVE,261.684363,1.46
K08153.01,FALSE POSITIVE,0.808106001,39.59
K08154.01,FALSE POSITIVE,391.33068,1.68
K08155.01,FALSE POSITIVE,320.56794551,2.43
K08156.01,CANDIDATE,364.98242,3.12
K08157.01,CANDIDATE,0.58730021,
K08158.01,FALSE POSITIVE,116.025744,37.99
K08261.01,FALSE POSITIVE,85.9770426,1.46
K08262.01,FALSE POSITIVE,370.94353,27.77
K08263.01,CANDIDATE,280.55544,2.17
K08264.01,FALSE POSITIVE,30.6261927,1.55
K08265.01,FALSE POSITIVE,364.42189,36.37
K08266.01,FALSE POSITIVE,440.584562,1.67
K08267.01,FALSE POSITIVE,269.331027,2.54
K07942.01,FALSE POSITIVE,25.3428696,1.85
K07943.01,FALSE POSITIVE,0.66234265,5.13
K07944.01,FALSE POSITIVE,0.536654028,0.67
K07945.01,FALSE POSITIVE,1.08908149,0.69
K07946.01,FALSE POSITIVE,77.97621155,
K07947.01,FALSE POSITIVE,0.609668222,1.35
K07948.01,FALSE POSITIVE,3.55650403,0.56
K08055.01,CANDIDATE,4.40660737,0.86
K08056.01,FALSE POSITIVE,0.527673051,1.43
K08057.01,FALSE POSITIVE,117.140785,15.87
K08058.01,FALSE POSITIVE,0.590281548,0.68
K08059.01,FALSE POSITIVE,4.5647147,1.04
K08060.01,FALSE POSITIVE,372.086704,38.4
K08060.02,FALSE POSITIVE,363.448167,37.03
K08159.01,FALSE POSITIVE,348.68162,2.09
K08159.02,CANDIDATE,353.01861,2.25
K08160.01,FALSE POSITIVE,345.128277,1.94
K08161.01,FALSE POSITIVE,370.38642,2.12
K08162.01,FALSE POSITIVE,267.970682,1.7
K08163.01,CANDIDATE,370.98253,119.96
K08164.01,FALSE POSITIVE,417.829033,2.19
K08268.01,FALSE POSITIVE,368.5224,26.7
K08269.01,FALSE POSITIVE,371.4589776,2.22
K08270.01,CANDIDATE,338.00692,2.09
K08271.01,FALSE POSITIVE,34.9989085,1.65
K08272.01,CANDIDATE,432.42787,1.14
K08273.01,FALSE POSITIVE,386.78734,2.34
K08274.01,FALSE POSITIVE,449.557346,55.33
K07949.01,CANDIDATE,1.001916708,0.62
K07950.01,FALSE POSITIVE,2.21568076,0.57
K07951.01,CANDIDATE,0.862329309,1.09
K07952.01,FALSE POSITIVE,3.850304552,0.28
K07953.01,CANDIDATE,432.96905,1.43
K07954.01,CANDIDATE,372.15035,1.74
K07955.01,FALSE POSITIVE,1.07383154,137.54
K08061.01,FALSE POSITIVE,0.719741,0.57
K08063.01,CANDIDATE,405.35457,2.11
K08064.01,FALSE POSITIVE,1.47623061,0.71
K08065.01,FALSE POSITIVE,0.520227316,50.41
K08066.01,FALSE POSITIVE,36.3192885,25.43
K08067.01,FALSE POSITIVE,1.901655058,89.89
K08068.01,CANDIDATE,9.4640413,1.28
K08165.01,FALSE POSITIVE,331.92622,2.25
K08166.01,FALSE POSITIVE,346.31688,5.21
K08166.02,FALSE POSITIVE,365.61087,4.42
K08167.01,FALSE POSITIVE,259.85736,1.33
K08168.01,FALSE POSITIVE,5.29731736,1.13
K08169.01,FALSE POSITIVE,447.97028,2.0
K08170.01,FALSE POSITIVE,374.80095,1.53
K08275.01,CANDIDATE,389.875816,3.76
K08276.01,CANDIDATE,385.858683,3.23
K08277.01,CANDIDATE,0.757261281,0.58
K08278.01,FALSE POSITIVE,172.280975,1.6
K08279.01,CANDIDATE,367.0896,35.3
K08280.01,CANDIDATE,66.67305,2.64
K08281.01,FALSE POSITIVE,244.547128,1.74
K07956.01,FALSE POSITIVE,1.27228771,0.63
K07957.01,FALSE POSITIVE,1.886002102,0.65
K07958.01,FALSE POSITIVE,386.35444,1.43
K07959.01,FALSE POSITIVE,371.21454,28.21
K07960.01,FALSE POSITIVE,365.5435,3.04
K07961.01,FALSE POSITIVE,7.02932339,0.92
K07962.01,FALSE POSITIVE,19.229478,1.97
K08069.01,FALSE POSITIVE,38.35312,5.57
K08070.01,FALSE POSITIVE,114.661733,1.38
K08071.01,FALSE POSITIVE,313.19875,1.95
K08072.01,FALSE POSITIVE,134.370692,1.95
K08073.01,FALSE POSITIVE,2.52123022,9.68
K08074.01,FALSE POSITIVE,47.4314857,8.83
K08075.01,FALSE POSITIVE,6.0962602,0.62
K08171.01,FALSE POSITIVE,472.6038,2.28
K08172.01,FALSE POSITIVE,371.51852,2.28
K08173.01,FALSE POSITIVE,323.66542,1.58
K08174.01,CANDIDATE,295.06066,0.64
K08175.01,FALSE POSITIVE,367.01607,2.46
K08176.01,FALSE POSITIVE,568.08251,2.14
K08177.01,FALSE POSITIVE,3.0447752,0.68
K08282.01,FALSE POSITIVE,456.55308,1.48
K08283.01,FALSE POSITIVE,209.941369,14.36
K08284.01,FALSE POSITIVE,49.763624,2.43
K08285.01,FALSE POSITIVE,320.347208,1.58
K08286.01,CANDIDATE,191.03728,3.54
K08287.01,FALSE POSITIVE,358.74318,2.25
K08288.01,FALSE POSITIVE,0.660663034,1.32
K07963.01,FALSE POSITIVE,14.3400358,0.68
K07964.01,FALSE POSITIVE,0.505079006,86.41
K07965.01,FALSE POSITIVE,7.19680984,1.2
K07966.01,FALSE POSITIVE,1.33257715,0.44
K07967.01,FALSE POSITIVE,1.33254428,0.93
K07968.01,FALSE POSITIVE,424.623345,8.13
K07969.01,FALSE POSITIVE,1.456383399,52.87
K08076.01,CANDIDATE,71.10684,1.42
K08077.01,CANDIDATE,77.177672,1.29
K08078.01,CANDIDATE,0.805941833,29.85
K08079.01,FALSE POSITIVE,0.608074963,1.15
K08080.01,FALSE POSITIVE,0.559643825,27.21
K08081.01,FALSE POSITIVE,0.502446098,0.43
K08082.01,CANDIDATE,8.2766028,2.48
K08178.01,FALSE POSITIVE,256.45616,9.44
K08179.01,FALSE POSITIVE,138.62902498,
K08180.01,CANDIDATE,185.97534,2.76
K08181.01,FALSE POSITIVE,388.519605,2.3
K08182.01,FALSE POSITIVE,60.049737,28.92
K08183.01,CANDIDATE,5.8877038,0.6
K08184.01,FALSE POSITIVE,237.26601,1.23
K08289.01,FALSE POSITIVE,0.93371211,0.75
K08290.01,FALSE POSITIVE,461.13781,1.26
K08291.01,FALSE POSITIVE,0.93376089,0.57
K08292.01,FALSE POSITIVE,367.761848,20.06
K08293.01,FALSE POSITIVE,378.65484,1.53
K08294.01,FALSE POSITIVE,384.356448,3.03
K08295.01,FALSE POSITIVE,1.75647084,0.69
K07970.01,CANDIDATE,1.98514635,1.28
K07971.01,FALSE POSITIVE,1.33259003,0.69
K07972.01,FALSE POSITIVE,1.33254024,0.59
K07973.01,CANDIDATE,1.33199285,
K07974.01,FALSE POSITIVE,1.33255492,0.92
K07975.01,FALSE POSITIVE,1.33259095,1.14
K07976.01,CANDIDATE,5.82561701,1.21
K08083.01,FALSE POSITIVE,234.524445,2.33
K08084.01,FALSE POSITIVE,317.74527,2.1
K08085.01,CANDIDATE,419.2615,1.7
K08086.01,FALSE POSITIVE,18.384953,1.36
K08087.01,FALSE POSITIVE,1.085965104,29.66
K08088.01,FALSE POSITIVE,308.185801,2.12
K08089.01,CANDIDATE,141.400279,41.55
K08185.01,FALSE POSITIVE,398.71694,21.25
K08186.01,FALSE POSITIVE,241.8591,2.81
K08187.01,FALSE POSITIVE,353.04037,1.04
K08188.01,FALSE POSITIVE,522.33888,5.65
K08189.01,FALSE POSITIVE,473.56314,5.39
K08190.01,FALSE POSITIVE,1.332565736,33.69
K08191.01,FALSE POSITIVE,385.39743,1.59
K08296.01,FALSE POSITIVE,272.54288087,2.35
K08297.01,CANDIDATE,229.957537,43.78
K07977.01,FALSE POSITIVE,0.9439372,88.91
K07978.01,CANDIDATE,7.2681817,1.66
K07979.01,FALSE POSITIVE,1.075158342,20.09
K07980.01,FALSE POSITIVE,1.33255801,0.62
K07981.01,FALSE POSITIVE,1.33250451,0.62
K07982.01,CANDIDATE,376.37989,3.26
K07983.01,FALSE POSITIVE,453.64875,2.18
K08090.01,FALSE POSITIVE,0.594274521,8.7
K08091.01,FALSE POSITIVE,239.179477,18.27
K08092.01,FALSE POSITIVE,405.65377,2.03
K08093.01,FALSE POSITIVE,73.992267,2.86
K08094.01,FALSE POSITIVE,361.901618,0.95
K08095.01,FALSE POSITIVE,508.04103,1.89
K08096.01,FALSE POSITIVE,309.933134,1.8
K08192.01,FALSE POSITIVE,266.977677,7.86
K08193.01,CANDIDATE,367.947848,3.72
K08194.01,FALSE POSITIVE,236.25776888,2.69
K08195.01,FALSE POSITIVE,330.80879,2.13
K08196.01,FALSE POSITIVE,522.64613,0.8
K08197.01,FALSE POSITIVE,392.94247,1.6
K08198.01,FALSE POSITIVE,373.89398,2.51
K07984.01,FALSE POSITIVE,8.5898708,1.11
K07985.01,FALSE POSITIVE,0.527698548,29.35
K07986.01,CANDIDATE,1.73984941,0.72
K07987.01,FALSE POSITIVE,0.681401611,1.07
K07988.01,CANDIDATE,333.486169,19.3
K07989.01,FALSE POSITIVE,4.85603482,1.05
